event_id,date,group,region,dem_scenario,capacity_factor,gap_policy,capacity_m3,pre_storage_m3,peak_storage_m3,peak_rise_m3,pre_fullness_pct,peak_fullness_pct,peak_fullness_rise_pp,hours_to_peak,half_recession_hours,half_recession_censored,max_rise_m3_per_hour,post_rain_m3,post_excess_m3,post_drainage_m3,post_aet_m3,post_max_at_capacity_area_pct
past_year_daily_20260303,2026-03-03,past_year_daily,AEG?,baseline,0.25,daily,567.9672726673191,177.7818636468853,567.9672726673152,390.1854090204299,31.301427424150052,99.99999999999933,68.69857257584928,24.0,144.0,False,16.257501143043356,824.6,211.71572463894984,28.351558315617947,411.6179406310902,100.0
past_year_daily_20260303,2026-03-03,past_year_daily,AEG?,baseline,0.5,daily,1135.9345453346382,314.49310352399493,939.6568656761881,625.1637621521932,27.685847288969235,82.72103965280604,55.035192363836806,24.0,,True,17.858540635875794,824.6,0.0,45.43406204370851,354.0919528536496,0.0
past_year_daily_20260303,2026-03-03,past_year_daily,AEG?,baseline,1.0,daily,2271.8690906692764,517.404930625874,1165.3680638015126,647.9631331756385,22.774416569638273,51.29556401765225,28.521147448013974,24.0,,True,17.999210869758898,824.6,0.0,58.52940384834311,228.66232495776762,0.0
past_year_daily_20260303,2026-03-03,past_year_daily,AEG?,moderate_1m,0.25,daily,567.9672726673191,177.7818636468853,567.9672726673152,390.1854090204299,31.301427424150052,99.99999999999933,68.69857257584928,24.0,144.0,False,16.257501143043356,824.6,211.71572463894984,28.351558315617947,411.6179406310902,100.0
past_year_daily_20260303,2026-03-03,past_year_daily,AEG?,moderate_1m,0.5,daily,1135.9345453346382,314.49310352399493,939.6568656761881,625.1637621521932,27.685847288969235,82.72103965280604,55.035192363836806,24.0,,True,17.858540635875794,824.6,0.0,45.43406204370851,354.0919528536496,0.0
past_year_daily_20260303,2026-03-03,past_year_daily,AEG?,moderate_1m,1.0,daily,2271.8690906692764,517.404930625874,1165.3680638015126,647.9631331756385,22.774416569638273,51.29556401765225,28.521147448013974,24.0,,True,17.999210869758898,824.6,0.0,58.52940384834311,228.66232495776762,0.0
past_year_daily_20260303,2026-03-03,past_year_daily,AEG?,strong_4m,0.25,daily,567.9672726673191,177.7818636468853,567.9672726673152,390.1854090204299,31.301427424150052,99.99999999999933,68.69857257584928,24.0,144.0,False,16.257501143043356,824.6,211.71572463894984,28.351558315617947,411.6179406310902,100.0
past_year_daily_20260303,2026-03-03,past_year_daily,AEG?,strong_4m,0.5,daily,1135.9345453346382,314.49310352399493,939.6568656761881,625.1637621521932,27.685847288969235,82.72103965280604,55.035192363836806,24.0,,True,17.858540635875794,824.6,0.0,45.43406204370851,354.0919528536496,0.0
past_year_daily_20260303,2026-03-03,past_year_daily,AEG?,strong_4m,1.0,daily,2271.8690906692764,517.404930625874,1165.3680638015126,647.9631331756385,22.774416569638273,51.29556401765225,28.521147448013974,24.0,,True,17.999210869758898,824.6,0.0,58.52940384834311,228.66232495776762,0.0
past_year_daily_20260303,2026-03-03,past_year_daily,AOG,baseline,0.25,daily,582.621915879431,183.3962472241818,582.6219158794307,399.2256686552489,31.47774606922514,99.99999999999996,68.52225393077481,0.0,168.0,False,16.634402860635372,872.8125,237.48714312344381,29.15707014993401,434.77666576131844,100.0
past_year_daily_20260303,2026-03-03,past_year_daily,AOG,baseline,0.5,daily,1165.243831758862,324.91548124118356,985.1529074840241,660.2374262428406,27.883904843396095,84.54478630425344,56.66088146085734,24.0,,True,18.892853544423488,872.8125,0.0,47.521547317009194,381.92593251060845,0.0
past_year_daily_20260303,2026-03-03,past_year_daily,AOG,baseline,1.0,daily,2330.487663517724,535.892317241866,1220.9967943845832,685.1044771427172,22.994857498321633,52.39233030487558,29.397472806553946,24.0,,True,19.047779287431506,872.8125,0.0,61.25019647210459,246.8146850915843,0.0
past_year_daily_20260303,2026-03-03,past_year_daily,AOG,moderate_1m,0.25,daily,582.621915879431,183.3962472241818,582.6219158794307,399.2256686552489,31.47774606922514,99.99999999999996,68.52225393077481,0.0,168.0,False,16.634402860635372,872.8125,237.48714312344381,29.15707014993401,434.77666576131844,100.0
past_year_daily_20260303,2026-03-03,past_year_daily,AOG,moderate_1m,0.5,daily,1165.243831758862,324.91548124118356,985.1529074840241,660.2374262428406,27.883904843396095,84.54478630425344,56.66088146085734,24.0,,True,18.892853544423488,872.8125,0.0,47.521547317009194,381.92593251060845,0.0
past_year_daily_20260303,2026-03-03,past_year_daily,AOG,moderate_1m,1.0,daily,2330.487663517724,535.892317241866,1220.9967943845832,685.1044771427172,22.994857498321633,52.39233030487558,29.397472806553946,24.0,,True,19.047779287431506,872.8125,0.0,61.25019647210459,246.8146850915843,0.0
past_year_daily_20260303,2026-03-03,past_year_daily,AOG,strong_4m,0.25,daily,582.621915879431,183.3962472241818,582.6219158794307,399.2256686552489,31.47774606922514,99.99999999999996,68.52225393077481,0.0,168.0,False,16.634402860635372,872.8125,237.48714312344381,29.15707014993401,434.77666576131844,100.0
past_year_daily_20260303,2026-03-03,past_year_daily,AOG,strong_4m,0.5,daily,1165.243831758862,324.91548124118356,985.1529074840241,660.2374262428406,27.883904843396095,84.54478630425344,56.66088146085734,24.0,,True,18.892853544423488,872.8125,0.0,47.521547317009194,381.92593251060845,0.0
past_year_daily_20260303,2026-03-03,past_year_daily,AOG,strong_4m,1.0,daily,2330.487663517724,535.892317241866,1220.9967943845832,685.1044771427172,22.994857498321633,52.39233030487558,29.397472806553946,24.0,,True,19.047779287431506,872.8125,0.0,61.25019647210459,246.8146850915843,0.0
past_year_daily_20260303,2026-03-03,past_year_daily,All gullies (union),baseline,0.25,daily,1699.7133141069512,533.0893650019676,1699.713314106919,1166.6239491049514,31.36348704087541,99.99999999999811,68.6365129591227,24.0,144.0,False,48.609106979898435,2495.4125,654.4701904184932,84.92152786119478,1244.7162981443525,100.0
past_year_daily_20260303,2026-03-03,past_year_daily,All gullies (union),baseline,0.5,daily,3399.4266282139024,943.555330876909,2833.9276732791,1890.372342402191,27.756308168141395,83.36487246874565,55.60856430060425,24.0,,True,54.03368732124657,2495.4125,0.0,136.91067215043148,1078.8303099873535,0.0
past_year_daily_20260303,2026-03-03,past_year_daily,All gullies (union),baseline,1.0,daily,6798.853256427805,1553.6979235248327,3513.8148015987304,1960.1168780738976,22.852352667796264,51.68246274879786,28.830110081001596,24.0,,True,54.46554134855317,2495.4125,0.0,176.40310192504342,696.8522303545242,0.0
past_year_daily_20260303,2026-03-03,past_year_daily,All gullies (union),moderate_1m,0.25,daily,1699.7133141069512,533.0893650019676,1699.713314106919,1166.6239491049514,31.36348704087541,99.99999999999811,68.6365129591227,24.0,144.0,False,48.609106979898435,2495.4125,654.4701904184932,84.92152786119478,1244.7162981443525,100.0
past_year_daily_20260303,2026-03-03,past_year_daily,All gullies (union),moderate_1m,0.5,daily,3399.4266282139024,943.555330876909,2833.9276732791,1890.372342402191,27.756308168141395,83.36487246874565,55.60856430060425,24.0,,True,54.03368732124657,2495.4125,0.0,136.91067215043148,1078.8303099873535,0.0
past_year_daily_20260303,2026-03-03,past_year_daily,All gullies (union),moderate_1m,1.0,daily,6798.853256427805,1553.6979235248327,3513.8148015987304,1960.1168780738976,22.852352667796264,51.68246274879786,28.830110081001596,24.0,,True,54.46554134855317,2495.4125,0.0,176.40310192504342,696.8522303545242,0.0
past_year_daily_20260303,2026-03-03,past_year_daily,All gullies (union),strong_4m,0.25,daily,1699.7133141069512,533.0893650019676,1699.713314106919,1166.6239491049514,31.36348704087541,99.99999999999811,68.6365129591227,24.0,144.0,False,48.609106979898435,2495.4125,654.4701904184932,84.92152786119478,1244.7162981443525,100.0
past_year_daily_20260303,2026-03-03,past_year_daily,All gullies (union),strong_4m,0.5,daily,3399.4266282139024,943.555330876909,2833.9276732791,1890.372342402191,27.756308168141395,83.36487246874565,55.60856430060425,24.0,,True,54.03368732124657,2495.4125,0.0,136.91067215043148,1078.8303099873535,0.0
past_year_daily_20260303,2026-03-03,past_year_daily,All gullies (union),strong_4m,1.0,daily,6798.853256427805,1553.6979235248327,3513.8148015987304,1960.1168780738976,22.852352667796264,51.68246274879786,28.830110081001596,24.0,,True,54.46554134855317,2495.4125,0.0,176.40310192504342,696.8522303545242,0.0
past_year_daily_20260303,2026-03-03,past_year_daily,EOG,baseline,0.25,daily,549.1241255602012,171.91125413089944,549.1241255602002,377.2128714293008,31.306447145355406,99.99999999999984,68.69355285464444,0.0,168.0,False,15.717202976220866,798.0,205.2673226560933,27.412899395642878,398.32169175193474,100.0
past_year_daily_20260303,2026-03-03,past_year_daily,EOG,baseline,0.5,daily,1098.2482511204023,304.1467461117546,909.1179001188699,604.9711540071153,27.693806550702227,82.77890715431717,55.08510060361494,24.0,,True,17.282293140948372,798.0,0.0,43.955062789713,342.8124246230939,0.0
past_year_daily_20260303,2026-03-03,past_year_daily,EOG,baseline,1.0,daily,2196.4965022408046,500.4006756570952,1127.4499434126556,627.0492677555603,22.78176519500943,51.32946682421131,28.547701629201878,24.0,,True,17.418551191362962,798.0,0.0,56.6235016045958,221.37522030517914,0.0
past_year_daily_20260303,2026-03-03,past_year_daily,EOG,moderate_1m,0.25,daily,549.1241255602012,171.91125413089944,549.1241255602002,377.2128714293008,31.306447145355406,99.99999999999984,68.69355285464444,0.0,168.0,False,15.717202976220866,798.0,205.2673226560933,27.412899395642878,398.32169175193474,100.0
past_year_daily_20260303,2026-03-03,past_year_daily,EOG,moderate_1m,0.5,daily,1098.2482511204023,304.1467461117546,909.1179001188699,604.9711540071153,27.693806550702227,82.77890715431717,55.08510060361494,24.0,,True,17.282293140948372,798.0,0.0,43.955062789713,342.8124246230939,0.0
past_year_daily_20260303,2026-03-03,past_year_daily,EOG,moderate_1m,1.0,daily,2196.4965022408046,500.4006756570952,1127.4499434126556,627.0492677555603,22.78176519500943,51.32946682421131,28.547701629201878,24.0,,True,17.418551191362962,798.0,0.0,56.6235016045958,221.37522030517914,0.0
past_year_daily_20260303,2026-03-03,past_year_daily,EOG,strong_4m,0.25,daily,549.1241255602012,171.91125413089944,549.1241255602002,377.2128714293008,31.306447145355406,99.99999999999984,68.69355285464444,0.0,168.0,False,15.717202976220866,798.0,205.2673226560933,27.412899395642878,398.32169175193474,100.0
past_year_daily_20260303,2026-03-03,past_year_daily,EOG,strong_4m,0.5,daily,1098.2482511204023,304.1467461117546,909.1179001188699,604.9711540071153,27.693806550702227,82.77890715431717,55.08510060361494,24.0,,True,17.282293140948372,798.0,0.0,43.955062789713,342.8124246230939,0.0
past_year_daily_20260303,2026-03-03,past_year_daily,EOG,strong_4m,1.0,daily,2196.4965022408046,500.4006756570952,1127.4499434126556,627.0492677555603,22.78176519500943,51.32946682421131,28.547701629201878,24.0,,True,17.418551191362962,798.0,0.0,56.6235016045958,221.37522030517914,0.0
past_year_daily_20251222,2025-12-22,past_year_daily,AEG?,baseline,0.25,daily,567.9672726673191,206.4579378690918,458.7821883784376,252.32425050934577,36.35032295074198,80.77616624350193,44.42584329275995,0.0,48.0,False,10.513510437889407,348.44,0.0,16.272069492693376,418.4555409538344,0.0
past_year_daily_20251222,2025-12-22,past_year_daily,AEG?,baseline,0.5,daily,1135.9345453346382,287.68182520732984,578.9584643836711,291.27663917634123,25.32556355371522,50.96759023321314,25.642026679497917,0.0,96.0,False,12.136526632347552,348.44,0.0,24.409268905742017,313.3895543440117,0.0
past_year_daily_20251222,2025-12-22,past_year_daily,AEG?,baseline,1.0,daily,2271.8690906692764,513.6995656059809,820.5945810205901,306.89501541460925,22.61131892307442,36.11980040535033,13.508481482275911,0.0,120.0,False,12.787292308942051,348.44,0.0,38.10472719988266,244.40676363803223,0.0
past_year_daily_20251222,2025-12-22,past_year_daily,AEG?,moderate_1m,0.25,daily,567.9672726673191,206.4579378690918,458.7821883784376,252.32425050934577,36.35032295074198,80.77616624350193,44.42584329275995,0.0,48.0,False,10.513510437889407,348.44,0.0,16.272069492693376,418.4555409538344,0.0
past_year_daily_20251222,2025-12-22,past_year_daily,AEG?,moderate_1m,0.5,daily,1135.9345453346382,287.68182520732984,578.9584643836711,291.27663917634123,25.32556355371522,50.96759023321314,25.642026679497917,0.0,96.0,False,12.136526632347552,348.44,0.0,24.409268905742017,313.3895543440117,0.0
past_year_daily_20251222,2025-12-22,past_year_daily,AEG?,moderate_1m,1.0,daily,2271.8690906692764,513.6995656059809,820.5945810205901,306.89501541460925,22.61131892307442,36.11980040535033,13.508481482275911,0.0,120.0,False,12.787292308942051,348.44,0.0,38.10472719988266,244.40676363803223,0.0
past_year_daily_20251222,2025-12-22,past_year_daily,AEG?,strong_4m,0.25,daily,567.9672726673191,206.4579378690918,458.7821883784376,252.32425050934577,36.35032295074198,80.77616624350193,44.42584329275995,0.0,48.0,False,10.513510437889407,348.44,0.0,16.272069492693376,418.4555409538344,0.0
past_year_daily_20251222,2025-12-22,past_year_daily,AEG?,strong_4m,0.5,daily,1135.9345453346382,287.68182520732984,578.9584643836711,291.27663917634123,25.32556355371522,50.96759023321314,25.642026679497917,0.0,96.0,False,12.136526632347552,348.44,0.0,24.409268905742017,313.3895543440117,0.0
past_year_daily_20251222,2025-12-22,past_year_daily,AEG?,strong_4m,1.0,daily,2271.8690906692764,513.6995656059809,820.5945810205901,306.89501541460925,22.61131892307442,36.11980040535033,13.508481482275911,0.0,120.0,False,12.787292308942051,348.44,0.0,38.10472719988266,244.40676363803223,0.0
past_year_daily_20251222,2025-12-22,past_year_daily,AOG,baseline,0.25,daily,582.621915879431,216.19650820732332,480.6245334053995,264.42802519807617,37.10751386359855,82.4933838405181,45.38586997691956,0.0,48.0,False,11.017834383253174,368.8125,0.0,16.87840911624302,447.820016610165,0.0
past_year_daily_20251222,2025-12-22,past_year_daily,AOG,baseline,0.5,daily,1165.243831758862,298.41308710694705,605.5206207847516,307.10753367780455,25.60949725488024,51.965142769368406,26.355645514488167,0.0,72.0,False,12.79614723657519,368.8125,0.0,25.379275786625207,336.1500629581046,0.0
past_year_daily_20251222,2025-12-22,past_year_daily,AOG,baseline,1.0,daily,2330.487663517724,527.3742972619053,851.8218964961377,324.44759923423237,22.629353740747426,36.55122959159399,13.921875850846561,0.0,120.0,False,13.518649968093015,368.8125,0.0,39.430448263608795,260.92704227848066,0.0
past_year_daily_20251222,2025-12-22,past_year_daily,AOG,moderate_1m,0.25,daily,582.621915879431,216.19650820732332,480.6245334053995,264.42802519807617,37.10751386359855,82.4933838405181,45.38586997691956,0.0,48.0,False,11.017834383253174,368.8125,0.0,16.87840911624302,447.820016610165,0.0
past_year_daily_20251222,2025-12-22,past_year_daily,AOG,moderate_1m,0.5,daily,1165.243831758862,298.41308710694705,605.5206207847516,307.10753367780455,25.60949725488024,51.965142769368406,26.355645514488167,0.0,72.0,False,12.79614723657519,368.8125,0.0,25.379275786625207,336.1500629581046,0.0
past_year_daily_20251222,2025-12-22,past_year_daily,AOG,moderate_1m,1.0,daily,2330.487663517724,527.3742972619053,851.8218964961377,324.44759923423237,22.629353740747426,36.55122959159399,13.921875850846561,0.0,120.0,False,13.518649968093015,368.8125,0.0,39.430448263608795,260.92704227848066,0.0
past_year_daily_20251222,2025-12-22,past_year_daily,AOG,strong_4m,0.25,daily,582.621915879431,216.19650820732332,480.6245334053995,264.42802519807617,37.10751386359855,82.4933838405181,45.38586997691956,0.0,48.0,False,11.017834383253174,368.8125,0.0,16.87840911624302,447.820016610165,0.0
past_year_daily_20251222,2025-12-22,past_year_daily,AOG,strong_4m,0.5,daily,1165.243831758862,298.41308710694705,605.5206207847516,307.10753367780455,25.60949725488024,51.965142769368406,26.355645514488167,0.0,72.0,False,12.79614723657519,368.8125,0.0,25.379275786625207,336.1500629581046,0.0
past_year_daily_20251222,2025-12-22,past_year_daily,AOG,strong_4m,1.0,daily,2330.487663517724,527.3742972619053,851.8218964961377,324.44759923423237,22.629353740747426,36.55122959159399,13.921875850846561,0.0,120.0,False,13.518649968093015,368.8125,0.0,39.430448263608795,260.92704227848066,0.0
past_year_daily_20251222,2025-12-22,past_year_daily,All gullies (union),baseline,0.25,daily,1699.7133141069512,622.3862905685137,1383.2784272732658,760.8921367047521,36.61713333671935,81.38304358697432,44.765910250254976,0.0,48.0,False,31.703839029364673,1054.4525,0.0,48.88954413031802,1271.3568384807043,0.0
past_year_daily_20251222,2025-12-22,past_year_daily,All gullies (union),baseline,0.5,daily,3399.4266282139024,864.3069612205189,1744.553398306743,880.2464370862241,25.42508063116031,51.319048448571785,25.893967817411475,0.0,72.0,False,36.67693487859267,1054.4525,0.0,73.39818489284414,952.9033239356592,0.0
past_year_daily_20251222,2025-12-22,past_year_daily,All gullies (union),baseline,1.0,daily,6798.853256427805,1537.7254534999063,2466.05858198671,928.3331284868038,22.617423784608125,36.271684194025475,13.65426040941735,0.0,120.0,False,38.68054702028349,1054.4525,0.0,114.3852666478945,741.8939293600015,0.0
past_year_daily_20251222,2025-12-22,past_year_daily,All gullies (union),moderate_1m,0.25,daily,1699.7133141069512,622.3862905685137,1383.2784272732658,760.8921367047521,36.61713333671935,81.38304358697432,44.765910250254976,0.0,48.0,False,31.703839029364673,1054.4525,0.0,48.88954413031802,1271.3568384807043,0.0
past_year_daily_20251222,2025-12-22,past_year_daily,All gullies (union),moderate_1m,0.5,daily,3399.4266282139024,864.3069612205189,1744.553398306743,880.2464370862241,25.42508063116031,51.319048448571785,25.893967817411475,0.0,72.0,False,36.67693487859267,1054.4525,0.0,73.39818489284414,952.9033239356592,0.0
past_year_daily_20251222,2025-12-22,past_year_daily,All gullies (union),moderate_1m,1.0,daily,6798.853256427805,1537.7254534999063,2466.05858198671,928.3331284868038,22.617423784608125,36.271684194025475,13.65426040941735,0.0,120.0,False,38.68054702028349,1054.4525,0.0,114.3852666478945,741.8939293600015,0.0
past_year_daily_20251222,2025-12-22,past_year_daily,All gullies (union),strong_4m,0.25,daily,1699.7133141069512,622.3862905685137,1383.2784272732658,760.8921367047521,36.61713333671935,81.38304358697432,44.765910250254976,0.0,48.0,False,31.703839029364673,1054.4525,0.0,48.88954413031802,1271.3568384807043,0.0
past_year_daily_20251222,2025-12-22,past_year_daily,All gullies (union),strong_4m,0.5,daily,3399.4266282139024,864.3069612205189,1744.553398306743,880.2464370862241,25.42508063116031,51.319048448571785,25.893967817411475,0.0,72.0,False,36.67693487859267,1054.4525,0.0,73.39818489284414,952.9033239356592,0.0
past_year_daily_20251222,2025-12-22,past_year_daily,All gullies (union),strong_4m,1.0,daily,6798.853256427805,1537.7254534999063,2466.05858198671,928.3331284868038,22.617423784608125,36.271684194025475,13.65426040941735,0.0,120.0,False,38.68054702028349,1054.4525,0.0,114.3852666478945,741.8939293600015,0.0
past_year_daily_20251222,2025-12-22,past_year_daily,EOG,baseline,0.25,daily,549.1241255602012,199.7318444921044,443.8717054894023,244.13986099729792,36.3728044708186,80.8326724010854,44.4598679302668,0.0,48.0,False,10.172494208220746,337.2,0.0,15.739065521381907,405.08128091669596,0.0
past_year_daily_20251222,2025-12-22,past_year_daily,EOG,baseline,0.5,daily,1098.2482511204023,278.2120489062401,560.0743131382892,281.8622642320491,25.332346181513692,50.99705941410942,25.66471323259573,0.0,72.0,False,11.744261009668712,337.2,0.0,23.60964020047714,303.3637066335457,0.0
past_year_daily_20251222,2025-12-22,past_year_daily,EOG,baseline,1.0,daily,2196.4965022408046,496.65159063203146,793.6421044699727,296.9905138379412,22.611080424000736,36.132181574626735,13.521101150625999,0.0,120.0,False,12.37460474324755,337.2,0.0,36.85009118440347,236.56012344348932,0.0
past_year_daily_20251222,2025-12-22,past_year_daily,EOG,moderate_1m,0.25,daily,549.1241255602012,199.7318444921044,443.8717054894023,244.13986099729792,36.3728044708186,80.8326724010854,44.4598679302668,0.0,48.0,False,10.172494208220746,337.2,0.0,15.739065521381907,405.08128091669596,0.0
past_year_daily_20251222,2025-12-22,past_year_daily,EOG,moderate_1m,0.5,daily,1098.2482511204023,278.2120489062401,560.0743131382892,281.8622642320491,25.332346181513692,50.99705941410942,25.66471323259573,0.0,72.0,False,11.744261009668712,337.2,0.0,23.60964020047714,303.3637066335457,0.0
past_year_daily_20251222,2025-12-22,past_year_daily,EOG,moderate_1m,1.0,daily,2196.4965022408046,496.65159063203146,793.6421044699727,296.9905138379412,22.611080424000736,36.132181574626735,13.521101150625999,0.0,120.0,False,12.37460474324755,337.2,0.0,36.85009118440347,236.56012344348932,0.0
past_year_daily_20251222,2025-12-22,past_year_daily,EOG,strong_4m,0.25,daily,549.1241255602012,199.7318444921044,443.8717054894023,244.13986099729792,36.3728044708186,80.8326724010854,44.4598679302668,0.0,48.0,False,10.172494208220746,337.2,0.0,15.739065521381907,405.08128091669596,0.0
past_year_daily_20251222,2025-12-22,past_year_daily,EOG,strong_4m,0.5,daily,1098.2482511204023,278.2120489062401,560.0743131382892,281.8622642320491,25.332346181513692,50.99705941410942,25.66471323259573,0.0,72.0,False,11.744261009668712,337.2,0.0,23.60964020047714,303.3637066335457,0.0
past_year_daily_20251222,2025-12-22,past_year_daily,EOG,strong_4m,1.0,daily,2196.4965022408046,496.65159063203146,793.6421044699727,296.9905138379412,22.611080424000736,36.132181574626735,13.521101150625999,0.0,120.0,False,12.37460474324755,337.2,0.0,36.85009118440347,236.56012344348932,0.0
past_year_daily_20260208,2026-02-08,past_year_daily,AEG?,baseline,0.25,daily,567.9672726673191,8.12815991513848,438.0730556432209,429.94489572808243,1.4310965272640745,77.1299820825799,75.69888555531583,48.0,120.0,False,13.786326229817318,589.0000000000001,0.0,19.63822086583403,361.78186540203893,0.0
past_year_daily_20260208,2026-02-08,past_year_daily,AEG?,baseline,0.5,daily,1135.9345453346382,29.565251552909142,515.9295823802538,486.36433082734465,2.602724925862646,45.418953451077996,42.81622852521535,48.0,,True,13.933946162554735,589.0000000000001,0.0,24.123085306225192,225.78591364740626,0.0
past_year_daily_20260208,2026-02-08,past_year_daily,AEG?,baseline,1.0,daily,2271.8690906692764,135.1347056832753,645.2720163446259,510.1373106613505,5.948173080847083,28.402693579256074,22.45452049840899,48.0,,True,13.967272887008994,589.0000000000001,0.0,31.255093369938493,146.20645790978173,0.0
past_year_daily_20260208,2026-02-08,past_year_daily,AEG?,moderate_1m,0.25,daily,567.9672726673191,8.12815991513848,438.0730556432209,429.94489572808243,1.4310965272640745,77.1299820825799,75.69888555531583,48.0,120.0,False,13.786326229817318,589.0000000000001,0.0,19.63822086583403,361.78186540203893,0.0
past_year_daily_20260208,2026-02-08,past_year_daily,AEG?,moderate_1m,0.5,daily,1135.9345453346382,29.565251552909142,515.9295823802538,486.36433082734465,2.602724925862646,45.418953451077996,42.81622852521535,48.0,,True,13.933946162554735,589.0000000000001,0.0,24.123085306225192,225.78591364740626,0.0
past_year_daily_20260208,2026-02-08,past_year_daily,AEG?,moderate_1m,1.0,daily,2271.8690906692764,135.1347056832753,645.2720163446259,510.1373106613505,5.948173080847083,28.402693579256074,22.45452049840899,48.0,,True,13.967272887008994,589.0000000000001,0.0,31.255093369938493,146.20645790978173,0.0
past_year_daily_20260208,2026-02-08,past_year_daily,AEG?,strong_4m,0.25,daily,567.9672726673191,8.12815991513848,438.0730556432209,429.94489572808243,1.4310965272640745,77.1299820825799,75.69888555531583,48.0,120.0,False,13.786326229817318,589.0000000000001,0.0,19.63822086583403,361.78186540203893,0.0
past_year_daily_20260208,2026-02-08,past_year_daily,AEG?,strong_4m,0.5,daily,1135.9345453346382,29.565251552909142,515.9295823802538,486.36433082734465,2.602724925862646,45.418953451077996,42.81622852521535,48.0,,True,13.933946162554735,589.0000000000001,0.0,24.123085306225192,225.78591364740626,0.0
past_year_daily_20260208,2026-02-08,past_year_daily,AEG?,strong_4m,1.0,daily,2271.8690906692764,135.1347056832753,645.2720163446259,510.1373106613505,5.948173080847083,28.402693579256074,22.45452049840899,48.0,,True,13.967272887008994,589.0000000000001,0.0,31.255093369938493,146.20645790978173,0.0
past_year_daily_20260208,2026-02-08,past_year_daily,AOG,baseline,0.25,daily,582.621915879431,8.172808770796612,459.5646273973062,451.3918186265096,1.4027637045647816,78.87870587628383,77.47594217171905,48.0,120.0,False,14.582098533438005,623.4375,0.0,20.561796150168888,390.2453301513725,0.0
past_year_daily_20260208,2026-02-08,past_year_daily,AOG,baseline,0.5,daily,1165.243831758862,29.18771968993718,542.1795833859721,512.991863696035,2.5048594031929063,46.529281563978444,44.024422160785534,48.0,,True,14.74446762242929,623.4375,0.0,25.306457586679905,244.22339883486217,0.0
past_year_daily_20260208,2026-02-08,past_year_daily,AOG,baseline,1.0,daily,2330.487663517724,134.14745967152467,673.5458799705868,539.3984202990622,5.756196944163933,28.901499480752964,23.145302536589032,48.0,,True,14.784748335338032,623.4375,0.0,32.57637190266972,157.23959043591555,0.0
past_year_daily_20260208,2026-02-08,past_year_daily,AOG,moderate_1m,0.25,daily,582.621915879431,8.172808770796612,459.5646273973062,451.3918186265096,1.4027637045647816,78.87870587628383,77.47594217171905,48.0,120.0,False,14.582098533438005,623.4375,0.0,20.561796150168888,390.2453301513725,0.0
past_year_daily_20260208,2026-02-08,past_year_daily,AOG,moderate_1m,0.5,daily,1165.243831758862,29.18771968993718,542.1795833859721,512.991863696035,2.5048594031929063,46.529281563978444,44.024422160785534,48.0,,True,14.74446762242929,623.4375,0.0,25.306457586679905,244.22339883486217,0.0
past_year_daily_20260208,2026-02-08,past_year_daily,AOG,moderate_1m,1.0,daily,2330.487663517724,134.14745967152467,673.5458799705868,539.3984202990622,5.756196944163933,28.901499480752964,23.145302536589032,48.0,,True,14.784748335338032,623.4375,0.0,32.57637190266972,157.23959043591555,0.0
past_year_daily_20260208,2026-02-08,past_year_daily,AOG,strong_4m,0.25,daily,582.621915879431,8.172808770796612,459.5646273973062,451.3918186265096,1.4027637045647816,78.87870587628383,77.47594217171905,48.0,120.0,False,14.582098533438005,623.4375,0.0,20.561796150168888,390.2453301513725,0.0
past_year_daily_20260208,2026-02-08,past_year_daily,AOG,strong_4m,0.5,daily,1165.243831758862,29.18771968993718,542.1795833859721,512.991863696035,2.5048594031929063,46.529281563978444,44.024422160785534,48.0,,True,14.74446762242929,623.4375,0.0,25.306457586679905,244.22339883486217,0.0
past_year_daily_20260208,2026-02-08,past_year_daily,AOG,strong_4m,1.0,daily,2330.487663517724,134.14745967152467,673.5458799705868,539.3984202990622,5.756196944163933,28.901499480752964,23.145302536589032,48.0,,True,14.784748335338032,623.4375,0.0,32.57637190266972,157.23959043591555,0.0
past_year_daily_20260208,2026-02-08,past_year_daily,All gullies (union),baseline,0.25,daily,1699.7133141069512,24.153609115221162,1321.500810526552,1297.3472014113308,1.4210401786439935,77.7484531984668,76.32741301982281,48.0,120.0,False,41.70985822801365,1782.4375,0.0,59.20011053099033,1102.2983900079096,0.0
past_year_daily_20260208,2026-02-08,past_year_daily,All gullies (union),baseline,0.5,daily,3399.4266282139024,87.28754893022364,1557.290417248538,1470.0028683183143,2.567713866973076,45.81038473734485,43.24267087037177,48.0,,True,42.1628262283406,1782.4375,0.0,72.76848993817278,688.6064264476861,0.0
past_year_daily_20260208,2026-02-08,past_year_daily,All gullies (union),baseline,1.0,daily,6798.853256427805,399.7751631373606,1942.987014998125,1543.2118518607645,5.88003811906667,28.578157840973798,22.698119721907126,48.0,,True,42.268794503991295,1782.4375,0.0,94.06311633873852,444.9745207630062,0.0
past_year_daily_20260208,2026-02-08,past_year_daily,All gullies (union),moderate_1m,0.25,daily,1699.7133141069512,24.153609115221162,1321.500810526552,1297.3472014113308,1.4210401786439935,77.7484531984668,76.32741301982281,48.0,120.0,False,41.70985822801365,1782.4375,0.0,59.20011053099033,1102.2983900079096,0.0
past_year_daily_20260208,2026-02-08,past_year_daily,All gullies (union),moderate_1m,0.5,daily,3399.4266282139024,87.28754893022364,1557.290417248538,1470.0028683183143,2.567713866973076,45.81038473734485,43.24267087037177,48.0,,True,42.1628262283406,1782.4375,0.0,72.76848993817278,688.6064264476861,0.0
past_year_daily_20260208,2026-02-08,past_year_daily,All gullies (union),moderate_1m,1.0,daily,6798.853256427805,399.7751631373606,1942.987014998125,1543.2118518607645,5.88003811906667,28.578157840973798,22.698119721907126,48.0,,True,42.268794503991295,1782.4375,0.0,94.06311633873852,444.9745207630062,0.0
past_year_daily_20260208,2026-02-08,past_year_daily,All gullies (union),strong_4m,0.25,daily,1699.7133141069512,24.153609115221162,1321.500810526552,1297.3472014113308,1.4210401786439935,77.7484531984668,76.32741301982281,48.0,120.0,False,41.70985822801365,1782.4375,0.0,59.20011053099033,1102.2983900079096,0.0
past_year_daily_20260208,2026-02-08,past_year_daily,All gullies (union),strong_4m,0.5,daily,3399.4266282139024,87.28754893022364,1557.290417248538,1470.0028683183143,2.567713866973076,45.81038473734485,43.24267087037177,48.0,,True,42.1628262283406,1782.4375,0.0,72.76848993817278,688.6064264476861,0.0
past_year_daily_20260208,2026-02-08,past_year_daily,All gullies (union),strong_4m,1.0,daily,6798.853256427805,399.7751631373606,1942.987014998125,1543.2118518607645,5.88003811906667,28.578157840973798,22.698119721907126,48.0,,True,42.268794503991295,1782.4375,0.0,94.06311633873852,444.9745207630062,0.0
past_year_daily_20260208,2026-02-08,past_year_daily,EOG,baseline,0.25,daily,549.1241255602012,7.852640429285917,423.8631274860404,416.01048705675447,1.4300301268451594,77.18894649795746,75.7589163711123,48.0,120.0,False,13.341433464759277,570.0,0.0,19.000093514987768,350.2711944544984,0.0
past_year_daily_20260208,2026-02-08,past_year_daily,EOG,baseline,0.5,daily,1098.2482511204023,28.534577687376856,499.1812514823203,470.64667379494347,2.5981901321733654,45.45249682601993,42.85430669384657,48.0,,True,13.484412443356803,570.0,0.0,23.33894704526791,218.59711396541417,0.0
past_year_daily_20260208,2026-02-08,past_year_daily,EOG,baseline,1.0,daily,2196.4965022408046,130.49299778256344,624.1691186829244,493.67612090036096,5.940960873347083,28.416576946339976,22.475616072992892,48.0,,True,13.516773281643685,570.0,0.0,30.231651066131082,141.5284724173079,0.0
past_year_daily_20260208,2026-02-08,past_year_daily,EOG,moderate_1m,0.25,daily,549.1241255602012,7.852640429285917,423.8631274860404,416.01048705675447,1.4300301268451594,77.18894649795746,75.7589163711123,48.0,120.0,False,13.341433464759277,570.0,0.0,19.000093514987768,350.2711944544984,0.0
past_year_daily_20260208,2026-02-08,past_year_daily,EOG,moderate_1m,0.5,daily,1098.2482511204023,28.534577687376856,499.1812514823203,470.64667379494347,2.5981901321733654,45.45249682601993,42.85430669384657,48.0,,True,13.484412443356803,570.0,0.0,23.33894704526791,218.59711396541417,0.0
past_year_daily_20260208,2026-02-08,past_year_daily,EOG,moderate_1m,1.0,daily,2196.4965022408046,130.49299778256344,624.1691186829244,493.67612090036096,5.940960873347083,28.416576946339976,22.475616072992892,48.0,,True,13.516773281643685,570.0,0.0,30.231651066131082,141.5284724173079,0.0
past_year_daily_20260208,2026-02-08,past_year_daily,EOG,strong_4m,0.25,daily,549.1241255602012,7.852640429285917,423.8631274860404,416.01048705675447,1.4300301268451594,77.18894649795746,75.7589163711123,48.0,120.0,False,13.341433464759277,570.0,0.0,19.000093514987768,350.2711944544984,0.0
past_year_daily_20260208,2026-02-08,past_year_daily,EOG,strong_4m,0.5,daily,1098.2482511204023,28.534577687376856,499.1812514823203,470.64667379494347,2.5981901321733654,45.45249682601993,42.85430669384657,48.0,,True,13.484412443356803,570.0,0.0,23.33894704526791,218.59711396541417,0.0
past_year_daily_20260208,2026-02-08,past_year_daily,EOG,strong_4m,1.0,daily,2196.4965022408046,130.49299778256344,624.1691186829244,493.67612090036096,5.940960873347083,28.416576946339976,22.475616072992892,48.0,,True,13.516773281643685,570.0,0.0,30.231651066131082,141.5284724173079,0.0
historical_hourly_20250726,2025-07-26,historical_hourly,AEG?,baseline,0.25,silo_fraction,567.9672726673191,346.43300242133347,567.9672726673152,221.53427024598176,60.995240235303676,99.99999999999933,39.004759764695656,21.0,,True,38.079598343453426,378.4066666666667,87.45199153621523,27.81371716411595,121.66578069956249,100.0
historical_hourly_20250726,2025-07-26,historical_hourly,AEG?,baseline,0.25,zero_missing,567.9672726673191,337.6915622021115,567.9672726673152,230.2757104652037,59.45616560197666,99.99999999999933,40.543834398022675,28.0,,True,38.08594045446887,357.12,62.281403473847895,27.622564596301153,120.94218922513369,100.0
historical_hourly_20250726,2025-07-26,historical_hourly,AEG?,baseline,0.5,silo_fraction,1135.9345453346382,848.2684658034473,1135.910491893851,287.64202609040376,74.6758225891927,99.99788249764161,25.322059908448907,73.0,,True,37.94082387693595,378.4066666666667,8.287357981762515,56.57645148532663,124.57060147536528,98.99193548387096
historical_hourly_20250726,2025-07-26,historical_hourly,AEG?,baseline,0.5,zero_missing,1135.9345453346382,839.2136539868097,1119.2718267330406,280.05817274623087,73.87869815505816,98.53312687161136,24.6544287165532,73.0,,True,37.945356196802095,357.12,0.0,55.60524521994747,122.40155652597431,0.0
historical_hourly_20250726,2025-07-26,historical_hourly,AEG?,baseline,1.0,silo_fraction,2271.8690906692764,1290.9422805241472,1586.9893461347006,296.0470656105533,56.82291668239761,69.85390807298606,13.030991390588447,73.0,,True,37.88340603753477,378.4066666666667,0.0,80.26782242094619,88.45823044020374,0.0
historical_hourly_20250726,2025-07-26,historical_hourly,AEG?,baseline,1.0,zero_missing,2271.8690906692764,1281.726624948471,1561.6518444318656,279.9252194833946,56.417274666599894,68.73863687153796,12.321362204938069,73.0,,True,37.88696905682491,357.12,0.0,78.99018020401769,86.96606298534276,0.0
historical_hourly_20250726,2025-07-26,historical_hourly,AEG?,moderate_1m,0.25,silo_fraction,567.9672726673191,346.43300242133347,567.9672726673152,221.53427024598176,60.995240235303676,99.99999999999933,39.004759764695656,21.0,,True,38.079598343453426,378.4066666666667,87.45199153621523,27.81371716411595,121.66578069956249,100.0
historical_hourly_20250726,2025-07-26,historical_hourly,AEG?,moderate_1m,0.25,zero_missing,567.9672726673191,337.6915622021115,567.9672726673152,230.2757104652037,59.45616560197666,99.99999999999933,40.543834398022675,28.0,,True,38.08594045446887,357.12,62.281403473847895,27.622564596301153,120.94218922513369,100.0
historical_hourly_20250726,2025-07-26,historical_hourly,AEG?,moderate_1m,0.5,silo_fraction,1135.9345453346382,848.2684658034473,1135.910491893851,287.64202609040376,74.6758225891927,99.99788249764161,25.322059908448907,73.0,,True,37.94082387693595,378.4066666666667,8.287357981762515,56.57645148532663,124.57060147536528,98.99193548387096
historical_hourly_20250726,2025-07-26,historical_hourly,AEG?,moderate_1m,0.5,zero_missing,1135.9345453346382,839.2136539868097,1119.2718267330406,280.05817274623087,73.87869815505816,98.53312687161136,24.6544287165532,73.0,,True,37.945356196802095,357.12,0.0,55.60524521994747,122.40155652597431,0.0
historical_hourly_20250726,2025-07-26,historical_hourly,AEG?,moderate_1m,1.0,silo_fraction,2271.8690906692764,1290.9422805241472,1586.9893461347006,296.0470656105533,56.82291668239761,69.85390807298606,13.030991390588447,73.0,,True,37.88340603753477,378.4066666666667,0.0,80.26782242094619,88.45823044020374,0.0
historical_hourly_20250726,2025-07-26,historical_hourly,AEG?,moderate_1m,1.0,zero_missing,2271.8690906692764,1281.726624948471,1561.6518444318656,279.9252194833946,56.417274666599894,68.73863687153796,12.321362204938069,73.0,,True,37.88696905682491,357.12,0.0,78.99018020401769,86.96606298534276,0.0
historical_hourly_20250726,2025-07-26,historical_hourly,AEG?,strong_4m,0.25,silo_fraction,567.9672726673191,346.43300242133347,567.9672726673152,221.53427024598176,60.995240235303676,99.99999999999933,39.004759764695656,21.0,,True,38.079598343453426,378.4066666666667,87.45199153621523,27.81371716411595,121.66578069956249,100.0
historical_hourly_20250726,2025-07-26,historical_hourly,AEG?,strong_4m,0.25,zero_missing,567.9672726673191,337.6915622021115,567.9672726673152,230.2757104652037,59.45616560197666,99.99999999999933,40.543834398022675,28.0,,True,38.08594045446887,357.12,62.281403473847895,27.622564596301153,120.94218922513369,100.0
historical_hourly_20250726,2025-07-26,historical_hourly,AEG?,strong_4m,0.5,silo_fraction,1135.9345453346382,848.2684658034473,1135.910491893851,287.64202609040376,74.6758225891927,99.99788249764161,25.322059908448907,73.0,,True,37.94082387693595,378.4066666666667,8.287357981762515,56.57645148532663,124.57060147536528,98.99193548387096
historical_hourly_20250726,2025-07-26,historical_hourly,AEG?,strong_4m,0.5,zero_missing,1135.9345453346382,839.2136539868097,1119.2718267330406,280.05817274623087,73.87869815505816,98.53312687161136,24.6544287165532,73.0,,True,37.945356196802095,357.12,0.0,55.60524521994747,122.40155652597431,0.0
historical_hourly_20250726,2025-07-26,historical_hourly,AEG?,strong_4m,1.0,silo_fraction,2271.8690906692764,1290.9422805241472,1586.9893461347006,296.0470656105533,56.82291668239761,69.85390807298606,13.030991390588447,73.0,,True,37.88340603753477,378.4066666666667,0.0,80.26782242094619,88.45823044020374,0.0
historical_hourly_20250726,2025-07-26,historical_hourly,AEG?,strong_4m,1.0,zero_missing,2271.8690906692764,1281.726624948471,1561.6518444318656,279.9252194833946,56.417274666599894,68.73863687153796,12.321362204938069,73.0,,True,37.88696905682491,357.12,0.0,78.99018020401769,86.96606298534276,0.0
historical_hourly_20250726,2025-07-26,historical_hourly,AOG,baseline,0.25,silo_fraction,582.621915879431,350.8256759313537,582.6219158794307,231.79623994807702,60.21498099703381,99.99999999999996,39.785019002966145,21.0,,True,40.31023354571215,400.53125,95.72289989471417,28.495324104291115,128.57363378674023,100.0
historical_hourly_20250726,2025-07-26,historical_hourly,AOG,baseline,0.25,zero_missing,582.621915879431,341.5934938656983,582.6219158794307,241.02842201373244,58.630388688706375,99.99999999999996,41.36961131129358,28.0,,True,40.31706050862982,378.0,69.09280160851063,28.29856186497865,127.79744431984855,100.0
historical_hourly_20250726,2025-07-26,historical_hourly,AOG,baseline,0.5,silo_fraction,1165.243831758862,864.5329427776906,1165.2438317588615,300.7108889811709,74.19330780517693,99.99999999999996,25.80669219482303,65.0,,True,40.168411475237576,400.53125,13.287189077317493,58.029761151280766,131.80111576903738,100.0
historical_hourly_20250726,2025-07-26,historical_hourly,AOG,baseline,0.5,zero_missing,1165.243831758862,854.9592559481875,1152.134548956575,297.17529300838737,73.37170407138571,98.87497513867983,25.503271067294122,73.0,,True,40.17327139278245,378.0,0.0,57.15525131655265,129.83875196199557,0.0
historical_hourly_20250726,2025-07-26,historical_hourly,AOG,baseline,1.0,silo_fraction,2330.487663517724,1348.8789714794345,1662.1001896431862,313.2212181637517,57.87968726868894,71.31984501193844,13.4401577432495,73.0,,True,40.09971816975667,400.53125,0.0,84.02222798251833,95.50721382449137,0.0
historical_hourly_20250726,2025-07-26,historical_hourly,AOG,baseline,1.0,zero_missing,2330.487663517724,1339.1298604784454,1635.2966094133342,296.1667489348888,57.461358042853284,70.16971748071634,12.70835943786306,73.0,,True,40.103522278223636,378.0,0.0,82.67117744935403,93.88012688884157,0.0
historical_hourly_20250726,2025-07-26,historical_hourly,AOG,moderate_1m,0.25,silo_fraction,582.621915879431,350.8256759313537,582.6219158794307,231.79623994807702,60.21498099703381,99.99999999999996,39.785019002966145,21.0,,True,40.31023354571215,400.53125,95.72289989471417,28.495324104291115,128.57363378674023,100.0
historical_hourly_20250726,2025-07-26,historical_hourly,AOG,moderate_1m,0.25,zero_missing,582.621915879431,341.5934938656983,582.6219158794307,241.02842201373244,58.630388688706375,99.99999999999996,41.36961131129358,28.0,,True,40.31706050862982,378.0,69.09280160851063,28.29856186497865,127.79744431984855,100.0
historical_hourly_20250726,2025-07-26,historical_hourly,AOG,moderate_1m,0.5,silo_fraction,1165.243831758862,864.5329427776906,1165.2438317588615,300.7108889811709,74.19330780517693,99.99999999999996,25.80669219482303,65.0,,True,40.168411475237576,400.53125,13.287189077317493,58.029761151280766,131.80111576903738,100.0
historical_hourly_20250726,2025-07-26,historical_hourly,AOG,moderate_1m,0.5,zero_missing,1165.243831758862,854.9592559481875,1152.134548956575,297.17529300838737,73.37170407138571,98.87497513867983,25.503271067294122,73.0,,True,40.17327139278245,378.0,0.0,57.15525131655265,129.83875196199557,0.0
historical_hourly_20250726,2025-07-26,historical_hourly,AOG,moderate_1m,1.0,silo_fraction,2330.487663517724,1348.8789714794345,1662.1001896431862,313.2212181637517,57.87968726868894,71.31984501193844,13.4401577432495,73.0,,True,40.09971816975667,400.53125,0.0,84.02222798251833,95.50721382449137,0.0
historical_hourly_20250726,2025-07-26,historical_hourly,AOG,moderate_1m,1.0,zero_missing,2330.487663517724,1339.1298604784454,1635.2966094133342,296.1667489348888,57.461358042853284,70.16971748071634,12.70835943786306,73.0,,True,40.103522278223636,378.0,0.0,82.67117744935403,93.88012688884157,0.0
historical_hourly_20250726,2025-07-26,historical_hourly,AOG,strong_4m,0.25,silo_fraction,582.621915879431,350.8256759313537,582.6219158794307,231.79623994807702,60.21498099703381,99.99999999999996,39.785019002966145,21.0,,True,40.31023354571215,400.53125,95.72289989471417,28.495324104291115,128.57363378674023,100.0
historical_hourly_20250726,2025-07-26,historical_hourly,AOG,strong_4m,0.25,zero_missing,582.621915879431,341.5934938656983,582.6219158794307,241.02842201373244,58.630388688706375,99.99999999999996,41.36961131129358,28.0,,True,40.31706050862982,378.0,69.09280160851063,28.29856186497865,127.79744431984855,100.0
historical_hourly_20250726,2025-07-26,historical_hourly,AOG,strong_4m,0.5,silo_fraction,1165.243831758862,864.5329427776906,1165.2438317588615,300.7108889811709,74.19330780517693,99.99999999999996,25.80669219482303,65.0,,True,40.168411475237576,400.53125,13.287189077317493,58.029761151280766,131.80111576903738,100.0
historical_hourly_20250726,2025-07-26,historical_hourly,AOG,strong_4m,0.5,zero_missing,1165.243831758862,854.9592559481875,1152.134548956575,297.17529300838737,73.37170407138571,98.87497513867983,25.503271067294122,73.0,,True,40.17327139278245,378.0,0.0,57.15525131655265,129.83875196199557,0.0
historical_hourly_20250726,2025-07-26,historical_hourly,AOG,strong_4m,1.0,silo_fraction,2330.487663517724,1348.8789714794345,1662.1001896431862,313.2212181637517,57.87968726868894,71.31984501193844,13.4401577432495,73.0,,True,40.09971816975667,400.53125,0.0,84.02222798251833,95.50721382449137,0.0
historical_hourly_20250726,2025-07-26,historical_hourly,AOG,strong_4m,1.0,zero_missing,2330.487663517724,1339.1298604784454,1635.2966094133342,296.1667489348888,57.461358042853284,70.16971748071634,12.70835943786306,73.0,,True,40.103522278223636,378.0,0.0,82.67117744935403,93.88012688884157,0.0
historical_hourly_20250726,2025-07-26,historical_hourly,All gullies (union),baseline,0.25,silo_fraction,1699.7133141069512,1032.0595790973764,1699.713314106919,667.6537350095425,60.71962668831787,99.99999999999811,39.28037331168024,21.0,,True,115.24118374101272,1145.1379166666666,267.8832508475362,83.1989729899914,367.9768786315398,100.0
historical_hourly_20250726,2025-07-26,historical_hourly,All gullies (union),baseline,0.25,zero_missing,1699.7133141069512,1005.6268533213388,1699.713314106919,694.0864607855801,59.16449821125904,99.99999999999811,40.83550178873907,28.0,,True,115.26049240419843,1080.72,191.7239488899959,82.6262363191845,365.7767889957088,100.0
historical_hourly_20250726,2025-07-26,historical_hourly,All gullies (union),baseline,0.5,silo_fraction,3399.4266282139024,2532.7626492614404,3399.402574773059,866.6399255116185,74.50558362520631,99.99929242653323,25.493708801326918,73.0,,True,114.82642343096268,1145.1379166666666,29.68565733187807,169.30859646231576,376.92924174158844,99.66688874083944
historical_hourly_20250726,2025-07-26,historical_hourly,All gullies (union),baseline,0.5,zero_missing,3399.4266282139024,2505.3716112170237,3353.6506757549864,848.2790645379628,73.69982897772893,98.65342137173977,24.95359239401084,73.0,,True,114.84020288322063,1080.72,0.0,166.52391960264475,370.69764902112155,0.0
historical_hourly_20250726,2025-07-26,historical_hourly,All gullies (union),baseline,1.0,silo_fraction,6798.853256427805,3888.7179212009737,4784.48188133892,895.7639601379465,57.196673829141446,70.37189509592007,13.175221266778621,73.0,,True,114.6445255391991,1145.1379166666666,0.0,241.94719503682794,269.6076881740168,0.0
historical_hourly_20250726,2025-07-26,historical_hourly,All gullies (union),baseline,1.0,zero_missing,6798.853256427805,3860.8348702138646,4707.820900384916,846.9860301710514,56.78655980056248,69.24433757904724,12.457777778484761,73.0,,True,114.65534131690856,1080.72,0.0,238.08209667717625,265.04357036832425,0.0
historical_hourly_20250726,2025-07-26,historical_hourly,All gullies (union),moderate_1m,0.25,silo_fraction,1699.7133141069512,1032.0595790973764,1699.713314106919,667.6537350095425,60.71962668831787,99.99999999999811,39.28037331168024,21.0,,True,115.24118374101272,1145.1379166666666,267.8832508475362,83.1989729899914,367.9768786315398,100.0
historical_hourly_20250726,2025-07-26,historical_hourly,All gullies (union),moderate_1m,0.25,zero_missing,1699.7133141069512,1005.6268533213388,1699.713314106919,694.0864607855801,59.16449821125904,99.99999999999811,40.83550178873907,28.0,,True,115.26049240419843,1080.72,191.7239488899959,82.6262363191845,365.7767889957088,100.0
historical_hourly_20250726,2025-07-26,historical_hourly,All gullies (union),moderate_1m,0.5,silo_fraction,3399.4266282139024,2532.7626492614404,3399.402574773059,866.6399255116185,74.50558362520631,99.99929242653323,25.493708801326918,73.0,,True,114.82642343096268,1145.1379166666666,29.68565733187807,169.30859646231576,376.92924174158844,99.66688874083944
historical_hourly_20250726,2025-07-26,historical_hourly,All gullies (union),moderate_1m,0.5,zero_missing,3399.4266282139024,2505.3716112170237,3353.6506757549864,848.2790645379628,73.69982897772893,98.65342137173977,24.95359239401084,73.0,,True,114.84020288322063,1080.72,0.0,166.52391960264475,370.69764902112155,0.0
historical_hourly_20250726,2025-07-26,historical_hourly,All gullies (union),moderate_1m,1.0,silo_fraction,6798.853256427805,3888.7179212009737,4784.48188133892,895.7639601379465,57.196673829141446,70.37189509592007,13.175221266778621,73.0,,True,114.6445255391991,1145.1379166666666,0.0,241.94719503682794,269.6076881740168,0.0
historical_hourly_20250726,2025-07-26,historical_hourly,All gullies (union),moderate_1m,1.0,zero_missing,6798.853256427805,3860.8348702138646,4707.820900384916,846.9860301710514,56.78655980056248,69.24433757904724,12.457777778484761,73.0,,True,114.65534131690856,1080.72,0.0,238.08209667717625,265.04357036832425,0.0
historical_hourly_20250726,2025-07-26,historical_hourly,All gullies (union),strong_4m,0.25,silo_fraction,1699.7133141069512,1032.0595790973764,1699.713314106919,667.6537350095425,60.71962668831787,99.99999999999811,39.28037331168024,21.0,,True,115.24118374101272,1145.1379166666666,267.8832508475362,83.1989729899914,367.9768786315398,100.0
historical_hourly_20250726,2025-07-26,historical_hourly,All gullies (union),strong_4m,0.25,zero_missing,1699.7133141069512,1005.6268533213388,1699.713314106919,694.0864607855801,59.16449821125904,99.99999999999811,40.83550178873907,28.0,,True,115.26049240419843,1080.72,191.7239488899959,82.6262363191845,365.7767889957088,100.0
historical_hourly_20250726,2025-07-26,historical_hourly,All gullies (union),strong_4m,0.5,silo_fraction,3399.4266282139024,2532.7626492614404,3399.402574773059,866.6399255116185,74.50558362520631,99.99929242653323,25.493708801326918,73.0,,True,114.82642343096268,1145.1379166666666,29.68565733187807,169.30859646231576,376.92924174158844,99.66688874083944
historical_hourly_20250726,2025-07-26,historical_hourly,All gullies (union),strong_4m,0.5,zero_missing,3399.4266282139024,2505.3716112170237,3353.6506757549864,848.2790645379628,73.69982897772893,98.65342137173977,24.95359239401084,73.0,,True,114.84020288322063,1080.72,0.0,166.52391960264475,370.69764902112155,0.0
historical_hourly_20250726,2025-07-26,historical_hourly,All gullies (union),strong_4m,1.0,silo_fraction,6798.853256427805,3888.7179212009737,4784.48188133892,895.7639601379465,57.196673829141446,70.37189509592007,13.175221266778621,73.0,,True,114.6445255391991,1145.1379166666666,0.0,241.94719503682794,269.6076881740168,0.0
historical_hourly_20250726,2025-07-26,historical_hourly,All gullies (union),strong_4m,1.0,zero_missing,6798.853256427805,3860.8348702138646,4707.820900384916,846.9860301710514,56.78655980056248,69.24433757904724,12.457777778484761,73.0,,True,114.65534131690856,1080.72,0.0,238.08209667717625,265.04357036832425,0.0
historical_hourly_20250726,2025-07-26,historical_hourly,EOG,baseline,0.25,silo_fraction,549.1241255602012,334.8009007446846,549.1241255602002,214.32322481551563,60.96998568458999,99.99999999999984,39.03001431540985,21.0,,True,36.85135185185243,366.20000000000005,84.7083594166057,26.88993172158433,117.73746414523752,100.0
historical_hourly_20250726,2025-07-26,historical_hourly,EOG,baseline,0.25,zero_missing,549.1241255602012,326.34179725352834,549.1241255602002,222.7823283066719,59.4295136678986,99.99999999999984,40.57048633210125,28.0,,True,36.85749144108149,345.6000000000001,60.34974380763627,26.705109857904635,117.03715545072625,100.0
historical_hourly_20250726,2025-07-26,historical_hourly,EOG,baseline,0.5,silo_fraction,1098.2482511204023,819.9612406802999,1098.2482511204005,278.28701044010063,74.66082826390101,99.99999999999984,25.339171736098834,65.0,,True,36.717188078784034,366.20000000000005,8.111110272798053,54.70238382570845,120.55752449718591,100.0
historical_hourly_20250726,2025-07-26,historical_hourly,EOG,baseline,0.5,zero_missing,1098.2482511204023,811.1987012820182,1082.2443000653514,271.04559878333316,73.86296317380481,98.54277472887172,24.679811555066905,73.0,,True,36.72157529365461,345.6000000000001,0.0,53.76342306614435,118.45734053315161,0.0
historical_hourly_20250726,2025-07-26,historical_hourly,EOG,baseline,1.0,silo_fraction,2196.4965022408046,1248.8966691973858,1535.3923455609026,286.49567636351685,56.85857764504956,69.90187983429693,13.043302189247377,73.0,,True,36.66140133191789,366.20000000000005,0.0,77.65714463336309,85.64224390932154,0.0
historical_hourly_20250726,2025-07-26,historical_hourly,EOG,baseline,1.0,zero_missing,2196.4965022408046,1239.9783847869564,1510.8724465397343,270.8940617527778,56.45255448947745,68.78556123346358,12.333006743986132,73.0,,True,36.6648499819205,345.6000000000001,0.0,76.42073902380446,84.19738049413964,0.0
historical_hourly_20250726,2025-07-26,historical_hourly,EOG,moderate_1m,0.25,silo_fraction,549.1241255602012,334.8009007446846,549.1241255602002,214.32322481551563,60.96998568458999,99.99999999999984,39.03001431540985,21.0,,True,36.85135185185243,366.20000000000005,84.7083594166057,26.88993172158433,117.73746414523752,100.0
historical_hourly_20250726,2025-07-26,historical_hourly,EOG,moderate_1m,0.25,zero_missing,549.1241255602012,326.34179725352834,549.1241255602002,222.7823283066719,59.4295136678986,99.99999999999984,40.57048633210125,28.0,,True,36.85749144108149,345.6000000000001,60.34974380763627,26.705109857904635,117.03715545072625,100.0
historical_hourly_20250726,2025-07-26,historical_hourly,EOG,moderate_1m,0.5,silo_fraction,1098.2482511204023,819.9612406802999,1098.2482511204005,278.28701044010063,74.66082826390101,99.99999999999984,25.339171736098834,65.0,,True,36.717188078784034,366.20000000000005,8.111110272798053,54.70238382570845,120.55752449718591,100.0
historical_hourly_20250726,2025-07-26,historical_hourly,EOG,moderate_1m,0.5,zero_missing,1098.2482511204023,811.1987012820182,1082.2443000653514,271.04559878333316,73.86296317380481,98.54277472887172,24.679811555066905,73.0,,True,36.72157529365461,345.6000000000001,0.0,53.76342306614435,118.45734053315161,0.0
historical_hourly_20250726,2025-07-26,historical_hourly,EOG,moderate_1m,1.0,silo_fraction,2196.4965022408046,1248.8966691973858,1535.3923455609026,286.49567636351685,56.85857764504956,69.90187983429693,13.043302189247377,73.0,,True,36.66140133191789,366.20000000000005,0.0,77.65714463336309,85.64224390932154,0.0
historical_hourly_20250726,2025-07-26,historical_hourly,EOG,moderate_1m,1.0,zero_missing,2196.4965022408046,1239.9783847869564,1510.8724465397343,270.8940617527778,56.45255448947745,68.78556123346358,12.333006743986132,73.0,,True,36.6648499819205,345.6000000000001,0.0,76.42073902380446,84.19738049413964,0.0
historical_hourly_20250726,2025-07-26,historical_hourly,EOG,strong_4m,0.25,silo_fraction,549.1241255602012,334.8009007446846,549.1241255602002,214.32322481551563,60.96998568458999,99.99999999999984,39.03001431540985,21.0,,True,36.85135185185243,366.20000000000005,84.7083594166057,26.88993172158433,117.73746414523752,100.0
historical_hourly_20250726,2025-07-26,historical_hourly,EOG,strong_4m,0.25,zero_missing,549.1241255602012,326.34179725352834,549.1241255602002,222.7823283066719,59.4295136678986,99.99999999999984,40.57048633210125,28.0,,True,36.85749144108149,345.6000000000001,60.34974380763627,26.705109857904635,117.03715545072625,100.0
historical_hourly_20250726,2025-07-26,historical_hourly,EOG,strong_4m,0.5,silo_fraction,1098.2482511204023,819.9612406802999,1098.2482511204005,278.28701044010063,74.66082826390101,99.99999999999984,25.339171736098834,65.0,,True,36.717188078784034,366.20000000000005,8.111110272798053,54.70238382570845,120.55752449718591,100.0
historical_hourly_20250726,2025-07-26,historical_hourly,EOG,strong_4m,0.5,zero_missing,1098.2482511204023,811.1987012820182,1082.2443000653514,271.04559878333316,73.86296317380481,98.54277472887172,24.679811555066905,73.0,,True,36.72157529365461,345.6000000000001,0.0,53.76342306614435,118.45734053315161,0.0
historical_hourly_20250726,2025-07-26,historical_hourly,EOG,strong_4m,1.0,silo_fraction,2196.4965022408046,1248.8966691973858,1535.3923455609026,286.49567636351685,56.85857764504956,69.90187983429693,13.043302189247377,73.0,,True,36.66140133191789,366.20000000000005,0.0,77.65714463336309,85.64224390932154,0.0
historical_hourly_20250726,2025-07-26,historical_hourly,EOG,strong_4m,1.0,zero_missing,2196.4965022408046,1239.9783847869564,1510.8724465397343,270.8940617527778,56.45255448947745,68.78556123346358,12.333006743986132,73.0,,True,36.6648499819205,345.6000000000001,0.0,76.42073902380446,84.19738049413964,0.0
historical_hourly_20250706,2025-07-06,historical_hourly,AEG?,baseline,0.25,silo_fraction,567.9672726673191,499.66636500030177,567.9672726673152,68.30090766701346,87.97449942031714,99.99999999999933,12.025500579682188,20.0,66.0,False,46.59527916217928,310.465,153.51444307930433,28.7594077314394,99.38647677193481,100.0
historical_hourly_20250706,2025-07-06,historical_hourly,AEG?,baseline,0.25,zero_missing,567.9672726673191,497.79768105765555,567.9672726673152,70.16959160965968,87.6454868112155,99.99999999999933,12.354513188783827,20.0,66.0,False,46.59705719882942,290.15999999999997,131.85366445765857,28.69507199670818,99.20237677534752,100.0
historical_hourly_20250706,2025-07-06,historical_hourly,AEG?,baseline,0.5,silo_fraction,1135.9345453346382,1022.7982510749284,1135.9345453346305,113.13629425970203,90.04024530072017,99.99999999999933,9.95975469927916,33.0,,True,46.46009458767037,310.465,85.10112835480324,58.08088455233469,100.54476372190351,100.0
historical_hourly_20250706,2025-07-06,historical_hourly,AEG?,baseline,0.5,zero_missing,1135.9345453346382,1020.9149414543775,1135.9345453346305,115.01960388025293,89.87445145033628,99.99999999999933,10.125548549663051,118.0,,True,46.46125162131705,290.15999999999997,65.46720014540526,57.96807378793852,100.35715861400625,100.0
historical_hourly_20250706,2025-07-06,historical_hourly,AEG?,baseline,1.0,silo_fraction,2271.8690906692764,1331.2497805874607,1537.1210894975773,205.87130891011657,58.597116623268285,67.65887593658631,9.061759313318028,139.0,,True,46.506811432282575,310.465,0.0,77.65136152757574,67.44829484180039,0.0
historical_hourly_20250706,2025-07-06,historical_hourly,AEG?,baseline,1.0,zero_missing,2271.8690906692764,1329.359109668396,1517.6111743338024,188.25206466540635,58.51389567859196,66.80011540131149,8.28621972271953,119.0,,True,46.50764999207354,290.15999999999997,0.0,77.00281632104898,66.84595344129296,0.0
historical_hourly_20250706,2025-07-06,historical_hourly,AEG?,moderate_1m,0.25,silo_fraction,567.9672726673191,499.66636500030177,567.9672726673152,68.30090766701346,87.97449942031714,99.99999999999933,12.025500579682188,20.0,66.0,False,46.59527916217928,310.465,153.51444307930433,28.7594077314394,99.38647677193481,100.0
historical_hourly_20250706,2025-07-06,historical_hourly,AEG?,moderate_1m,0.25,zero_missing,567.9672726673191,497.79768105765555,567.9672726673152,70.16959160965968,87.6454868112155,99.99999999999933,12.354513188783827,20.0,66.0,False,46.59705719882942,290.15999999999997,131.85366445765857,28.69507199670818,99.20237677534752,100.0
historical_hourly_20250706,2025-07-06,historical_hourly,AEG?,moderate_1m,0.5,silo_fraction,1135.9345453346382,1022.7982510749284,1135.9345453346305,113.13629425970203,90.04024530072017,99.99999999999933,9.95975469927916,33.0,,True,46.46009458767037,310.465,85.10112835480324,58.08088455233469,100.54476372190351,100.0
historical_hourly_20250706,2025-07-06,historical_hourly,AEG?,moderate_1m,0.5,zero_missing,1135.9345453346382,1020.9149414543775,1135.9345453346305,115.01960388025293,89.87445145033628,99.99999999999933,10.125548549663051,118.0,,True,46.46125162131705,290.15999999999997,65.46720014540526,57.96807378793852,100.35715861400625,100.0
historical_hourly_20250706,2025-07-06,historical_hourly,AEG?,moderate_1m,1.0,silo_fraction,2271.8690906692764,1331.2497805874607,1537.1210894975773,205.87130891011657,58.597116623268285,67.65887593658631,9.061759313318028,139.0,,True,46.506811432282575,310.465,0.0,77.65136152757574,67.44829484180039,0.0
historical_hourly_20250706,2025-07-06,historical_hourly,AEG?,moderate_1m,1.0,zero_missing,2271.8690906692764,1329.359109668396,1517.6111743338024,188.25206466540635,58.51389567859196,66.80011540131149,8.28621972271953,119.0,,True,46.50764999207354,290.15999999999997,0.0,77.00281632104898,66.84595344129296,0.0
historical_hourly_20250706,2025-07-06,historical_hourly,AEG?,strong_4m,0.25,silo_fraction,567.9672726673191,499.66636500030177,567.9672726673152,68.30090766701346,87.97449942031714,99.99999999999933,12.025500579682188,20.0,66.0,False,46.59527916217928,310.465,153.51444307930433,28.7594077314394,99.38647677193481,100.0
historical_hourly_20250706,2025-07-06,historical_hourly,AEG?,strong_4m,0.25,zero_missing,567.9672726673191,497.79768105765555,567.9672726673152,70.16959160965968,87.6454868112155,99.99999999999933,12.354513188783827,20.0,66.0,False,46.59705719882942,290.15999999999997,131.85366445765857,28.69507199670818,99.20237677534752,100.0
historical_hourly_20250706,2025-07-06,historical_hourly,AEG?,strong_4m,0.5,silo_fraction,1135.9345453346382,1022.7982510749284,1135.9345453346305,113.13629425970203,90.04024530072017,99.99999999999933,9.95975469927916,33.0,,True,46.46009458767037,310.465,85.10112835480324,58.08088455233469,100.54476372190351,100.0
historical_hourly_20250706,2025-07-06,historical_hourly,AEG?,strong_4m,0.5,zero_missing,1135.9345453346382,1020.9149414543775,1135.9345453346305,115.01960388025293,89.87445145033628,99.99999999999933,10.125548549663051,118.0,,True,46.46125162131705,290.15999999999997,65.46720014540526,57.96807378793852,100.35715861400625,100.0
historical_hourly_20250706,2025-07-06,historical_hourly,AEG?,strong_4m,1.0,silo_fraction,2271.8690906692764,1331.2497805874607,1537.1210894975773,205.87130891011657,58.597116623268285,67.65887593658631,9.061759313318028,139.0,,True,46.506811432282575,310.465,0.0,77.65136152757574,67.44829484180039,0.0
historical_hourly_20250706,2025-07-06,historical_hourly,AEG?,strong_4m,1.0,zero_missing,2271.8690906692764,1329.359109668396,1517.6111743338024,188.25206466540635,58.51389567859196,66.80011540131149,8.28621972271953,119.0,,True,46.50764999207354,290.15999999999997,0.0,77.00281632104898,66.84595344129296,0.0
historical_hourly_20250706,2025-07-06,historical_hourly,AOG,baseline,0.25,silo_fraction,582.621915879431,511.48905860505766,582.6219158794307,71.13285727437307,87.79090601715477,99.99999999999996,12.20909398284519,20.0,66.0,False,49.32407110171107,328.6171875,164.4540750563164,29.480922063156058,105.11568750828295,100.0
historical_hourly_20250706,2025-07-06,historical_hourly,AOG,baseline,0.25,zero_missing,582.621915879431,509.5120795575496,582.6219158794307,73.10983632188112,87.45158149234283,99.99999999999996,12.548418507657132,20.0,65.0,False,49.32599344446129,307.125,141.53100397245612,29.413640963270197,104.91688344794579,100.0
historical_hourly_20250706,2025-07-06,historical_hourly,AOG,baseline,0.5,silo_fraction,1165.243831758862,1058.975908544835,1165.2438317588615,106.2679232140265,90.88019860584696,99.99999999999996,9.119801394153,22.0,73.0,False,49.17905554087815,328.6171875,104.86005295041855,59.62323667137747,106.4652746048832,100.0
historical_hourly_20250706,2025-07-06,historical_hourly,AOG,baseline,0.5,zero_missing,1165.243831758862,1056.9829716557372,1165.2438317588615,108.26086010312429,90.70916685826076,99.99999999999996,9.2908331417392,22.0,72.0,False,49.18030109835399,307.125,83.87394246673475,59.509428655081905,106.27102845779432,100.0
historical_hourly_20250706,2025-07-06,historical_hourly,AOG,baseline,1.0,silo_fraction,2330.487663517724,1394.0299795428639,1611.5768508271221,217.54687128425826,59.81709327903773,69.15191511439063,9.334821835352905,139.0,,True,49.224822000607446,328.6171875,0.0,81.3869671243979,72.91531986715349,0.0
historical_hourly_20250706,2025-07-06,historical_hourly,AOG,baseline,1.0,zero_missing,2330.487663517724,1392.0290092389714,1590.9577845556053,198.92877531663385,59.73123269564068,68.26716182458375,8.535929128943074,119.0,,True,49.22572020491043,307.125,0.0,80.70082272104615,72.25817147444272,0.0
historical_hourly_20250706,2025-07-06,historical_hourly,AOG,moderate_1m,0.25,silo_fraction,582.621915879431,511.48905860505766,582.6219158794307,71.13285727437307,87.79090601715477,99.99999999999996,12.20909398284519,20.0,66.0,False,49.32407110171107,328.6171875,164.4540750563164,29.480922063156058,105.11568750828295,100.0
historical_hourly_20250706,2025-07-06,historical_hourly,AOG,moderate_1m,0.25,zero_missing,582.621915879431,509.5120795575496,582.6219158794307,73.10983632188112,87.45158149234283,99.99999999999996,12.548418507657132,20.0,65.0,False,49.32599344446129,307.125,141.53100397245612,29.413640963270197,104.91688344794579,100.0
historical_hourly_20250706,2025-07-06,historical_hourly,AOG,moderate_1m,0.5,silo_fraction,1165.243831758862,1058.975908544835,1165.2438317588615,106.2679232140265,90.88019860584696,99.99999999999996,9.119801394153,22.0,73.0,False,49.17905554087815,328.6171875,104.86005295041855,59.62323667137747,106.4652746048832,100.0
historical_hourly_20250706,2025-07-06,historical_hourly,AOG,moderate_1m,0.5,zero_missing,1165.243831758862,1056.9829716557372,1165.2438317588615,108.26086010312429,90.70916685826076,99.99999999999996,9.2908331417392,22.0,72.0,False,49.18030109835399,307.125,83.87394246673475,59.509428655081905,106.27102845779432,100.0
historical_hourly_20250706,2025-07-06,historical_hourly,AOG,moderate_1m,1.0,silo_fraction,2330.487663517724,1394.0299795428639,1611.5768508271221,217.54687128425826,59.81709327903773,69.15191511439063,9.334821835352905,139.0,,True,49.224822000607446,328.6171875,0.0,81.3869671243979,72.91531986715349,0.0
historical_hourly_20250706,2025-07-06,historical_hourly,AOG,moderate_1m,1.0,zero_missing,2330.487663517724,1392.0290092389714,1590.9577845556053,198.92877531663385,59.73123269564068,68.26716182458375,8.535929128943074,119.0,,True,49.22572020491043,307.125,0.0,80.70082272104615,72.25817147444272,0.0
historical_hourly_20250706,2025-07-06,historical_hourly,AOG,strong_4m,0.25,silo_fraction,582.621915879431,511.48905860505766,582.6219158794307,71.13285727437307,87.79090601715477,99.99999999999996,12.20909398284519,20.0,66.0,False,49.32407110171107,328.6171875,164.4540750563164,29.480922063156058,105.11568750828295,100.0
historical_hourly_20250706,2025-07-06,historical_hourly,AOG,strong_4m,0.25,zero_missing,582.621915879431,509.5120795575496,582.6219158794307,73.10983632188112,87.45158149234283,99.99999999999996,12.548418507657132,20.0,65.0,False,49.32599344446129,307.125,141.53100397245612,29.413640963270197,104.91688344794579,100.0
historical_hourly_20250706,2025-07-06,historical_hourly,AOG,strong_4m,0.5,silo_fraction,1165.243831758862,1058.975908544835,1165.2438317588615,106.2679232140265,90.88019860584696,99.99999999999996,9.119801394153,22.0,73.0,False,49.17905554087815,328.6171875,104.86005295041855,59.62323667137747,106.4652746048832,100.0
historical_hourly_20250706,2025-07-06,historical_hourly,AOG,strong_4m,0.5,zero_missing,1165.243831758862,1056.9829716557372,1165.2438317588615,108.26086010312429,90.70916685826076,99.99999999999996,9.2908331417392,22.0,72.0,False,49.18030109835399,307.125,83.87394246673475,59.509428655081905,106.27102845779432,100.0
historical_hourly_20250706,2025-07-06,historical_hourly,AOG,strong_4m,1.0,silo_fraction,2330.487663517724,1394.0299795428639,1611.5768508271221,217.54687128425826,59.81709327903773,69.15191511439063,9.334821835352905,139.0,,True,49.224822000607446,328.6171875,0.0,81.3869671243979,72.91531986715349,0.0
historical_hourly_20250706,2025-07-06,historical_hourly,AOG,strong_4m,1.0,zero_missing,2330.487663517724,1392.0290092389714,1590.9577845556053,198.92877531663385,59.73123269564068,68.26716182458375,8.535929128943074,119.0,,True,49.22572020491043,307.125,0.0,80.70082272104615,72.25817147444272,0.0
historical_hourly_20250706,2025-07-06,historical_hourly,All gullies (union),baseline,0.25,silo_fraction,1699.7133141069512,1494.2129424382476,1699.713314106919,205.50037166867128,87.90970395047617,99.99999999999811,12.090296049521939,20.0,66.0,False,141.01168600507822,939.5321875,466.58400520652674,86.04501025843486,300.6811898465492,100.0
historical_hourly_20250706,2025-07-06,historical_hourly,All gullies (union),baseline,0.25,zero_missing,1699.7133141069512,1488.5588921377937,1699.713314106919,211.15442196912522,87.57705665910487,99.99999999999811,12.42294334089324,20.0,65.0,False,141.01710776808022,878.085,401.03817720935353,85.85115500743782,300.1200548186184,100.0
historical_hourly_20250706,2025-07-06,historical_hourly,All gullies (union),baseline,0.5,silo_fraction,3399.4266282139024,3073.127451445734,3399.426628213838,326.29917676810373,90.40134668417274,99.99999999999811,9.598653315825374,33.0,,True,140.5992827839682,939.5321875,274.89921464938897,173.8729019310025,304.3296938141042,100.0
historical_hourly_20250706,2025-07-06,historical_hourly,All gullies (union),baseline,0.5,zero_missing,3399.4266282139024,3067.4286555413,3399.426628213838,331.9979726725378,90.23370676933723,99.99999999999811,9.766293230660878,118.0,73.0,False,140.60280544483567,878.085,215.27116172837754,173.53797098801238,303.76735124055773,100.0
historical_hourly_20250706,2025-07-06,historical_hourly,All gullies (union),baseline,1.0,silo_fraction,6798.853256427805,4013.2238110329454,4635.868521342985,622.64471031004,59.02795162167596,68.1860358871567,9.158084265480746,139.0,,True,140.73822365266415,939.5321875,0.0,234.1656445552323,205.6651273402955,0.0
historical_hourly_20250706,2025-07-06,historical_hourly,All gullies (union),baseline,1.0,zero_missing,6798.853256427805,4007.502492439224,4576.859159324948,569.3566668857243,58.943800392373994,67.31810478477193,8.374304392397939,119.0,,True,140.7407721080922,878.085,0.0,232.20333604486052,203.82238906581935,0.0
historical_hourly_20250706,2025-07-06,historical_hourly,All gullies (union),moderate_1m,0.25,silo_fraction,1699.7133141069512,1494.2129424382476,1699.713314106919,205.50037166867128,87.90970395047617,99.99999999999811,12.090296049521939,20.0,66.0,False,141.01168600507822,939.5321875,466.58400520652674,86.04501025843486,300.6811898465492,100.0
historical_hourly_20250706,2025-07-06,historical_hourly,All gullies (union),moderate_1m,0.25,zero_missing,1699.7133141069512,1488.5588921377937,1699.713314106919,211.15442196912522,87.57705665910487,99.99999999999811,12.42294334089324,20.0,65.0,False,141.01710776808022,878.085,401.03817720935353,85.85115500743782,300.1200548186184,100.0
historical_hourly_20250706,2025-07-06,historical_hourly,All gullies (union),moderate_1m,0.5,silo_fraction,3399.4266282139024,3073.127451445734,3399.426628213838,326.29917676810373,90.40134668417274,99.99999999999811,9.598653315825374,33.0,,True,140.5992827839682,939.5321875,274.89921464938897,173.8729019310025,304.3296938141042,100.0
historical_hourly_20250706,2025-07-06,historical_hourly,All gullies (union),moderate_1m,0.5,zero_missing,3399.4266282139024,3067.4286555413,3399.426628213838,331.9979726725378,90.23370676933723,99.99999999999811,9.766293230660878,118.0,73.0,False,140.60280544483567,878.085,215.27116172837754,173.53797098801238,303.76735124055773,100.0
historical_hourly_20250706,2025-07-06,historical_hourly,All gullies (union),moderate_1m,1.0,silo_fraction,6798.853256427805,4013.2238110329454,4635.868521342985,622.64471031004,59.02795162167596,68.1860358871567,9.158084265480746,139.0,,True,140.73822365266415,939.5321875,0.0,234.1656445552323,205.6651273402955,0.0
historical_hourly_20250706,2025-07-06,historical_hourly,All gullies (union),moderate_1m,1.0,zero_missing,6798.853256427805,4007.502492439224,4576.859159324948,569.3566668857243,58.943800392373994,67.31810478477193,8.374304392397939,119.0,,True,140.7407721080922,878.085,0.0,232.20333604486052,203.82238906581935,0.0
historical_hourly_20250706,2025-07-06,historical_hourly,All gullies (union),strong_4m,0.25,silo_fraction,1699.7133141069512,1494.2129424382476,1699.713314106919,205.50037166867128,87.90970395047617,99.99999999999811,12.090296049521939,20.0,66.0,False,141.01168600507822,939.5321875,466.58400520652674,86.04501025843486,300.6811898465492,100.0
historical_hourly_20250706,2025-07-06,historical_hourly,All gullies (union),strong_4m,0.25,zero_missing,1699.7133141069512,1488.5588921377937,1699.713314106919,211.15442196912522,87.57705665910487,99.99999999999811,12.42294334089324,20.0,65.0,False,141.01710776808022,878.085,401.03817720935353,85.85115500743782,300.1200548186184,100.0
historical_hourly_20250706,2025-07-06,historical_hourly,All gullies (union),strong_4m,0.5,silo_fraction,3399.4266282139024,3073.127451445734,3399.426628213838,326.29917676810373,90.40134668417274,99.99999999999811,9.598653315825374,33.0,,True,140.5992827839682,939.5321875,274.89921464938897,173.8729019310025,304.3296938141042,100.0
historical_hourly_20250706,2025-07-06,historical_hourly,All gullies (union),strong_4m,0.5,zero_missing,3399.4266282139024,3067.4286555413,3399.426628213838,331.9979726725378,90.23370676933723,99.99999999999811,9.766293230660878,118.0,73.0,False,140.60280544483567,878.085,215.27116172837754,173.53797098801238,303.76735124055773,100.0
historical_hourly_20250706,2025-07-06,historical_hourly,All gullies (union),strong_4m,1.0,silo_fraction,6798.853256427805,4013.2238110329454,4635.868521342985,622.64471031004,59.02795162167596,68.1860358871567,9.158084265480746,139.0,,True,140.73822365266415,939.5321875,0.0,234.1656445552323,205.6651273402955,0.0
historical_hourly_20250706,2025-07-06,historical_hourly,All gullies (union),strong_4m,1.0,zero_missing,6798.853256427805,4007.502492439224,4576.859159324948,569.3566668857243,58.943800392373994,67.31810478477193,8.374304392397939,119.0,,True,140.7407721080922,878.085,0.0,232.20333604486052,203.82238906581935,0.0
historical_hourly_20250706,2025-07-06,historical_hourly,EOG,baseline,0.25,silo_fraction,549.1241255602012,483.05751883288804,549.1241255602002,66.0666067273122,87.96872990056414,99.99999999999984,12.031270099435702,20.0,66.0,False,45.0923357411404,300.45000000000005,148.61548707090515,27.804680463839347,96.1790255663317,100.0
historical_hourly_20250706,2025-07-06,historical_hourly,EOG,baseline,0.25,zero_missing,549.1241255602012,481.24913152258506,549.1241255602002,67.87499403761518,87.6394077626125,99.99999999999984,12.360592237387337,20.0,66.0,False,45.09405712480714,280.8,127.65350877923757,27.742442047459498,96.00079459532502,100.0
historical_hourly_20250706,2025-07-06,historical_hourly,EOG,baseline,0.5,silo_fraction,1098.2482511204023,991.3532918259649,1098.2482511204005,106.89495929443558,90.26677627891634,99.99999999999984,9.733223721083505,22.0,,True,44.96013265539432,300.45000000000005,84.93803334416863,56.16878070729051,97.31965548731745,100.0
historical_hourly_20250706,2025-07-06,historical_hourly,EOG,baseline,0.5,zero_missing,1098.2482511204023,989.5307424311833,1098.2482511204005,108.7175086892172,90.10082569416265,99.99999999999984,9.899174305837192,22.0,,True,44.961252725132226,280.8,65.93001911623725,56.0604685449921,97.13916416875713,100.0
historical_hourly_20250706,2025-07-06,historical_hourly,EOG,baseline,1.0,silo_fraction,2196.4965022408046,1287.9440509026253,1487.1705810183073,199.22653011568195,58.63628963618657,67.70648528240939,9.070195646222821,139.0,,True,45.00659021968727,300.45000000000005,0.0,75.12731590325855,65.3015126313417,0.0
historical_hourly_20250706,2025-07-06,historical_hourly,EOG,baseline,1.0,zero_missing,2196.4965022408046,1286.1143735318494,1468.2902004354617,182.17582690361223,58.55298982810998,66.846917303877,8.293927475767028,119.0,,True,45.00740191112027,280.8,0.0,74.4996970027654,64.71826415008343,0.0
historical_hourly_20250706,2025-07-06,historical_hourly,EOG,moderate_1m,0.25,silo_fraction,549.1241255602012,483.05751883288804,549.1241255602002,66.0666067273122,87.96872990056414,99.99999999999984,12.031270099435702,20.0,66.0,False,45.0923357411404,300.45000000000005,148.61548707090515,27.804680463839347,96.1790255663317,100.0
historical_hourly_20250706,2025-07-06,historical_hourly,EOG,moderate_1m,0.25,zero_missing,549.1241255602012,481.24913152258506,549.1241255602002,67.87499403761518,87.6394077626125,99.99999999999984,12.360592237387337,20.0,66.0,False,45.09405712480714,280.8,127.65350877923757,27.742442047459498,96.00079459532502,100.0
historical_hourly_20250706,2025-07-06,historical_hourly,EOG,moderate_1m,0.5,silo_fraction,1098.2482511204023,991.3532918259649,1098.2482511204005,106.89495929443558,90.26677627891634,99.99999999999984,9.733223721083505,22.0,,True,44.96013265539432,300.45000000000005,84.93803334416863,56.16878070729051,97.31965548731745,100.0
historical_hourly_20250706,2025-07-06,historical_hourly,EOG,moderate_1m,0.5,zero_missing,1098.2482511204023,989.5307424311833,1098.2482511204005,108.7175086892172,90.10082569416265,99.99999999999984,9.899174305837192,22.0,,True,44.961252725132226,280.8,65.93001911623725,56.0604685449921,97.13916416875713,100.0
historical_hourly_20250706,2025-07-06,historical_hourly,EOG,moderate_1m,1.0,silo_fraction,2196.4965022408046,1287.9440509026253,1487.1705810183073,199.22653011568195,58.63628963618657,67.70648528240939,9.070195646222821,139.0,,True,45.00659021968727,300.45000000000005,0.0,75.12731590325855,65.3015126313417,0.0
historical_hourly_20250706,2025-07-06,historical_hourly,EOG,moderate_1m,1.0,zero_missing,2196.4965022408046,1286.1143735318494,1468.2902004354617,182.17582690361223,58.55298982810998,66.846917303877,8.293927475767028,119.0,,True,45.00740191112027,280.8,0.0,74.4996970027654,64.71826415008343,0.0
historical_hourly_20250706,2025-07-06,historical_hourly,EOG,strong_4m,0.25,silo_fraction,549.1241255602012,483.05751883288804,549.1241255602002,66.0666067273122,87.96872990056414,99.99999999999984,12.031270099435702,20.0,66.0,False,45.0923357411404,300.45000000000005,148.61548707090515,27.804680463839347,96.1790255663317,100.0
historical_hourly_20250706,2025-07-06,historical_hourly,EOG,strong_4m,0.25,zero_missing,549.1241255602012,481.24913152258506,549.1241255602002,67.87499403761518,87.6394077626125,99.99999999999984,12.360592237387337,20.0,66.0,False,45.09405712480714,280.8,127.65350877923757,27.742442047459498,96.00079459532502,100.0
historical_hourly_20250706,2025-07-06,historical_hourly,EOG,strong_4m,0.5,silo_fraction,1098.2482511204023,991.3532918259649,1098.2482511204005,106.89495929443558,90.26677627891634,99.99999999999984,9.733223721083505,22.0,,True,44.96013265539432,300.45000000000005,84.93803334416863,56.16878070729051,97.31965548731745,100.0
historical_hourly_20250706,2025-07-06,historical_hourly,EOG,strong_4m,0.5,zero_missing,1098.2482511204023,989.5307424311833,1098.2482511204005,108.7175086892172,90.10082569416265,99.99999999999984,9.899174305837192,22.0,,True,44.961252725132226,280.8,65.93001911623725,56.0604685449921,97.13916416875713,100.0
historical_hourly_20250706,2025-07-06,historical_hourly,EOG,strong_4m,1.0,silo_fraction,2196.4965022408046,1287.9440509026253,1487.1705810183073,199.22653011568195,58.63628963618657,67.70648528240939,9.070195646222821,139.0,,True,45.00659021968727,300.45000000000005,0.0,75.12731590325855,65.3015126313417,0.0
historical_hourly_20250706,2025-07-06,historical_hourly,EOG,strong_4m,1.0,zero_missing,2196.4965022408046,1286.1143735318494,1468.2902004354617,182.17582690361223,58.55298982810998,66.846917303877,8.293927475767028,119.0,,True,45.00740191112027,280.8,0.0,74.4996970027654,64.71826415008343,0.0
historical_hourly_20250624,2025-06-24,historical_hourly,AEG?,baseline,0.25,silo_fraction,567.9672726673191,423.69736338350657,567.9672726673152,144.26990928380866,74.59890450971157,99.99999999999933,25.40109549028776,30.0,108.0,False,41.882412559420914,321.78,70.94230275714335,27.44959819042392,96.94070376653983,100.0
historical_hourly_20250624,2025-06-24,historical_hourly,AEG?,baseline,0.25,zero_missing,567.9672726673191,423.66955245845173,567.9672726673152,144.2977202088635,74.59400793795591,99.99999999999933,25.405992062043424,33.0,99.0,False,41.88244233465906,305.03999999999996,58.767295806035165,27.252475590417305,96.24654594344582,100.0
historical_hourly_20250624,2025-06-24,historical_hourly,AEG?,baseline,0.5,silo_fraction,1135.9345453346382,783.0242032266252,994.6627052235692,211.638501996944,68.93215867433206,87.56338200195758,18.63122332762552,42.0,139.0,False,41.802764844250646,321.78,0.0,49.00809760357087,87.25562852446878,0.0
historical_hourly_20250624,2025-06-24,historical_hourly,AEG?,baseline,0.5,zero_missing,1135.9345453346382,782.996331509015,982.523604027749,199.52727251873398,68.92970503668853,86.49473757647758,17.565032539789044,42.0,124.0,False,41.802786792125744,305.03999999999996,0.0,48.304351600047006,85.90528005663808,0.0
historical_hourly_20250624,2025-06-24,historical_hourly,AEG?,baseline,1.0,silo_fraction,2271.8690906692764,1053.8327205481799,1265.4979662512376,211.66524570305774,46.38615512118827,55.702943952568624,9.316788831380357,42.0,,True,41.77263960303071,321.78,0.0,63.58944396868883,56.54820296622553,0.0
historical_hourly_20250624,2025-06-24,historical_hourly,AEG?,baseline,1.0,zero_missing,2271.8690906692764,1053.8048183772728,1253.3213607984615,199.51654242118866,46.384926961915276,55.16697092917629,8.78204396726101,42.0,,True,41.77265760660862,305.03999999999996,0.0,62.87072020075374,55.85864366809394,0.0
historical_hourly_20250624,2025-06-24,historical_hourly,AEG?,moderate_1m,0.25,silo_fraction,567.9672726673191,423.69736338350657,567.9672726673152,144.26990928380866,74.59890450971157,99.99999999999933,25.40109549028776,30.0,108.0,False,41.882412559420914,321.78,70.94230275714335,27.44959819042392,96.94070376653983,100.0
historical_hourly_20250624,2025-06-24,historical_hourly,AEG?,moderate_1m,0.25,zero_missing,567.9672726673191,423.66955245845173,567.9672726673152,144.2977202088635,74.59400793795591,99.99999999999933,25.405992062043424,33.0,99.0,False,41.88244233465906,305.03999999999996,58.767295806035165,27.252475590417305,96.24654594344582,100.0
historical_hourly_20250624,2025-06-24,historical_hourly,AEG?,moderate_1m,0.5,silo_fraction,1135.9345453346382,783.0242032266252,994.6627052235692,211.638501996944,68.93215867433206,87.56338200195758,18.63122332762552,42.0,139.0,False,41.802764844250646,321.78,0.0,49.00809760357087,87.25562852446878,0.0
historical_hourly_20250624,2025-06-24,historical_hourly,AEG?,moderate_1m,0.5,zero_missing,1135.9345453346382,782.996331509015,982.523604027749,199.52727251873398,68.92970503668853,86.49473757647758,17.565032539789044,42.0,124.0,False,41.802786792125744,305.03999999999996,0.0,48.304351600047006,85.90528005663808,0.0
historical_hourly_20250624,2025-06-24,historical_hourly,AEG?,moderate_1m,1.0,silo_fraction,2271.8690906692764,1053.8327205481799,1265.4979662512376,211.66524570305774,46.38615512118827,55.702943952568624,9.316788831380357,42.0,,True,41.77263960303071,321.78,0.0,63.58944396868883,56.54820296622553,0.0
historical_hourly_20250624,2025-06-24,historical_hourly,AEG?,moderate_1m,1.0,zero_missing,2271.8690906692764,1053.8048183772728,1253.3213607984615,199.51654242118866,46.384926961915276,55.16697092917629,8.78204396726101,42.0,,True,41.77265760660862,305.03999999999996,0.0,62.87072020075374,55.85864366809394,0.0
historical_hourly_20250624,2025-06-24,historical_hourly,AEG?,strong_4m,0.25,silo_fraction,567.9672726673191,423.69736338350657,567.9672726673152,144.26990928380866,74.59890450971157,99.99999999999933,25.40109549028776,30.0,108.0,False,41.882412559420914,321.78,70.94230275714335,27.44959819042392,96.94070376653983,100.0
historical_hourly_20250624,2025-06-24,historical_hourly,AEG?,strong_4m,0.25,zero_missing,567.9672726673191,423.66955245845173,567.9672726673152,144.2977202088635,74.59400793795591,99.99999999999933,25.405992062043424,33.0,99.0,False,41.88244233465906,305.03999999999996,58.767295806035165,27.252475590417305,96.24654594344582,100.0
historical_hourly_20250624,2025-06-24,historical_hourly,AEG?,strong_4m,0.5,silo_fraction,1135.9345453346382,783.0242032266252,994.6627052235692,211.638501996944,68.93215867433206,87.56338200195758,18.63122332762552,42.0,139.0,False,41.802764844250646,321.78,0.0,49.00809760357087,87.25562852446878,0.0
historical_hourly_20250624,2025-06-24,historical_hourly,AEG?,strong_4m,0.5,zero_missing,1135.9345453346382,782.996331509015,982.523604027749,199.52727251873398,68.92970503668853,86.49473757647758,17.565032539789044,42.0,124.0,False,41.802786792125744,305.03999999999996,0.0,48.304351600047006,85.90528005663808,0.0
historical_hourly_20250624,2025-06-24,historical_hourly,AEG?,strong_4m,1.0,silo_fraction,2271.8690906692764,1053.8327205481799,1265.4979662512376,211.66524570305774,46.38615512118827,55.702943952568624,9.316788831380357,42.0,,True,41.77263960303071,321.78,0.0,63.58944396868883,56.54820296622553,0.0
historical_hourly_20250624,2025-06-24,historical_hourly,AEG?,strong_4m,1.0,zero_missing,2271.8690906692764,1053.8048183772728,1253.3213607984615,199.51654242118866,46.384926961915276,55.16697092917629,8.78204396726101,42.0,,True,41.77265760660862,305.03999999999996,0.0,62.87072020075374,55.85864366809394,0.0
historical_hourly_20250624,2025-06-24,historical_hourly,AOG,baseline,0.25,silo_fraction,582.621915879431,431.8980377429346,582.6219158794307,150.72387813649613,74.13007062925395,99.99999999999996,25.869929370746007,30.0,107.0,False,44.3359862230937,340.59375,77.3317724478012,28.11736266725459,102.42907108595242,100.0
historical_hourly_20250624,2025-06-24,historical_hourly,AOG,baseline,0.25,zero_missing,582.621915879431,431.8686047900198,582.6219158794307,150.75331108941094,74.1250188191327,99.99999999999996,25.874981180867252,32.0,100.0,False,44.33601825397744,322.875,64.4448067302175,27.909878786682256,101.67465964093606,100.0
historical_hourly_20250624,2025-06-24,historical_hourly,AOG,baseline,0.5,silo_fraction,1165.243831758862,816.6548659997794,1040.624779606745,223.96991360696563,70.08446161582255,89.30532402269726,19.220862406874716,42.0,137.0,False,44.247824132251594,340.59375,0.0,51.210854257835074,94.052501882178,0.0
historical_hourly_20250624,2025-06-24,historical_hourly,AOG,baseline,0.5,zero_missing,1165.243831758862,816.6253666978927,1027.778407762636,211.15304106474343,70.08193001676295,88.20286190326959,18.12093188650664,42.0,122.0,False,44.24784762347008,322.875,0.0,50.46693692098914,92.58045793360645,0.0
historical_hourly_20250624,2025-06-24,historical_hourly,AOG,baseline,1.0,silo_fraction,2330.487663517724,1101.310006099679,1325.4027233111362,224.09271721145728,47.256633164808136,56.87233380632982,9.615700641521684,42.0,,True,44.21711704011432,340.59375,0.0,66.55671282287133,61.05179749262912,0.0
historical_hourly_20250624,2025-06-24,historical_hourly,AOG,baseline,1.0,zero_missing,2330.487663517724,1101.2804735591662,1312.5154211402137,211.23494758104744,47.25536593902638,56.31934644781833,9.06398050879195,42.0,,True,44.21713622703783,322.875,0.0,65.79646943376551,60.299613792770685,0.0
historical_hourly_20250624,2025-06-24,historical_hourly,AOG,moderate_1m,0.25,silo_fraction,582.621915879431,431.8980377429346,582.6219158794307,150.72387813649613,74.13007062925395,99.99999999999996,25.869929370746007,30.0,107.0,False,44.3359862230937,340.59375,77.3317724478012,28.11736266725459,102.42907108595242,100.0
historical_hourly_20250624,2025-06-24,historical_hourly,AOG,moderate_1m,0.25,zero_missing,582.621915879431,431.8686047900198,582.6219158794307,150.75331108941094,74.1250188191327,99.99999999999996,25.874981180867252,32.0,100.0,False,44.33601825397744,322.875,64.4448067302175,27.909878786682256,101.67465964093606,100.0
historical_hourly_20250624,2025-06-24,historical_hourly,AOG,moderate_1m,0.5,silo_fraction,1165.243831758862,816.6548659997794,1040.624779606745,223.96991360696563,70.08446161582255,89.30532402269726,19.220862406874716,42.0,137.0,False,44.247824132251594,340.59375,0.0,51.210854257835074,94.052501882178,0.0
historical_hourly_20250624,2025-06-24,historical_hourly,AOG,moderate_1m,0.5,zero_missing,1165.243831758862,816.6253666978927,1027.778407762636,211.15304106474343,70.08193001676295,88.20286190326959,18.12093188650664,42.0,122.0,False,44.24784762347008,322.875,0.0,50.46693692098914,92.58045793360645,0.0
historical_hourly_20250624,2025-06-24,historical_hourly,AOG,moderate_1m,1.0,silo_fraction,2330.487663517724,1101.310006099679,1325.4027233111362,224.09271721145728,47.256633164808136,56.87233380632982,9.615700641521684,42.0,,True,44.21711704011432,340.59375,0.0,66.55671282287133,61.05179749262912,0.0
historical_hourly_20250624,2025-06-24,historical_hourly,AOG,moderate_1m,1.0,zero_missing,2330.487663517724,1101.2804735591662,1312.5154211402137,211.23494758104744,47.25536593902638,56.31934644781833,9.06398050879195,42.0,,True,44.21713622703783,322.875,0.0,65.79646943376551,60.299613792770685,0.0
historical_hourly_20250624,2025-06-24,historical_hourly,AOG,strong_4m,0.25,silo_fraction,582.621915879431,431.8980377429346,582.6219158794307,150.72387813649613,74.13007062925395,99.99999999999996,25.869929370746007,30.0,107.0,False,44.3359862230937,340.59375,77.3317724478012,28.11736266725459,102.42907108595242,100.0
historical_hourly_20250624,2025-06-24,historical_hourly,AOG,strong_4m,0.25,zero_missing,582.621915879431,431.8686047900198,582.6219158794307,150.75331108941094,74.1250188191327,99.99999999999996,25.874981180867252,32.0,100.0,False,44.33601825397744,322.875,64.4448067302175,27.909878786682256,101.67465964093606,100.0
historical_hourly_20250624,2025-06-24,historical_hourly,AOG,strong_4m,0.5,silo_fraction,1165.243831758862,816.6548659997794,1040.624779606745,223.96991360696563,70.08446161582255,89.30532402269726,19.220862406874716,42.0,137.0,False,44.247824132251594,340.59375,0.0,51.210854257835074,94.052501882178,0.0
historical_hourly_20250624,2025-06-24,historical_hourly,AOG,strong_4m,0.5,zero_missing,1165.243831758862,816.6253666978927,1027.778407762636,211.15304106474343,70.08193001676295,88.20286190326959,18.12093188650664,42.0,122.0,False,44.24784762347008,322.875,0.0,50.46693692098914,92.58045793360645,0.0
historical_hourly_20250624,2025-06-24,historical_hourly,AOG,strong_4m,1.0,silo_fraction,2330.487663517724,1101.310006099679,1325.4027233111362,224.09271721145728,47.256633164808136,56.87233380632982,9.615700641521684,42.0,,True,44.21711704011432,340.59375,0.0,66.55671282287133,61.05179749262912,0.0
historical_hourly_20250624,2025-06-24,historical_hourly,AOG,strong_4m,1.0,zero_missing,2330.487663517724,1101.2804735591662,1312.5154211402137,211.23494758104744,47.25536593902638,56.31934644781833,9.06398050879195,42.0,,True,44.21713622703783,322.875,0.0,65.79646943376551,60.299613792770685,0.0
historical_hourly_20250624,2025-06-24,historical_hourly,All gullies (union),baseline,0.25,silo_fraction,1699.7133141069512,1265.1550937458953,1699.713314106919,434.5582203610236,74.43344023051453,99.99999999999811,25.566559769483575,30.0,108.0,False,126.74989996098998,973.7737500000001,216.98688166547817,82.10467208848655,293.1801328445765,100.0
historical_hourly_20250624,2025-06-24,historical_hourly,All gullies (union),baseline,0.25,zero_missing,1699.7133141069512,1265.0709361380389,1699.713314106919,434.64237796888006,74.42848894801543,99.99999999999811,25.571511051982682,33.0,99.0,False,126.74999059070751,923.115,180.14210153471686,81.50949235690315,291.05981723761977,100.0
historical_hourly_20250624,2025-06-24,historical_hourly,All gullies (union),baseline,0.5,silo_fraction,3399.4266282139024,2357.1679206865424,2997.587233079256,640.4193123927134,69.34016169441567,88.17920081582176,18.83903912140609,42.0,138.0,False,126.50490248240476,973.7737500000001,0.0,147.63115233037342,265.7843955172034,0.0
historical_hourly_20250624,2025-06-24,historical_hourly,All gullies (union),baseline,0.5,zero_missing,3399.4266282139024,2357.0835770714375,2960.8542850473846,603.7707079759471,69.33768058144194,87.09863776654156,17.760957185099613,42.0,123.0,False,126.50496916585416,923.115,0.0,145.50246141741826,261.654465488657,0.0
historical_hourly_20250624,2025-06-24,historical_hourly,All gullies (union),baseline,1.0,silo_fraction,6798.853256427805,3174.629401347349,3815.226911629664,640.5975102823149,46.69360084137683,56.11574140128195,9.422140559905124,42.0,,True,126.41495443417853,973.7737500000001,0.0,191.66585005684485,172.3468052017214,0.0
historical_hourly_20250624,2025-06-24,historical_hourly,All gullies (union),baseline,1.0,zero_missing,6798.853256427805,3174.5449645522276,3778.379213474855,603.8342489226275,46.69235891436447,55.57377209020773,8.881413175843264,42.0,,True,126.41500904971917,923.115,0.0,189.49135242068604,170.23736120337065,0.0
historical_hourly_20250624,2025-06-24,historical_hourly,All gullies (union),moderate_1m,0.25,silo_fraction,1699.7133141069512,1265.1550937458953,1699.713314106919,434.5582203610236,74.43344023051453,99.99999999999811,25.566559769483575,30.0,108.0,False,126.74989996098998,973.7737500000001,216.98688166547817,82.10467208848655,293.1801328445765,100.0
historical_hourly_20250624,2025-06-24,historical_hourly,All gullies (union),moderate_1m,0.25,zero_missing,1699.7133141069512,1265.0709361380389,1699.713314106919,434.64237796888006,74.42848894801543,99.99999999999811,25.571511051982682,33.0,99.0,False,126.74999059070751,923.115,180.14210153471686,81.50949235690315,291.05981723761977,100.0
historical_hourly_20250624,2025-06-24,historical_hourly,All gullies (union),moderate_1m,0.5,silo_fraction,3399.4266282139024,2357.1679206865424,2997.587233079256,640.4193123927134,69.34016169441567,88.17920081582176,18.83903912140609,42.0,138.0,False,126.50490248240476,973.7737500000001,0.0,147.63115233037342,265.7843955172034,0.0
historical_hourly_20250624,2025-06-24,historical_hourly,All gullies (union),moderate_1m,0.5,zero_missing,3399.4266282139024,2357.0835770714375,2960.8542850473846,603.7707079759471,69.33768058144194,87.09863776654156,17.760957185099613,42.0,123.0,False,126.50496916585416,923.115,0.0,145.50246141741826,261.654465488657,0.0
historical_hourly_20250624,2025-06-24,historical_hourly,All gullies (union),moderate_1m,1.0,silo_fraction,6798.853256427805,3174.629401347349,3815.226911629664,640.5975102823149,46.69360084137683,56.11574140128195,9.422140559905124,42.0,,True,126.41495443417853,973.7737500000001,0.0,191.66585005684485,172.3468052017214,0.0
historical_hourly_20250624,2025-06-24,historical_hourly,All gullies (union),moderate_1m,1.0,zero_missing,6798.853256427805,3174.5449645522276,3778.379213474855,603.8342489226275,46.69235891436447,55.57377209020773,8.881413175843264,42.0,,True,126.41500904971917,923.115,0.0,189.49135242068604,170.23736120337065,0.0
historical_hourly_20250624,2025-06-24,historical_hourly,All gullies (union),strong_4m,0.25,silo_fraction,1699.7133141069512,1265.1550937458953,1699.713314106919,434.5582203610236,74.43344023051453,99.99999999999811,25.566559769483575,30.0,108.0,False,126.74989996098998,973.7737500000001,216.98688166547817,82.10467208848655,293.1801328445765,100.0
historical_hourly_20250624,2025-06-24,historical_hourly,All gullies (union),strong_4m,0.25,zero_missing,1699.7133141069512,1265.0709361380389,1699.713314106919,434.64237796888006,74.42848894801543,99.99999999999811,25.571511051982682,33.0,99.0,False,126.74999059070751,923.115,180.14210153471686,81.50949235690315,291.05981723761977,100.0
historical_hourly_20250624,2025-06-24,historical_hourly,All gullies (union),strong_4m,0.5,silo_fraction,3399.4266282139024,2357.1679206865424,2997.587233079256,640.4193123927134,69.34016169441567,88.17920081582176,18.83903912140609,42.0,138.0,False,126.50490248240476,973.7737500000001,0.0,147.63115233037342,265.7843955172034,0.0
historical_hourly_20250624,2025-06-24,historical_hourly,All gullies (union),strong_4m,0.5,zero_missing,3399.4266282139024,2357.0835770714375,2960.8542850473846,603.7707079759471,69.33768058144194,87.09863776654156,17.760957185099613,42.0,123.0,False,126.50496916585416,923.115,0.0,145.50246141741826,261.654465488657,0.0
historical_hourly_20250624,2025-06-24,historical_hourly,All gullies (union),strong_4m,1.0,silo_fraction,6798.853256427805,3174.629401347349,3815.226911629664,640.5975102823149,46.69360084137683,56.11574140128195,9.422140559905124,42.0,,True,126.41495443417853,973.7737500000001,0.0,191.66585005684485,172.3468052017214,0.0
historical_hourly_20250624,2025-06-24,historical_hourly,All gullies (union),strong_4m,1.0,zero_missing,6798.853256427805,3174.5449645522276,3778.379213474855,603.8342489226275,46.69235891436447,55.57377209020773,8.881413175843264,42.0,,True,126.41500904971917,923.115,0.0,189.49135242068604,170.23736120337065,0.0
historical_hourly_20250624,2025-06-24,historical_hourly,EOG,baseline,0.25,silo_fraction,549.1241255602012,409.55969261946,549.1241255602002,139.56443294074023,74.58417387901844,99.99999999999984,25.415826120981407,30.0,108.0,False,40.53150117846138,311.4,68.71280646053206,26.537711230808107,93.81035799208448,100.0
historical_hourly_20250624,2025-06-24,historical_hourly,EOG,baseline,0.25,zero_missing,549.1241255602012,409.53277888956796,549.1241255602002,139.59134667063228,74.57927266841064,99.99999999999984,25.420727331589205,32.0,100.0,False,40.531530002046,295.20000000000005,56.92999899846306,26.347137979803485,93.13861165323749,100.0
historical_hourly_20250624,2025-06-24,historical_hourly,EOG,baseline,0.5,silo_fraction,1098.2482511204023,757.4888514601438,962.2997482489019,204.8108967887581,68.97246143459593,87.62133217760105,18.64887074300512,42.0,139.0,False,40.45431350593299,311.4,0.0,47.412200468967455,84.47626511055678,0.0
historical_hourly_20250624,2025-06-24,historical_hourly,EOG,baseline,0.5,zero_missing,1098.2482511204023,757.4618788645324,950.5522732569862,193.09039439245373,68.97000546932726,86.55167647999978,17.581671010672522,42.0,124.0,False,40.45433475027346,295.20000000000005,0.0,46.73117289638206,83.16872749841261,0.0
historical_hourly_20250624,2025-06-24,historical_hourly,EOG,baseline,1.0,silo_fraction,2196.4965022408046,1019.4866746994772,1224.3262220673669,204.83954736788962,46.41421799030525,55.73995773807713,9.325739747771884,42.0,,True,40.42519779101258,311.4,0.0,61.51969326528453,54.74680474286705,0.0
historical_hourly_20250624,2025-06-24,historical_hourly,EOG,baseline,1.0,zero_missing,2196.4965022408046,1019.4596726157826,1212.5424315361552,193.0827589203726,46.41298866516556,55.20347655000375,8.790487884838193,42.0,,True,40.425215216066135,295.20000000000005,0.0,60.82416278616683,54.07910374250595,0.0
historical_hourly_20250624,2025-06-24,historical_hourly,EOG,moderate_1m,0.25,silo_fraction,549.1241255602012,409.55969261946,549.1241255602002,139.56443294074023,74.58417387901844,99.99999999999984,25.415826120981407,30.0,108.0,False,40.53150117846138,311.4,68.71280646053206,26.537711230808107,93.81035799208448,100.0
historical_hourly_20250624,2025-06-24,historical_hourly,EOG,moderate_1m,0.25,zero_missing,549.1241255602012,409.53277888956796,549.1241255602002,139.59134667063228,74.57927266841064,99.99999999999984,25.420727331589205,32.0,100.0,False,40.531530002046,295.20000000000005,56.92999899846306,26.347137979803485,93.13861165323749,100.0
historical_hourly_20250624,2025-06-24,historical_hourly,EOG,moderate_1m,0.5,silo_fraction,1098.2482511204023,757.4888514601438,962.2997482489019,204.8108967887581,68.97246143459593,87.62133217760105,18.64887074300512,42.0,139.0,False,40.45431350593299,311.4,0.0,47.412200468967455,84.47626511055678,0.0
historical_hourly_20250624,2025-06-24,historical_hourly,EOG,moderate_1m,0.5,zero_missing,1098.2482511204023,757.4618788645324,950.5522732569862,193.09039439245373,68.97000546932726,86.55167647999978,17.581671010672522,42.0,124.0,False,40.45433475027346,295.20000000000005,0.0,46.73117289638206,83.16872749841261,0.0
historical_hourly_20250624,2025-06-24,historical_hourly,EOG,moderate_1m,1.0,silo_fraction,2196.4965022408046,1019.4866746994772,1224.3262220673669,204.83954736788962,46.41421799030525,55.73995773807713,9.325739747771884,42.0,,True,40.42519779101258,311.4,0.0,61.51969326528453,54.74680474286705,0.0
historical_hourly_20250624,2025-06-24,historical_hourly,EOG,moderate_1m,1.0,zero_missing,2196.4965022408046,1019.4596726157826,1212.5424315361552,193.0827589203726,46.41298866516556,55.20347655000375,8.790487884838193,42.0,,True,40.425215216066135,295.20000000000005,0.0,60.82416278616683,54.07910374250595,0.0
historical_hourly_20250624,2025-06-24,historical_hourly,EOG,strong_4m,0.25,silo_fraction,549.1241255602012,409.55969261946,549.1241255602002,139.56443294074023,74.58417387901844,99.99999999999984,25.415826120981407,30.0,108.0,False,40.53150117846138,311.4,68.71280646053206,26.537711230808107,93.81035799208448,100.0
historical_hourly_20250624,2025-06-24,historical_hourly,EOG,strong_4m,0.25,zero_missing,549.1241255602012,409.53277888956796,549.1241255602002,139.59134667063228,74.57927266841064,99.99999999999984,25.420727331589205,32.0,100.0,False,40.531530002046,295.20000000000005,56.92999899846306,26.347137979803485,93.13861165323749,100.0
historical_hourly_20250624,2025-06-24,historical_hourly,EOG,strong_4m,0.5,silo_fraction,1098.2482511204023,757.4888514601438,962.2997482489019,204.8108967887581,68.97246143459593,87.62133217760105,18.64887074300512,42.0,139.0,False,40.45431350593299,311.4,0.0,47.412200468967455,84.47626511055678,0.0
historical_hourly_20250624,2025-06-24,historical_hourly,EOG,strong_4m,0.5,zero_missing,1098.2482511204023,757.4618788645324,950.5522732569862,193.09039439245373,68.97000546932726,86.55167647999978,17.581671010672522,42.0,124.0,False,40.45433475027346,295.20000000000005,0.0,46.73117289638206,83.16872749841261,0.0
historical_hourly_20250624,2025-06-24,historical_hourly,EOG,strong_4m,1.0,silo_fraction,2196.4965022408046,1019.4866746994772,1224.3262220673669,204.83954736788962,46.41421799030525,55.73995773807713,9.325739747771884,42.0,,True,40.42519779101258,311.4,0.0,61.51969326528453,54.74680474286705,0.0
historical_hourly_20250624,2025-06-24,historical_hourly,EOG,strong_4m,1.0,zero_missing,2196.4965022408046,1019.4596726157826,1212.5424315361552,193.0827589203726,46.41298866516556,55.20347655000375,8.790487884838193,42.0,,True,40.425215216066135,295.20000000000005,0.0,60.82416278616683,54.07910374250595,0.0
