date,device,label,scenario,sm_pct,storage_mm
2025-03-01,WS-201f28e185df,EOG,baseline,16.9099434043323,53.53437625240904
2025-03-02,WS-201f28e185df,EOG,baseline,16.686864554347725,51.163268291986064
2025-03-03,WS-201f28e185df,EOG,baseline,16.504321729096766,49.22301825886736
2025-03-04,WS-201f28e185df,EOG,baseline,16.328701423351742,47.35634777445014
2025-03-05,WS-201f28e185df,EOG,baseline,16.153660851181638,45.495839285643484
2025-03-06,WS-201f28e185df,EOG,baseline,16.003021332502506,43.894689907658645
2025-03-07,WS-201f28e185df,EOG,baseline,15.878347952663379,42.569534952763405
2025-03-08,WS-201f28e185df,EOG,baseline,15.742863275123444,41.129466575808365
2025-03-09,WS-201f28e185df,EOG,baseline,15.606681084712367,39.68198432559116
2025-03-10,WS-201f28e185df,EOG,baseline,15.48717975272626,38.411803133725556
2025-03-11,WS-201f28e185df,EOG,baseline,15.976422581448727,43.61197144122724
2025-03-12,WS-201f28e185df,EOG,baseline,15.848819195513567,42.25567341392116
2025-03-13,WS-201f28e185df,EOG,baseline,15.694440412198848,40.61477934411913
2025-03-14,WS-201f28e185df,EOG,baseline,15.540841856221117,38.98217832069867
2025-03-15,WS-201f28e185df,EOG,baseline,15.386744103649225,37.34427133027011
2025-03-16,WS-201f28e185df,EOG,baseline,15.264693185841544,36.04699055797487
2025-03-17,WS-201f28e185df,EOG,baseline,15.152869473574494,34.858414884670154
2025-03-18,WS-201f28e185df,EOG,baseline,15.040434858617164,33.66334591882761
2025-03-19,WS-201f28e185df,EOG,baseline,14.926092007296937,32.4479942841854
2025-03-20,WS-201f28e185df,EOG,baseline,14.876731193744462,31.923337563230817
2025-03-21,WS-201f28e185df,EOG,baseline,15.099078610669498,34.28667111227366
2025-03-22,WS-201f28e185df,EOG,baseline,15.470399404816217,38.23344460035982
2025-03-23,WS-201f28e185df,EOG,baseline,15.363441882145569,37.09659171874855
2025-03-24,WS-201f28e185df,EOG,baseline,15.237437471246778,35.75728921763205
2025-03-25,WS-201f28e185df,EOG,baseline,15.129755263253873,34.61273364642679
2025-03-26,WS-201f28e185df,EOG,baseline,15.018113084657049,33.42608749683351
2025-03-27,WS-201f28e185df,EOG,baseline,14.926034644109027,32.44738457012468
2025-03-28,WS-201f28e185df,EOG,baseline,14.8638934688631,31.786885220653176
2025-03-29,WS-201f28e185df,EOG,baseline,15.97644746147348,43.61223589132972
2025-03-30,WS-201f28e185df,EOG,baseline,16.849631762490997,52.89332303698329
2025-03-31,WS-201f28e185df,EOG,baseline,16.918021401153634,53.62023738433016
2025-04-01,WS-201f28e185df,EOG,baseline,16.75884019537984,51.92829830455603
2025-04-02,WS-201f28e185df,EOG,baseline,16.620238788054863,50.455102166702495
2025-04-03,WS-201f28e185df,EOG,baseline,16.489888227668857,49.06960438688955
2025-04-04,WS-201f28e185df,EOG,baseline,16.365217174366652,47.74447416078511
2025-04-05,WS-201f28e185df,EOG,baseline,16.225522582233385,46.2596585475697
2025-04-06,WS-201f28e185df,EOG,baseline,16.115910029157366,45.09458531369388
2025-04-07,WS-201f28e185df,EOG,baseline,15.999408343230868,43.85628739830604
2025-04-08,WS-201f28e185df,EOG,baseline,15.88985971440265,42.691893616080726
2025-04-09,WS-201f28e185df,EOG,baseline,15.76677549152792,41.38362983096201
2025-04-10,WS-201f28e185df,EOG,baseline,15.666945584366083,40.32253646609981
2025-04-11,WS-201f28e185df,EOG,baseline,15.5524181343376,39.10522272941766
2025-04-12,WS-201f28e185df,EOG,baseline,15.446369072128544,37.97802588571565
2025-04-13,WS-201f28e185df,EOG,baseline,15.348252989830243,36.93514878733049
2025-04-14,WS-201f28e185df,EOG,baseline,15.257573423496648,35.97131451260583
2025-04-15,WS-201f28e185df,EOG,baseline,15.178497162069021,35.13081191469257
2025-04-16,WS-201f28e185df,EOG,baseline,15.095254481372557,34.246024392881424
2025-04-17,WS-201f28e185df,EOG,baseline,15.009711330376085,33.33678514271754
2025-04-18,WS-201f28e185df,EOG,baseline,14.92643936827957,32.45168638852931
2025-04-19,WS-201f28e185df,EOG,baseline,14.84260056259765,31.560562646594537
2025-04-20,WS-201f28e185df,EOG,baseline,14.767817610089441,30.76569368430428
2025-04-21,WS-201f28e185df,EOG,baseline,15.09183032482738,34.20962898900267
2025-04-22,WS-201f28e185df,EOG,baseline,15.189734709187835,35.25025594728862
2025-04-23,WS-201f28e185df,EOG,baseline,15.13353529186757,34.652911619090666
2025-04-24,WS-201f28e185df,EOG,baseline,15.10161178001098,34.31359620172569
2025-04-25,WS-201f28e185df,EOG,baseline,15.03939667192606,33.65231101915938
2025-04-26,WS-201f28e185df,EOG,baseline,14.997719170199826,33.20932031824598
2025-04-27,WS-201f28e185df,EOG,baseline,15.058932865293134,33.85996146926808
2025-04-28,WS-201f28e185df,EOG,baseline,15.005790175496298,33.29510713715961
2025-04-29,WS-201f28e185df,EOG,baseline,14.95682142462121,32.77461765543633
2025-04-30,WS-201f28e185df,EOG,baseline,15.881037516444618,42.598122360723394
2025-05-01,WS-201f28e185df,EOG,baseline,15.805624574654537,41.796557234268164
2025-05-02,WS-201f28e185df,EOG,baseline,15.717320212571845,40.857969036019774
2025-05-03,WS-201f28e185df,EOG,baseline,15.636244736335698,39.99621675824041
2025-05-04,WS-201f28e185df,EOG,baseline,15.558591012885337,39.170834334750374
2025-05-05,WS-201f28e185df,EOG,baseline,15.489245518627612,38.43376018601182
2025-05-06,WS-201f28e185df,EOG,baseline,15.412980459836273,37.62313789701054
2025-05-07,WS-201f28e185df,EOG,baseline,15.336713745315848,36.812498009243534
2025-05-08,WS-201f28e185df,EOG,baseline,15.266816796686992,36.06956244491452
2025-05-09,WS-201f28e185df,EOG,baseline,15.198330481179568,35.34162051814322
2025-05-10,WS-201f28e185df,EOG,baseline,15.138789076204965,34.70875416026209
2025-05-11,WS-201f28e185df,EOG,baseline,15.084770277430156,34.13458765457905
2025-05-12,WS-201f28e185df,EOG,baseline,15.098190049810022,34.27722658749073
2025-05-13,WS-201f28e185df,EOG,baseline,15.049243842941557,33.7569767263033
2025-05-14,WS-201f28e185df,EOG,baseline,15.380922595907208,37.28239444974238
2025-05-15,WS-201f28e185df,EOG,baseline,15.314920272644589,36.58085490843115
2025-05-16,WS-201f28e185df,EOG,baseline,15.267240415995861,36.074065099987
2025-05-17,WS-201f28e185df,EOG,baseline,15.217272307801863,35.54295343649108
2025-05-18,WS-201f28e185df,EOG,baseline,15.152828211744179,34.85797631214603
2025-05-19,WS-201f28e185df,EOG,baseline,15.12633490255245,34.576378588620024
2025-05-20,WS-201f28e185df,EOG,baseline,15.07400192430644,34.02013069098053
2025-05-21,WS-201f28e185df,EOG,baseline,15.029790814384167,33.5502102360244
2025-05-22,WS-201f28e185df,EOG,baseline,15.264619775847876,36.046210282209714
2025-05-23,WS-201f28e185df,EOG,baseline,19.644965029627745,82.60495622050308
2025-05-24,WS-201f28e185df,EOG,baseline,19.982971427129446,86.1976305589515
2025-05-25,WS-201f28e185df,EOG,baseline,19.8414400034436,84.69329123958215
2025-05-26,WS-201f28e185df,EOG,baseline,19.749499717068172,83.71605675534742
2025-05-27,WS-201f28e185df,EOG,baseline,20.134103739059643,87.80401784272856
2025-05-28,WS-201f28e185df,EOG,baseline,20.02143744640991,86.60648637171906
2025-05-29,WS-201f28e185df,EOG,baseline,19.9014741911092,85.33139539101234
2025-05-30,WS-201f28e185df,EOG,baseline,19.77232110333704,83.95862556298536
2025-05-31,WS-201f28e185df,EOG,baseline,19.652432283140087,82.68432575395205
2025-06-01,WS-201f28e185df,EOG,baseline,19.552056703113674,81.61743242520681
2025-06-02,WS-201f28e185df,EOG,baseline,19.456469349996393,80.60143322175111
2025-06-03,WS-201f28e185df,EOG,baseline,19.341374436634695,79.37808791001497
2025-06-04,WS-201f28e185df,EOG,baseline,19.21783474004572,78.06498288894007
2025-06-05,WS-201f28e185df,EOG,baseline,19.106361753982732,76.88013508896105
2025-06-06,WS-201f28e185df,EOG,baseline,19.02948380202985,76.06299835067729
2025-06-07,WS-201f28e185df,EOG,baseline,19.140289006398486,77.24074829045387
2025-06-08,WS-201f28e185df,EOG,baseline,20.114878663167023,87.59967426425001
2025-06-09,WS-201f28e185df,EOG,baseline,20.915717499342964,96.11180053531494
2025-06-10,WS-201f28e185df,EOG,baseline,20.80315487217474,94.91537092603927
2025-06-11,WS-201f28e185df,EOG,baseline,20.675744722728002,93.5611268118495
2025-06-12,WS-201f28e185df,EOG,baseline,20.57017357671761,92.4390097455587
2025-06-13,WS-201f28e185df,EOG,baseline,20.469824789890733,91.37240120207528
2025-06-14,WS-201f28e185df,EOG,baseline,20.36035937260451,90.20889187639814
2025-06-15,WS-201f28e185df,EOG,baseline,20.37645123352468,90.37993247270961
2025-06-16,WS-201f28e185df,EOG,baseline,20.62519173036042,93.02379840696366
2025-06-17,WS-201f28e185df,EOG,baseline,20.561406734637888,92.34582686854259
2025-06-18,WS-201f28e185df,EOG,baseline,20.44535025219031,91.11226102664781
2025-06-19,WS-201f28e185df,EOG,baseline,20.334743484043198,89.93662026801735
2025-06-20,WS-201f28e185df,EOG,baseline,20.22556389839983,88.7761490505417
2025-06-21,WS-201f28e185df,EOG,baseline,20.102595327807396,87.46911453501626
2025-06-22,WS-201f28e185df,EOG,baseline,19.988924199596916,86.26090265393132
2025-06-23,WS-201f28e185df,EOG,baseline,19.915670031159625,85.4822831571577
2025-06-24,WS-201f28e185df,EOG,baseline,21.369209470516363,100.93197251894989
2025-06-25,WS-201f28e185df,EOG,baseline,21.96172460696218,107.22982351107635
2025-06-26,WS-201f28e185df,EOG,baseline,22.634543109746012,114.38122001496245
2025-06-27,WS-201f28e185df,EOG,baseline,22.481002874968212,112.74923888832481
2025-06-28,WS-201f28e185df,EOG,baseline,22.32482790128706,111.08925308805806
2025-06-29,WS-201f28e185df,EOG,baseline,22.1852154424644,109.60531047085558
2025-06-30,WS-201f28e185df,EOG,baseline,22.056849709750285,108.2409094498488
2025-07-01,WS-201f28e185df,EOG,baseline,21.948611873976553,107.09044810382788
2025-07-02,WS-201f28e185df,EOG,baseline,22.381400894115,111.69056815512317
2025-07-03,WS-201f28e185df,EOG,baseline,22.21682440478472,109.94128253716126
2025-07-04,WS-201f28e185df,EOG,baseline,22.451700628144987,112.43778493065183
2025-07-05,WS-201f28e185df,EOG,baseline,22.344078143861395,111.29386416351966
2025-07-06,WS-201f28e185df,EOG,baseline,22.23278744006759,110.11095384411998
2025-07-07,WS-201f28e185df,EOG,baseline,23.10418414230246,119.37304057936319
2025-07-08,WS-201f28e185df,EOG,baseline,22.97878309863096,118.0401512762517
2025-07-09,WS-201f28e185df,EOG,baseline,22.839717568923643,116.5620219756378
2025-07-10,WS-201f28e185df,EOG,baseline,23.221709658749173,120.62222080249457
2025-07-11,WS-201f28e185df,EOG,baseline,23.739502844149555,126.12585121766172
2025-07-12,WS-201f28e185df,EOG,baseline,23.589470380704604,124.53115423755449
2025-07-13,WS-201f28e185df,EOG,baseline,23.44362404542426,122.98095166745135
2025-07-14,WS-201f28e185df,EOG,baseline,23.377825717408996,122.2815803942432
2025-07-15,WS-201f28e185df,EOG,baseline,23.245080805086676,120.87063301695997
2025-07-16,WS-201f28e185df,EOG,baseline,23.076571559539023,119.07954608267396
2025-07-17,WS-201f28e185df,EOG,baseline,22.91162814033026,117.326360362323
2025-07-18,WS-201f28e185df,EOG,baseline,22.734049165459083,115.43887115861803
2025-07-19,WS-201f28e185df,EOG,baseline,22.55932699443692,113.58174695970055
2025-07-20,WS-201f28e185df,EOG,baseline,22.387415668398223,111.75449926819856
2025-07-21,WS-201f28e185df,EOG,baseline,22.227835696964384,110.05832170310438
2025-07-22,WS-201f28e185df,EOG,baseline,22.094229142433644,108.63821591972588
2025-07-23,WS-201f28e185df,EOG,baseline,23.607506771707026,124.72286326907451
2025-07-24,WS-201f28e185df,EOG,baseline,23.449358353383797,123.04190170037158
2025-07-25,WS-201f28e185df,EOG,baseline,23.29999023387491,121.45426604048983
2025-07-26,WS-201f28e185df,EOG,baseline,24.46179669757583,133.80312185870213
2025-07-27,WS-201f28e185df,EOG,baseline,25.37361546938749,143.49485529042474
2025-07-28,WS-201f28e185df,EOG,baseline,25.92097386176778,149.31273467014617
2025-07-29,WS-201f28e185df,EOG,baseline,26.316683089826117,153.5187331353832
2025-07-30,WS-201f28e185df,EOG,baseline,26.18603816499275,152.13010655208004
2025-07-31,WS-201f28e185df,EOG,baseline,25.916716931235538,149.2674877008675
2025-08-01,WS-201f28e185df,EOG,baseline,25.709958586851283,147.06985060399668
2025-08-02,WS-201f28e185df,EOG,baseline,25.651648234584382,146.45006912115028
2025-08-03,WS-201f28e185df,EOG,baseline,25.392382569204504,143.69433103531605
2025-08-04,WS-201f28e185df,EOG,baseline,25.14414530727102,141.05581399129872
2025-08-05,WS-201f28e185df,EOG,baseline,25.050728046428624,140.06288072649286
2025-08-06,WS-201f28e185df,EOG,baseline,24.81799970670473,137.5892082157483
2025-08-07,WS-201f28e185df,EOG,baseline,24.621529031604833,135.50091888777638
2025-08-08,WS-201f28e185df,EOG,baseline,24.410642843140582,133.25940688318508
2025-08-09,WS-201f28e185df,EOG,baseline,24.21465168232098,131.17621431865444
2025-08-10,WS-201f28e185df,EOG,baseline,23.99926807785472,128.88689922163894
2025-08-11,WS-201f28e185df,EOG,baseline,23.78764339370732,126.63753773695052
2025-08-12,WS-201f28e185df,EOG,baseline,23.56887237191877,124.31221773772793
2025-08-13,WS-201f28e185df,EOG,baseline,23.40200120989844,122.53854201428398
2025-08-14,WS-201f28e185df,EOG,baseline,23.232523188660334,120.73715795074683
2025-08-15,WS-201f28e185df,EOG,baseline,23.049781810920994,118.79479750068006
2025-08-16,WS-201f28e185df,EOG,baseline,22.882459814330854,117.01632985080568
2025-08-17,WS-201f28e185df,EOG,baseline,22.770148082224463,115.82256700836332
2025-08-18,WS-201f28e185df,EOG,baseline,22.5601463825269,113.59045624622841
2025-08-19,WS-201f28e185df,EOG,baseline,22.35905323592606,111.45303460932861
2025-08-20,WS-201f28e185df,EOG,baseline,22.265087521661645,110.45427182605896
2025-08-21,WS-201f28e185df,EOG,baseline,22.227179798431262,110.05135014917526
2025-08-22,WS-201f28e185df,EOG,baseline,22.069045200001714,108.37053547229972
2025-08-23,WS-201f28e185df,EOG,baseline,21.87255502339671,106.28203886257964
2025-08-24,WS-201f28e185df,EOG,baseline,21.64346233320689,103.84700971740806
2025-08-25,WS-201f28e185df,EOG,baseline,21.4285072688421,101.56224957863276
2025-08-26,WS-201f28e185df,EOG,baseline,21.23566810482649,99.51255962859788
2025-08-27,WS-201f28e185df,EOG,baseline,22.367346929240117,111.54118838204002
2025-08-28,WS-201f28e185df,EOG,baseline,23.035734848735068,118.64549215926777
2025-08-29,WS-201f28e185df,EOG,baseline,23.739579211321097,126.12666292530847
2025-08-30,WS-201f28e185df,EOG,baseline,24.839568148982213,137.81845946561623
2025-08-31,WS-201f28e185df,EOG,baseline,24.57198992771225,134.9743671165078
2025-09-01,WS-201f28e185df,EOG,baseline,24.309933587726206,132.18896691445735
2025-09-02,WS-201f28e185df,EOG,baseline,24.075914848994138,129.7015787360885
2025-09-03,WS-201f28e185df,EOG,baseline,23.79078999084872,126.67098295836314
2025-09-04,WS-201f28e185df,EOG,baseline,23.463535998602016,123.19259607341186
2025-09-05,WS-201f28e185df,EOG,baseline,23.208537106575307,120.4822095763263
2025-09-06,WS-201f28e185df,EOG,baseline,22.928210142848734,117.50261067997535
2025-09-07,WS-201f28e185df,EOG,baseline,22.68498906878529,114.9174107612276
2025-09-08,WS-201f28e185df,EOG,baseline,22.733685665940616,115.43500751756956
2025-09-09,WS-201f28e185df,EOG,baseline,22.400107670982056,111.88940272660494
2025-09-10,WS-201f28e185df,EOG,baseline,22.697128629410514,115.04644230696356
2025-09-11,WS-201f28e185df,EOG,baseline,25.952799563226172,149.65101045953298
2025-09-12,WS-201f28e185df,EOG,baseline,25.699104363065718,146.95448092003096
2025-09-13,WS-201f28e185df,EOG,baseline,25.401209608127807,143.78815374535537
2025-09-14,WS-201f28e185df,EOG,baseline,25.115887226299588,140.7554584858697
2025-09-15,WS-201f28e185df,EOG,baseline,24.77031818559863,137.08240071576535
2025-09-16,WS-201f28e185df,EOG,baseline,24.50416904205743,134.2534980521828
2025-09-17,WS-201f28e185df,EOG,baseline,24.630323117560163,135.59439134029603
2025-09-18,WS-201f28e185df,EOG,baseline,24.30903135094856,132.17937702816462
2025-09-19,WS-201f28e185df,EOG,baseline,24.041087543579536,129.33139885971585
2025-09-20,WS-201f28e185df,EOG,baseline,24.81420877529361,137.54891435711068
2025-09-21,WS-201f28e185df,EOG,baseline,24.535380257252807,134.58524245919114
2025-09-22,WS-201f28e185df,EOG,baseline,24.193439780129186,130.9507527379347
2025-09-23,WS-201f28e185df,EOG,baseline,24.405089929514233,133.20038489296104
2025-09-24,WS-201f28e185df,EOG,baseline,24.135076413989538,130.3304077699542
2025-09-25,WS-201f28e185df,EOG,baseline,23.809524063054045,126.87010765234585
2025-09-26,WS-201f28e185df,EOG,baseline,23.411168470043705,122.63598094005938
2025-09-27,WS-201f28e185df,EOG,baseline,22.999864633860252,118.2642271848534
2025-09-28,WS-201f28e185df,EOG,baseline,22.679145059582066,114.85529471237982
2025-09-29,WS-201f28e185df,EOG,baseline,22.367670135164108,111.54462374195555
2025-09-30,WS-201f28e185df,EOG,baseline,22.084268915491275,108.5323485396838
2025-10-01,WS-201f28e185df,EOG,baseline,21.77600623627459,105.25582056474335
2025-10-02,WS-201f28e185df,EOG,baseline,21.54011610783142,102.74854136110986
2025-10-03,WS-201f28e185df,EOG,baseline,21.40276371585431,101.28862102342394
2025-10-04,WS-201f28e185df,EOG,baseline,21.1367500107084,98.4611579362837
2025-10-05,WS-201f28e185df,EOG,baseline,20.85287843506649,95.44388331437808
2025-10-06,WS-201f28e185df,EOG,baseline,20.59404512297628,92.69274071721043
2025-10-07,WS-201f28e185df,EOG,baseline,20.41507831099268,90.79050017502014
2025-10-08,WS-201f28e185df,EOG,baseline,20.15332186938473,88.00828759668059
2025-10-09,WS-201f28e185df,EOG,baseline,21.174187435222027,98.85908080206923
2025-10-10,WS-201f28e185df,EOG,baseline,21.057634876999742,97.62024216439634
2025-10-11,WS-201f28e185df,EOG,baseline,20.696806733638162,93.78499519621246
2025-10-12,WS-201f28e185df,EOG,baseline,20.450499756534914,91.16699517443715
2025-10-13,WS-201f28e185df,EOG,baseline,20.15254199652397,87.99999831803137
2025-10-14,WS-201f28e185df,EOG,baseline,19.887532138965046,85.18320513978087
2025-10-15,WS-201f28e185df,EOG,baseline,19.609130981337344,82.22407566117874
2025-10-16,WS-201f28e185df,EOG,baseline,19.312248857042817,79.06851175061209
2025-10-17,WS-201f28e185df,EOG,baseline,19.047064186483215,76.24986048273306
2025-10-18,WS-201f28e185df,EOG,baseline,18.79133287594451,73.5316890998805
2025-10-19,WS-201f28e185df,EOG,baseline,18.563599967643594,71.11111309386328
2025-10-20,WS-201f28e185df,EOG,baseline,18.249018029386466,67.7674176334539
2025-10-21,WS-201f28e185df,EOG,baseline,18.21143260640751,67.3679216900804
2025-10-22,WS-201f28e185df,EOG,baseline,18.31442175233978,68.46259464439254
2025-10-23,WS-201f28e185df,EOG,baseline,18.226777275797524,67.5310203780252
2025-10-24,WS-201f28e185df,EOG,baseline,18.172303440781278,66.95201728629004
2025-10-25,WS-201f28e185df,EOG,baseline,17.985006115583523,64.96123161219752
2025-10-26,WS-201f28e185df,EOG,baseline,17.867222773309447,63.70931095503704
2025-10-27,WS-201f28e185df,EOG,baseline,18.778519874615636,73.39549954425969
2025-10-28,WS-201f28e185df,EOG,baseline,18.81982262500144,73.83450700836447
2025-10-29,WS-201f28e185df,EOG,baseline,18.660671125647387,72.14288367850715
2025-10-30,WS-201f28e185df,EOG,baseline,18.48505302849951,70.2762366692974
2025-10-31,WS-201f28e185df,EOG,baseline,18.300486964599923,68.31448160660761
2025-11-01,WS-201f28e185df,EOG,baseline,18.412618432465276,69.50632841811772
2025-11-02,WS-201f28e185df,EOG,baseline,18.146781960754566,66.68074914743559
2025-11-03,WS-201f28e185df,EOG,baseline,17.95738970433575,64.66769642249919
2025-11-04,WS-201f28e185df,EOG,baseline,18.062187112728235,65.78158942171584
2025-11-05,WS-201f28e185df,EOG,baseline,19.10495190188576,76.86514975292235
2025-11-06,WS-201f28e185df,EOG,baseline,18.84057765448025,74.05511248315253
2025-11-07,WS-201f28e185df,EOG,baseline,18.563682550617674,71.11199086935503
2025-11-08,WS-201f28e185df,EOG,baseline,18.322139484201557,68.54462651543335
2025-11-09,WS-201f28e185df,EOG,baseline,18.095184015120143,66.13231392086118
2025-11-10,WS-201f28e185df,EOG,baseline,17.87904618933683,63.83498219578384
2025-11-11,WS-201f28e185df,EOG,baseline,17.678612669905387,61.704571744535976
2025-11-12,WS-201f28e185df,EOG,baseline,17.52983241426517,60.12318449726136
2025-11-13,WS-201f28e185df,EOG,baseline,17.292163612581664,57.59699975292136
2025-11-14,WS-201f28e185df,EOG,baseline,17.04229559037065,54.94114933697808
2025-11-15,WS-201f28e185df,EOG,baseline,17.244801796502024,57.093590401769134
2025-11-16,WS-201f28e185df,EOG,baseline,17.114210731360245,55.70553629381941
2025-11-17,WS-201f28e185df,EOG,baseline,16.98336374411557,54.314761986552426
2025-11-18,WS-201f28e185df,EOG,baseline,16.77766872400856,52.128426977075634
2025-11-19,WS-201f28e185df,EOG,baseline,16.569372454930278,49.91444325888776
2025-11-20,WS-201f28e185df,EOG,baseline,16.359241704056892,47.68096081014822
2025-11-21,WS-201f28e185df,EOG,baseline,16.25646460550164,46.58854171012874
2025-11-22,WS-201f28e185df,EOG,baseline,16.16601170702422,45.62711669095739
2025-11-23,WS-201f28e185df,EOG,baseline,17.685968468319782,61.782756620318004
2025-11-24,WS-201f28e185df,EOG,baseline,17.580520554988688,60.661949395757524
2025-11-25,WS-201f28e185df,EOG,baseline,17.34851062205921,58.19591284005389
2025-11-26,WS-201f28e185df,EOG,baseline,17.33353688030375,58.03675674669882
2025-11-27,WS-201f28e185df,EOG,baseline,17.059406405807753,55.12302041393158
2025-11-28,WS-201f28e185df,EOG,baseline,16.83206679564548,52.70662477887927
2025-11-29,WS-201f28e185df,EOG,baseline,16.65529618723464,50.8277277126592
2025-11-30,WS-201f28e185df,EOG,baseline,16.73447095193498,51.66927730312274
2025-12-01,WS-201f28e185df,EOG,baseline,16.649584463894843,50.76701773195212
2025-12-02,WS-201f28e185df,EOG,baseline,16.826140308194944,52.64363206768189
2025-12-03,WS-201f28e185df,EOG,baseline,16.615785367784977,50.40776670547987
2025-12-04,WS-201f28e185df,EOG,baseline,16.390633717274536,48.01462692165637
2025-12-05,WS-201f28e185df,EOG,baseline,16.124798078342213,45.18905650258639
2025-12-06,WS-201f28e185df,EOG,baseline,15.88234236407876,42.61199160297865
2025-12-07,WS-201f28e185df,EOG,baseline,15.714341130508142,40.82630433451856
2025-12-08,WS-201f28e185df,EOG,baseline,15.558195338545307,39.166628707110426
2025-12-09,WS-201f28e185df,EOG,baseline,15.361462152936092,37.07554915156479
2025-12-10,WS-201f28e185df,EOG,baseline,15.191099996339236,35.26476760194874
2025-12-11,WS-201f28e185df,EOG,baseline,15.081882485020557,34.10389327198331
2025-12-12,WS-201f28e185df,EOG,baseline,14.985017746966008,33.07431672763
2025-12-13,WS-201f28e185df,EOG,baseline,14.912309997707148,32.30150512731895
2025-12-14,WS-201f28e185df,EOG,baseline,15.295521415074216,36.37466420226874
2025-12-15,WS-201f28e185df,EOG,baseline,15.147060961948714,34.79667614002876
2025-12-16,WS-201f28e185df,EOG,baseline,14.999084041305725,33.223827550753136
2025-12-17,WS-201f28e185df,EOG,baseline,14.83362333801282,31.46514361123076
2025-12-18,WS-201f28e185df,EOG,baseline,14.674227912673643,29.770927588945955
2025-12-19,WS-201f28e185df,EOG,baseline,14.529785684017465,28.2356492861773
2025-12-20,WS-201f28e185df,EOG,baseline,14.834728091029508,31.47688604522817
2025-12-21,WS-201f28e185df,EOG,baseline,15.879190975600569,42.57849545438572
2025-12-22,WS-201f28e185df,EOG,baseline,18.210230264751477,67.35514198518247
2025-12-23,WS-201f28e185df,EOG,baseline,17.900733372350114,64.065495542457
2025-12-24,WS-201f28e185df,EOG,baseline,17.614578023583487,61.02394666668914
2025-12-25,WS-201f28e185df,EOG,baseline,17.339396375905103,58.09903740067116
2025-12-26,WS-201f28e185df,EOG,baseline,17.092323448241675,55.472896080558215
2025-12-27,WS-201f28e185df,EOG,baseline,16.85167023905671,52.91499003057066
2025-12-28,WS-201f28e185df,EOG,baseline,16.61079050171172,50.35467620986197
2025-12-29,WS-201f28e185df,EOG,baseline,16.388031062951427,47.986963275442584
2025-12-30,WS-201f28e185df,EOG,baseline,16.15520849129193,45.51228917224473
2025-12-31,WS-201f28e185df,EOG,baseline,15.96166217738482,43.45508291693455
2026-01-01,WS-201f28e185df,EOG,baseline,17.038313818517185,54.898827032828734
2026-01-02,WS-201f28e185df,EOG,baseline,16.811898831778638,52.49225923201766
2026-01-03,WS-201f28e185df,EOG,baseline,16.57294345053131,49.95239941697635
2026-01-04,WS-201f28e185df,EOG,baseline,16.403272265931992,48.148962217593024
2026-01-05,WS-201f28e185df,EOG,baseline,16.250940661395983,46.52982763731208
2026-01-06,WS-201f28e185df,EOG,baseline,16.029170566292915,44.17263044932669
2026-01-07,WS-201f28e185df,EOG,baseline,15.79973034111406,41.73390735029491
2026-01-08,WS-201f28e185df,EOG,baseline,15.55616537103515,39.145052156383784
2026-01-09,WS-201f28e185df,EOG,baseline,15.324358668306047,36.68117573708907
2026-01-10,WS-201f28e185df,EOG,baseline,15.072605045048768,34.00528324341727
2026-01-11,WS-201f28e185df,EOG,baseline,14.932359685161664,32.514613512675446
2026-01-12,WS-201f28e185df,EOG,baseline,14.780171910599012,30.897007703027842
2026-01-13,WS-201f28e185df,EOG,baseline,14.630266179979806,29.303657767752476
2026-01-14,WS-201f28e185df,EOG,baseline,14.496870002785673,27.885788087785627
2026-01-15,WS-201f28e185df,EOG,baseline,14.707461405558718,30.12416681148056
2026-01-16,WS-201f28e185df,EOG,baseline,14.664184736434787,29.664178539766592
2026-01-17,WS-201f28e185df,EOG,baseline,14.587780385453872,28.852075712294045
2026-01-18,WS-201f28e185df,EOG,baseline,14.515737758141828,28.08633370169472
2026-01-19,WS-201f28e185df,EOG,baseline,14.42033810635656,27.072329578106697
2026-01-20,WS-201f28e185df,EOG,baseline,14.309844431583944,25.897890890405655
2026-01-21,WS-201f28e185df,EOG,baseline,14.188626863399083,24.6094678019501
2026-01-22,WS-201f28e185df,EOG,baseline,14.082918998463327,23.48589754844641
2026-01-23,WS-201f28e185df,EOG,baseline,13.979021887996975,22.38157382744482
2026-01-24,WS-201f28e185df,EOG,baseline,13.870431237107436,21.227362405028494
2026-01-25,WS-201f28e185df,EOG,baseline,13.767440575324592,20.132673338721133
2026-01-26,WS-201f28e185df,EOG,baseline,13.668899475453262,19.08527872309574
2026-01-27,WS-201f28e185df,EOG,baseline,13.569767261607595,18.031601149448264
2026-01-28,WS-201f28e185df,EOG,baseline,13.466075725329649,16.929462479134493
2026-01-29,WS-201f28e185df,EOG,baseline,13.3853866556579,16.071817321688876
2026-01-30,WS-201f28e185df,EOG,baseline,13.294340626719293,15.104087911230843
2026-01-31,WS-201f28e185df,EOG,baseline,13.204898190866977,14.15340311227428
2026-02-01,WS-201f28e185df,EOG,baseline,13.14713214173916,13.539407034481046
2026-02-02,WS-201f28e185df,EOG,baseline,13.25560485514022,14.692364897818237
2026-02-03,WS-201f28e185df,EOG,baseline,13.203184712964006,14.13519053364555
2026-02-04,WS-201f28e185df,EOG,baseline,13.140048381264869,13.464113653456865
2026-02-05,WS-201f28e185df,EOG,baseline,13.070113463713906,12.720774516967317
2026-02-06,WS-201f28e185df,EOG,baseline,13.007306116413254,12.053194416173728
2026-02-07,WS-201f28e185df,EOG,baseline,12.957596058814698,11.524825575769654
2026-02-08,WS-201f28e185df,EOG,baseline,15.50081993399898,38.556784795589074
2026-02-09,WS-201f28e185df,EOG,baseline,16.084745630680565,44.76333852218833
2026-02-10,WS-201f28e185df,EOG,baseline,16.831816061841998,52.703959726063054
2026-02-11,WS-201f28e185df,EOG,baseline,16.650436353223,50.77607247455784
2026-02-12,WS-201f28e185df,EOG,baseline,16.623200066795842,50.48657763645793
2026-02-13,WS-201f28e185df,EOG,baseline,16.412821456504457,48.25046068678242
2026-02-14,WS-201f28e185df,EOG,baseline,16.25925628097327,46.61821446455684
2026-02-15,WS-201f28e185df,EOG,baseline,16.092929522331694,44.85032521161483
2026-02-16,WS-201f28e185df,EOG,baseline,15.92715181868682,43.08827187128167
2026-02-17,WS-201f28e185df,EOG,baseline,15.751290281358695,41.21903733327066
2026-02-18,WS-201f28e185df,EOG,baseline,15.58129379335345,39.4121424798094
2026-02-19,WS-201f28e185df,EOG,baseline,15.413689064193818,37.630669661824115
2026-02-20,WS-201f28e185df,EOG,baseline,15.266544382897816,36.06666695525208
2026-02-21,WS-201f28e185df,EOG,baseline,15.108535939020761,34.38719317673455
2026-02-22,WS-201f28e185df,EOG,baseline,15.037357179586628,33.63063322890007
2026-02-23,WS-201f28e185df,EOG,baseline,15.551303493904808,39.093375201947524
2026-02-24,WS-201f28e185df,EOG,baseline,15.386727476443216,37.34409459948399
2026-02-25,WS-201f28e185df,EOG,baseline,15.2518911277777,35.91091731845854
2026-02-26,WS-201f28e185df,EOG,baseline,15.672115929967283,40.37749213587306
2026-02-27,WS-201f28e185df,EOG,baseline,15.573944122432547,39.33402273323437
2026-02-28,WS-201f28e185df,EOG,baseline,15.57344930191989,39.32876327965272
2026-03-01,WS-201f28e185df,EOG,baseline,15.488675503091812,38.4277014835638
2026-03-02,WS-201f28e185df,EOG,baseline,15.876692545723664,42.551939611148676
2026-03-03,WS-201f28e185df,EOG,baseline,19.154842184260232,77.39543420478338
2026-03-04,WS-201f28e185df,EOG,baseline,20.797822867442576,94.85869697928766
2026-03-05,WS-201f28e185df,EOG,baseline,20.51003074171942,91.79975078023554
2026-03-06,WS-201f28e185df,EOG,baseline,20.20214728559857,88.52725357244931
2026-03-07,WS-201f28e185df,EOG,baseline,19.954493540823083,85.89493873979562
2026-03-08,WS-201f28e185df,EOG,baseline,20.587390749366325,92.62201129467984
2026-03-09,WS-201f28e185df,EOG,baseline,20.312425845100723,89.69940579717888
2026-03-10,WS-201f28e185df,EOG,baseline,19.980875038251387,86.17534801465276
2026-03-11,WS-201f28e185df,EOG,baseline,19.695543167232795,83.14255189444076
2026-03-12,WS-201f28e185df,EOG,baseline,19.38822808616699,79.87609595241153
2026-03-13,WS-201f28e185df,EOG,baseline,19.46700419366212,80.71340821032283
2026-03-14,WS-201f28e185df,EOG,baseline,19.217028986841452,78.05641852778746
2026-03-15,WS-201f28e185df,EOG,baseline,18.961920045557203,75.34486231573067
2026-03-16,WS-201f28e185df,EOG,baseline,18.747919248235775,73.07024509361037
2026-03-17,WS-201f28e185df,EOG,baseline,18.59666964287892,71.46261109649552
2026-03-18,WS-201f28e185df,EOG,baseline,18.48803862335564,70.30797059535291
2026-03-19,WS-201f28e185df,EOG,baseline,18.98177421999449,75.55589259071698
2026-03-20,WS-201f28e185df,EOG,baseline,20.349974779790326,90.09851390605643
2026-03-21,WS-201f28e185df,EOG,baseline,20.140341814654835,87.87032242831567
2026-03-22,WS-201f28e185df,EOG,baseline,20.02082845805366,86.60001342666216
2026-03-23,WS-201f28e185df,EOG,baseline,19.77856614043676,84.02500414249349
2026-03-24,WS-201f28e185df,EOG,baseline,19.52193078254607,81.29722362873036
2026-03-25,WS-201f28e185df,EOG,baseline,19.266668102250566,78.58403332274918
2026-03-26,WS-201f28e185df,EOG,baseline,19.110731865660288,76.92658506208629
2026-03-27,WS-201f28e185df,EOG,baseline,20.620614017865687,92.97514184208745
2026-03-28,WS-201f28e185df,EOG,baseline,20.507597430633368,91.77388708546249
2026-03-29,WS-201f28e185df,EOG,baseline,20.27049994996893,89.25377491956888
2026-03-30,WS-201f28e185df,EOG,baseline,20.036093289825704,86.76226351954061
2026-03-31,WS-201f28e185df,EOG,baseline,19.80451682344545,84.3008342853536
2026-04-01,WS-201f28e185df,EOG,baseline,19.56147061966226,81.71749306505971
2026-04-02,WS-201f28e185df,EOG,baseline,19.318877716059983,79.13896997820835
2026-04-03,WS-201f28e185df,EOG,baseline,19.117809481096366,77.00181312742039
2026-04-04,WS-201f28e185df,EOG,baseline,18.97489944458189,75.4828205145965
2026-04-05,WS-201f28e185df,EOG,baseline,18.831578042525848,73.95945549215016
2026-04-06,WS-201f28e185df,EOG,baseline,18.9668683731155,75.39745815287556
2026-04-07,WS-201f28e185df,EOG,baseline,19.081693965185597,76.61794084514564
2026-04-08,WS-201f28e185df,EOG,baseline,18.91916864530594,74.8904571336078
2026-04-09,WS-201f28e185df,EOG,baseline,18.696843011384704,72.527355116392
2026-04-10,WS-201f28e185df,EOG,baseline,19.276873402657174,78.69250559178894
2026-04-11,WS-201f28e185df,EOG,baseline,19.09621011599251,76.77223319843394
2026-04-12,WS-201f28e185df,EOG,baseline,18.966868943724364,75.39746421788448
2026-04-13,WS-201f28e185df,EOG,baseline,18.79144103373494,73.53283871042356
2026-04-14,WS-201f28e185df,EOG,baseline,18.639233896322537,71.91502709279732
2026-04-15,WS-201f28e185df,EOG,baseline,18.49345331693469,70.36552344291971
2026-04-16,WS-201f28e185df,EOG,baseline,18.350813771472215,68.84940588296021
2026-04-17,WS-201f28e185df,EOG,baseline,18.205354354032867,67.30331586755632
2026-04-18,WS-201f28e185df,EOG,baseline,18.066041834263228,65.82256130639905
2026-04-19,WS-201f28e185df,EOG,baseline,17.932611430188473,64.40432782847866
2026-04-20,WS-201f28e185df,EOG,baseline,17.796543211641623,62.95805698666949
2026-04-21,WS-201f28e185df,EOG,baseline,17.655447127173943,61.45834489343896
2026-04-22,WS-201f28e185df,EOG,baseline,17.536124108526465,60.19005899633891
2026-04-23,WS-201f28e185df,EOG,baseline,17.426991536000983,59.03008748189681
2026-04-24,WS-201f28e185df,EOG,baseline,17.31743577861211,57.86561793010881
2026-04-25,WS-201f28e185df,EOG,baseline,17.19765854419272,56.59250416773775
2026-04-26,WS-201f28e185df,EOG,baseline,17.07809451045702,55.321656518170784
2026-04-27,WS-201f28e185df,EOG,baseline,16.95174480401762,53.97868386632015
2026-04-28,WS-201f28e185df,EOG,baseline,16.837703036937082,52.76653245992703
2026-04-29,WS-201f28e185df,EOG,baseline,16.7149307049647,51.4615837672135
2026-04-30,WS-201f28e185df,EOG,baseline,16.61281421434533,50.37618627742554
2026-05-01,WS-201f28e185df,EOG,baseline,16.52147549672067,49.4053458751658
2026-05-02,WS-201f28e185df,EOG,baseline,16.453041521752514,48.67796027665836
2026-05-03,WS-201f28e185df,EOG,baseline,16.89542612500532,53.38007190406642
2026-05-04,WS-201f28e185df,EOG,baseline,18.17312220847802,66.96071997865026
2026-05-05,WS-201f28e185df,EOG,baseline,18.420789453752402,69.59317830828
2026-05-06,WS-201f28e185df,EOG,baseline,18.306521560993364,68.37862340914702
2026-05-07,WS-201f28e185df,EOG,baseline,18.20349191304257,67.28351995836
2026-05-08,WS-201f28e185df,EOG,baseline,18.125331377746495,66.45275062525532
2026-05-09,WS-201f28e185df,EOG,baseline,18.03400886510722,65.48208246599332
2026-05-10,WS-201f28e185df,EOG,baseline,17.92649114916505,64.33927528290712
2026-05-11,WS-201f28e185df,EOG,baseline,17.8291106243332,63.30421643427614
2026-05-12,WS-201f28e185df,EOG,baseline,17.746843166375985,62.42979456748058
2026-05-13,WS-201f28e185df,EOG,baseline,17.65502459841751,61.4538538298623
2026-05-14,WS-201f28e185df,EOG,baseline,17.928622729856635,64.36193188144371
2026-05-15,WS-201f28e185df,EOG,baseline,17.864513280844314,63.6805117248401
2026-05-16,WS-201f28e185df,EOG,baseline,17.76267903374345,62.59811420503382
2026-05-17,WS-201f28e185df,EOG,baseline,17.69597415453524,61.88910718755736
2026-05-18,WS-201f28e185df,EOG,baseline,18.357144965673736,68.91670022740945
2026-05-19,WS-201f28e185df,EOG,baseline,19.67515414758692,82.92583674286588
2026-05-20,WS-201f28e185df,EOG,baseline,20.257843951943933,89.11925415408061
2026-05-21,WS-201f28e185df,EOG,baseline,20.130586005953027,87.76662781237687
2026-05-22,WS-201f28e185df,EOG,baseline,20.01277200958015,86.5143813324067
2026-05-23,WS-201f28e185df,EOG,baseline,19.89663897288325,85.28000179441304
2026-05-24,WS-201f28e185df,EOG,baseline,19.798745067733815,84.23948621979555
2026-05-25,WS-201f28e185df,EOG,baseline,19.667639357802855,82.8459619457745
2026-05-26,WS-201f28e185df,EOG,baseline,21.240236987579674,99.56112234203782
2026-05-27,WS-201f28e185df,EOG,baseline,22.22927495518509,110.07361959720981
2026-05-28,WS-201f28e185df,EOG,baseline,22.105071682283533,108.75346141498935
2026-05-29,WS-201f28e185df,EOG,baseline,21.959085898984743,107.20177665010783
2026-05-30,WS-201f28e185df,EOG,baseline,21.847299149180667,106.01359385129666
2026-05-31,WS-201f28e185df,EOG,baseline,21.862506329848447,106.17523116984773
2026-06-01,WS-201f28e185df,EOG,baseline,21.72452553080591,104.70863148539576
2026-06-02,WS-201f28e185df,EOG,baseline,22.761111311802377,115.72651505953088
2026-06-03,WS-201f28e185df,EOG,baseline,24.22724283324219,131.31004582344406
2026-06-04,WS-201f28e185df,EOG,baseline,24.54007097597906,134.635100168753
2026-06-05,WS-201f28e185df,EOG,baseline,24.439330991333193,133.5643335786293
2026-06-06,WS-201f28e185df,EOG,baseline,24.294337888585247,132.02320002806698
2026-06-07,WS-201f28e185df,EOG,baseline,24.16961709970967,130.69754116191464
2026-06-08,WS-201f28e185df,EOG,baseline,23.98858097696146,128.77330588904113
2026-06-09,WS-201f28e185df,EOG,baseline,23.870833797323904,127.52176960500846
2026-06-10,WS-201f28e185df,EOG,baseline,23.87534905214213,127.56976230643924
2026-06-11,WS-201f28e185df,EOG,baseline,24.14767778763223,130.46434793218168
2026-06-12,WS-201f28e185df,EOG,baseline,24.08947095735552,129.845666785898
2026-06-13,WS-201f28e185df,EOG,baseline,23.97267971706042,128.6042911934089
2026-06-14,WS-201f28e185df,EOG,baseline,24.03210578358871,129.23593161746348
2026-06-15,WS-201f28e185df,EOG,baseline,23.8696873166372,127.50958364707071
2026-06-16,WS-201f28e185df,EOG,baseline,23.706140686150434,125.77124441197809
2026-06-17,WS-201f28e185df,EOG,baseline,23.94339336946133,128.29300622879344
2026-06-18,WS-201f28e185df,EOG,baseline,23.79863196957002,126.75433545086895
2026-06-19,WS-201f28e185df,EOG,baseline,24.56433475751115,134.89300021416153
2026-06-20,WS-201f28e185df,EOG,baseline,25.614195367268685,146.0519821136233
2026-06-21,WS-201f28e185df,EOG,baseline,25.734635718955886,147.33214415794714
2026-06-22,WS-201f28e185df,EOG,baseline,25.815811010573643,148.1949573746991
2026-06-23,WS-201f28e185df,EOG,baseline,25.65493537779322,146.48500820851808
2026-06-24,WS-201f28e185df,EOG,baseline,25.47083897235212,144.52824515161316
2026-06-25,WS-201f28e185df,EOG,baseline,25.289201747201762,142.5976207535901
2026-06-26,WS-201f28e185df,EOG,baseline,25.109990852337898,140.69278585133188
2026-06-27,WS-201f28e185df,EOG,baseline,24.95725933331431,139.06940057482822
2026-06-28,WS-201f28e185df,EOG,baseline,24.852083250624833,137.95148264164735
2026-06-29,WS-201f28e185df,EOG,baseline,24.747077186792083,136.83537184107738
2026-06-30,WS-201f28e185df,EOG,baseline,25.190537297279132,141.54891504868579
2026-07-01,WS-201f28e185df,EOG,baseline,26.442612021249754,154.8572333641892
2026-07-02,WS-201f28e185df,EOG,baseline,28.71536273213925,179.01432984832346
2026-07-03,WS-201f28e185df,EOG,baseline,28.91451587682511,181.1311311799627
2026-07-04,WS-201f28e185df,EOG,baseline,28.739258207266165,179.26831516022298
2026-07-05,WS-201f28e185df,EOG,baseline,28.51556701145427,176.89069856813995
2026-07-06,WS-201f28e185df,EOG,baseline,28.27811684800429,174.36683773239096
2026-07-07,WS-201f28e185df,EOG,baseline,28.02912951267056,171.72034814857284
2026-07-08,WS-201f28e185df,EOG,baseline,27.828016918606284,169.58271980433443
2026-07-09,WS-201f28e185df,EOG,baseline,27.636665631128682,167.54884451312373
2026-07-10,WS-201f28e185df,EOG,baseline,27.42609705221466,165.3107083845194
2026-07-11,WS-201f28e185df,EOG,baseline,27.22541623287714,163.17766937939498
2026-07-12,WS-201f28e185df,EOG,baseline,27.857345810893182,169.89445697698287
2026-07-13,WS-201f28e185df,EOG,baseline,27.968607010681087,171.07705369792512
2026-07-14,WS-201f28e185df,EOG,baseline,27.952181691038763,170.90246876457482
2026-07-15,WS-201f28e185df,EOG,baseline,27.884184215288567,170.17972272185898
2026-07-16,WS-201f28e185df,EOG,baseline,27.641175875862363,167.59678396230154
2026-07-17,WS-201f28e185df,EOG,baseline,27.403944183032333,165.07524525357684
2026-07-18,WS-201f28e185df,EOG,baseline,27.139965253528356,162.26940982285765
2026-07-19,WS-201f28e185df,EOG,baseline,26.873528456554187,159.43744968724306
2026-07-20,WS-201f28e185df,EOG,baseline,26.62098558835905,156.7531682989943
2026-07-21,WS-201f28e185df,EOG,baseline,26.377023566081935,154.16009283217096
2026-07-22,WS-201f28e185df,EOG,baseline,26.156890476394363,151.8202953957632
2026-07-23,WS-201f28e185df,EOG,baseline,26.04688101998641,150.6510034712767
2026-07-24,WS-201f28e185df,EOG,baseline,25.838206294248625,148.43299713239622
2026-07-25,WS-201f28e185df,EOG,baseline,25.626251217743107,146.18012390309167
2026-07-26,WS-201f28e185df,EOG,baseline,25.41751313427081,143.9614441340377
2026-07-27,WS-201f28e185df,EOG,baseline,25.199620705055843,141.64546270655933
2026-07-28,WS-201f28e185df,EOG,baseline,24.99735789648472,139.49560871756097
2026-07-29,WS-201f28e185df,EOG,baseline,25.002004133163336,139.5449936268674
2026-07-30,WS-201f28e185df,EOG,baseline,24.81468517397813,137.5539780048446
2026-07-31,WS-201f28e185df,EOG,baseline,24.60649074667195,135.3410767641598
2026-08-01,WS-201f28e185df,EOG,baseline,24.384268683798584,132.9790756049415
2026-08-02,WS-201f28e185df,EOG,baseline,24.18868981997115,130.90026535043387
2026-08-03,WS-201f28e185df,EOG,baseline,24.02417968601944,129.15168502464263
2026-08-04,WS-201f28e185df,EOG,baseline,23.867394525379513,127.4852135393574
2026-08-05,WS-201f28e185df,EOG,baseline,23.81649835962362,126.94423754012146
2026-08-06,WS-201f28e185df,EOG,baseline,23.70499028971101,125.75901683345441
2026-08-07,WS-201f28e185df,EOG,baseline,23.53617700928344,123.9646983085265
2026-08-08,WS-201f28e185df,EOG,baseline,23.353856033298317,122.02680631410257
2026-08-09,WS-201f28e185df,EOG,baseline,23.307495105805778,121.53403542059226
2026-08-10,WS-201f28e185df,EOG,baseline,25.30510208161181,142.7666256121666
2026-08-11,WS-201f28e185df,EOG,baseline,25.731286615722397,147.29654649668183
2026-08-12,WS-201f28e185df,EOG,baseline,25.613608498296177,146.04574427578012
2026-08-13,WS-201f28e185df,EOG,baseline,25.51778745204244,145.02726114497682
2026-08-14,WS-201f28e185df,EOG,baseline,25.304488729444877,142.7601062841099
2026-08-15,WS-201f28e185df,EOG,baseline,25.076194899107914,140.33356823057028
2026-08-16,WS-201f28e185df,EOG,baseline,24.869799421424478,138.13978804852098
2026-08-17,WS-201f28e185df,EOG,baseline,24.750625409145304,136.87308594202264
2026-08-18,WS-201f28e185df,EOG,baseline,24.525887877590996,134.48434783390044
2026-08-19,WS-201f28e185df,EOG,baseline,24.293561201662545,132.0149446127943
2026-08-20,WS-201f28e185df,EOG,baseline,24.09677525242133,129.92330423192672
2026-08-21,WS-201f28e185df,EOG,baseline,24.174921579746016,130.75392254832113
2026-08-22,WS-201f28e185df,EOG,baseline,23.932251347879262,128.17457753835382
2026-08-23,WS-201f28e185df,EOG,baseline,23.721796253908575,125.93764764266913
2026-08-24,WS-201f28e185df,EOG,baseline,23.48267482059785,123.39602285811414
2026-08-25,WS-201f28e185df,EOG,baseline,24.068602536906265,129.62385607702942
2026-08-26,WS-201f28e185df,EOG,baseline,25.80904453224866,148.12303638971326
2026-08-27,WS-201f28e185df,EOG,baseline,26.64105736865636,156.96651150946047
2026-08-28,WS-201f28e185df,EOG,baseline,26.372405256449827,154.1110047598004
2026-08-29,WS-201f28e185df,EOG,baseline,26.07979025976766,151.00079620340784
2026-08-30,WS-201f28e185df,EOG,baseline,25.773693127520822,147.7472858550117
2026-08-31,WS-201f28e185df,EOG,baseline,25.45522141257251,144.3622459082139
2026-09-01,WS-201f28e185df,EOG,baseline,25.171786935067747,141.3496172080196
2026-09-02,WS-201f28e185df,EOG,baseline,24.89174295081764,138.37302610415696
2026-09-03,WS-201f28e185df,EOG,baseline,25.074583961525423,140.3164455543244
2026-09-04,WS-201f28e185df,EOG,baseline,24.85620315182545,137.99527312440094
2026-09-05,WS-201f28e185df,EOG,baseline,24.74181817412227,136.77947372789353
2026-09-06,WS-201f28e185df,EOG,baseline,25.00158616045582,139.54055098959324
2026-09-07,WS-201f28e185df,EOG,baseline,24.73663650336619,136.72439768290366
2026-09-08,WS-201f28e185df,EOG,baseline,24.421838440380828,133.37840502998324
2026-09-09,WS-201f28e185df,EOG,baseline,24.214255615916663,131.1720045237582
2026-09-10,WS-201f28e185df,EOG,baseline,23.914670511135842,127.98771059890123
2026-09-11,WS-201f28e185df,EOG,baseline,23.64974611278721,125.17182576769402
2026-09-12,WS-201f28e185df,EOG,baseline,23.374579076166654,122.24707180279725
2026-09-13,WS-201f28e185df,EOG,baseline,23.105841568526994,119.39065738398216
2026-09-14,WS-201f28e185df,EOG,baseline,22.863822064251845,116.81822896594024
2026-09-15,WS-201f28e185df,EOG,baseline,22.65123427198728,114.55863059270982
2026-09-16,WS-201f28e185df,EOG,baseline,22.36017537067143,111.46496179394339
2026-09-17,WS-201f28e185df,EOG,baseline,22.096058439756543,108.65765954445592
2026-09-18,WS-201f28e185df,EOG,baseline,21.815341798552343,105.67391876119248
2026-09-19,WS-201f28e185df,EOG,baseline,21.524243127580146,102.57982725023814
2026-09-20,WS-201f28e185df,EOG,baseline,21.228497091265563,99.43633883339565
2026-09-21,WS-201f28e185df,EOG,baseline,20.91627995473331,96.11777888087981
2026-09-22,WS-201f28e185df,EOG,baseline,20.713210139645224,93.95934720925217
2026-09-23,WS-201f28e185df,EOG,baseline,20.482530336323425,91.50744861822507
2026-09-24,WS-201f28e185df,EOG,baseline,20.23045586999253,88.82814587940473
2026-09-25,WS-201f28e185df,EOG,baseline,20.004770363699222,86.4293317356114
2026-09-26,WS-201f28e185df,EOG,baseline,19.733393533221772,83.54486392046918
2026-09-27,WS-201f28e185df,EOG,baseline,19.581915596948495,81.93480299111238
2026-09-28,WS-201f28e185df,EOG,baseline,19.377250636609574,79.75941650013475
2025-03-01,WS-4aa144a4eafe,EER?,baseline,15.85492161436408,51.82559424359766
2025-03-02,WS-4aa144a4eafe,EER?,baseline,15.633184481457043,49.4687474112171
2025-03-03,WS-4aa144a4eafe,EER?,baseline,15.452101850323547,47.54401780011922
2025-03-04,WS-4aa144a4eafe,EER?,baseline,15.278064780689736,45.69417555265402
2025-03-05,WS-4aa144a4eafe,EER?,baseline,15.104748130161333,43.851990649109126
2025-03-06,WS-4aa144a4eafe,EER?,baseline,14.95584002401101,42.269244477121255
2025-03-07,WS-4aa144a4eafe,EER?,baseline,14.832830502352817,40.96177469219212
2025-03-08,WS-4aa144a4eafe,EER?,baseline,14.699161025476677,39.541000106396545
2025-03-09,WS-4aa144a4eafe,EER?,baseline,14.564891740229239,38.11385014972194
2025-03-10,WS-4aa144a4eafe,EER?,baseline,14.447245414075425,36.863385838662786
2025-03-11,WS-4aa144a4eafe,EER?,baseline,14.937865656066553,42.078194689480576
2025-03-12,WS-4aa144a4eafe,EER?,baseline,14.811697336204691,40.737149997891315
2025-03-13,WS-4aa144a4eafe,EER?,baseline,14.658980730924021,39.11392323975263
2025-03-14,WS-4aa144a4eafe,EER?,baseline,14.507169695801128,37.500321798446834
2025-03-15,WS-4aa144a4eafe,EER?,baseline,14.355000190407225,35.88291017202835
2025-03-16,WS-4aa144a4eafe,EER?,baseline,14.234736594589954,34.60462686811526
2025-03-17,WS-4aa144a4eafe,EER?,baseline,14.124766471918072,33.43575302241438
2025-03-18,WS-4aa144a4eafe,EER?,baseline,14.014180561940464,32.260333965535395
2025-03-19,WS-4aa144a4eafe,EER?,baseline,13.901786186164568,31.065692702468866
2025-03-20,WS-4aa144a4eafe,EER?,baseline,13.854179874424212,30.559684603799976
2025-03-21,WS-4aa144a4eafe,EER?,baseline,14.077859942813141,32.93718292236143
2025-03-22,WS-4aa144a4eafe,EER?,baseline,14.450343134123088,36.896311544818644
2025-03-23,WS-4aa144a4eafe,EER?,baseline,14.344598267147298,35.772347996156334
2025-03-24,WS-4aa144a4eafe,EER?,baseline,14.219968102829672,34.44765237959394
2025-03-25,WS-4aa144a4eafe,EER?,baseline,14.113638258661133,33.31747110083986
2025-03-26,WS-4aa144a4eafe,EER?,baseline,14.003443556081262,32.14621019241381
2025-03-27,WS-4aa144a4eafe,EER?,baseline,13.91273146299752,31.182030190444248
2025-03-28,WS-4aa144a4eafe,EER?,baseline,13.851816997244036,30.534569551916743
2025-03-29,WS-4aa144a4eafe,EER?,baseline,14.965036455855863,42.36699346926604
2025-03-30,WS-4aa144a4eafe,EER?,baseline,15.838134092086236,51.64715945378441
2025-03-31,WS-4aa144a4eafe,EER?,baseline,15.90620290741846,52.37066376583354
2025-04-01,WS-4aa144a4eafe,EER?,baseline,15.746861674701847,50.67702375762972
2025-04-02,WS-4aa144a4eafe,EER?,baseline,15.608332135634065,49.204591508404576
2025-04-03,WS-4aa144a4eafe,EER?,baseline,15.478171521746823,47.82111267236559
2025-04-04,WS-4aa144a4eafe,EER?,baseline,15.353781506763966,46.49896960616551
2025-04-05,WS-4aa144a4eafe,EER?,baseline,15.21435782393224,45.01703349139422
2025-04-06,WS-4aa144a4eafe,EER?,baseline,15.105210105353883,43.85690098936168
2025-04-07,WS-4aa144a4eafe,EER?,baseline,14.989195705458052,42.62378244344964
2025-04-08,WS-4aa144a4eafe,EER?,baseline,14.88020621303669,41.46533172927114
2025-04-09,WS-4aa144a4eafe,EER?,baseline,14.75770585444964,40.16327384516199
2025-04-10,WS-4aa144a4eafe,EER?,baseline,14.658553636011089,39.109383642439916
2025-04-11,WS-4aa144a4eafe,EER?,baseline,14.544739759427436,37.89965448706387
2025-04-12,WS-4aa144a4eafe,EER?,baseline,14.439465197665161,36.78068981855393
2025-04-13,WS-4aa144a4eafe,EER?,baseline,14.342169457182052,35.74653214385415
2025-04-14,WS-4aa144a4eafe,EER?,baseline,14.252343073079128,34.79176635401264
2025-04-15,WS-4aa144a4eafe,EER?,baseline,14.174130433464043,33.96044320343228
2025-04-16,WS-4aa144a4eafe,EER?,baseline,14.091790381042038,33.08524972913851
2025-04-17,WS-4aa144a4eafe,EER?,baseline,14.007191024347293,32.18604208072427
2025-04-18,WS-4aa144a4eafe,EER?,baseline,13.924890951750854,31.311273552509704
2025-04-19,WS-4aa144a4eafe,EER?,baseline,13.842063425655247,30.43089871428093
2025-04-20,WS-4aa144a4eafe,EER?,baseline,13.768281061262272,29.64666501591325
2025-04-21,WS-4aa144a4eafe,EER?,baseline,14.093050748479243,33.09864619080945
2025-04-22,WS-4aa144a4eafe,EER?,baseline,14.191658905103125,34.14675355351857
2025-04-23,WS-4aa144a4eafe,EER?,baseline,14.13617327280517,33.55699605548648
2025-04-24,WS-4aa144a4eafe,EER?,baseline,14.104964606099433,33.22527873640725
2025-04-25,WS-4aa144a4eafe,EER?,baseline,14.043472955280492,32.571683190408955
2025-04-26,WS-4aa144a4eafe,EER?,baseline,14.002509297638063,32.136279947426814
2025-04-27,WS-4aa144a4eafe,EER?,baseline,14.064409809030856,32.79422127771363
2025-04-28,WS-4aa144a4eafe,EER?,baseline,14.011967334090276,32.236809538301806
2025-04-29,WS-4aa144a4eafe,EER?,baseline,13.963688913185006,31.723657582690368
2025-04-30,WS-4aa144a4eafe,EER?,baseline,14.888316209950652,41.55153299058762
2025-05-01,WS-4aa144a4eafe,EER?,baseline,14.813248895108465,40.75364153739881
2025-05-02,WS-4aa144a4eafe,EER?,baseline,14.72523167681129,39.818105394133106
2025-05-03,WS-4aa144a4eafe,EER?,baseline,14.644507852134097,38.96009082528841
2025-05-04,WS-4aa144a4eafe,EER?,baseline,14.567243245580524,38.138844330289906
2025-05-05,WS-4aa144a4eafe,EER?,baseline,14.498341319971487,37.40648487841289
2025-05-06,WS-4aa144a4eafe,EER?,baseline,14.422506608670531,36.60043675841178
2025-05-07,WS-4aa144a4eafe,EER?,baseline,14.34669041617656,35.79458547504788
2025-05-08,WS-4aa144a4eafe,EER?,baseline,14.27728357776233,35.05685929848226
2025-05-09,WS-4aa144a4eafe,EER?,baseline,14.209307213841694,34.33433765367381
2025-05-10,WS-4aa144a4eafe,EER?,baseline,14.150309669883072,33.70725200151375
2025-05-11,WS-4aa144a4eafe,EER?,baseline,14.096853317973281,33.13906375077981
2025-05-12,WS-4aa144a4eafe,EER?,baseline,14.110804439216142,33.28735039757786
2025-05-13,WS-4aa144a4eafe,EER?,baseline,14.062422059615002,32.773093463653346
2025-05-14,WS-4aa144a4eafe,EER?,baseline,14.394564555285918,36.30344031426029
2025-05-15,WS-4aa144a4eafe,EER?,baseline,14.32897848450142,35.60632512588302
2025-05-16,WS-4aa144a4eafe,EER?,baseline,14.281760012703604,35.10443938294255
2025-05-17,WS-4aa144a4eafe,EER?,baseline,14.232286095941365,34.57858048651933
2025-05-18,WS-4aa144a4eafe,EER?,baseline,14.168289823285217,33.89836328285845
2025-05-19,WS-4aa144a4eafe,EER?,baseline,14.142279251957998,33.62189658629183
2025-05-20,WS-4aa144a4eafe,EER?,baseline,14.09044238262052,33.07092183661027
2025-05-21,WS-4aa144a4eafe,EER?,baseline,14.046753966553055,32.60655710134737
2025-05-22,WS-4aa144a4eafe,EER?,baseline,14.28208993372493,35.10794611771383
2025-05-23,WS-4aa144a4eafe,EER?,baseline,18.662089583831417,81.66301863012589
2025-05-24,WS-4aa144a4eafe,EER?,baseline,18.999461565877155,85.24894975854814
2025-05-25,WS-4aa144a4eafe,EER?,baseline,18.85673918857626,83.73195177791465
2025-05-26,WS-4aa144a4eafe,EER?,baseline,18.764605129502225,82.75265768117876
2025-05-27,WS-4aa144a4eafe,EER?,baseline,19.148411916302038,86.83214494547266
2025-05-28,WS-4aa144a4eafe,EER?,baseline,19.0346074934262,85.62251627367833
2025-05-29,WS-4aa144a4eafe,EER?,baseline,18.913936680345053,84.33990465223955
2025-05-30,WS-4aa144a4eafe,EER?,baseline,18.78390485402696,82.95779470092643
2025-05-31,WS-4aa144a4eafe,EER?,baseline,18.663327653794592,81.67617809165908
2025-06-01,WS-4aa144a4eafe,EER?,baseline,18.562639754679793,80.60596511931377
2025-06-02,WS-4aa144a4eafe,EER?,baseline,18.46682924107002,79.58759394011835
2025-06-03,WS-4aa144a4eafe,EER?,baseline,18.351150548246437,78.35804362898718
2025-06-04,WS-4aa144a4eafe,EER?,baseline,18.226882478128896,77.03719671632611
2025-06-05,WS-4aa144a4eafe,EER?,baseline,18.11491072758643,75.8470475422915
2025-06-06,WS-4aa144a4eafe,EER?,baseline,18.038148774516955,75.03114375762867
2025-06-07,WS-4aa144a4eafe,EER?,baseline,18.149233209010283,76.21186163798546
2025-06-08,WS-4aa144a4eafe,EER?,baseline,19.123793625746593,86.5704768191036
2025-06-09,WS-4aa144a4eafe,EER?,baseline,19.924585068051183,95.08209934010151
2025-06-10,WS-4aa144a4eafe,EER?,baseline,19.811567814807134,93.88083750442932
2025-06-11,WS-4aa144a4eafe,EER?,baseline,19.683402291165017,92.51856450821917
2025-06-12,WS-4aa144a4eafe,EER?,baseline,19.577516025766613,91.3930980339076
2025-06-13,WS-4aa144a4eafe,EER?,baseline,19.47695206046518,90.3242023556557
2025-06-14,WS-4aa144a4eafe,EER?,baseline,19.366905174912063,89.15451259630466
2025-06-15,WS-4aa144a4eafe,EER?,baseline,19.38303625224893,89.32597002441268
2025-06-16,WS-4aa144a4eafe,EER?,baseline,19.631786855113162,91.96994337577331
2025-06-17,WS-4aa144a4eafe,EER?,baseline,19.567780868329173,91.2896229205229
2025-06-18,WS-4aa144a4eafe,EER?,baseline,19.451212156723596,90.05061258833165
2025-06-19,WS-4aa144a4eafe,EER?,baseline,19.34020051039822,88.8706683743465
2025-06-20,WS-4aa144a4eafe,EER?,baseline,19.23064346328102,87.70618511401949
2025-06-21,WS-4aa144a4eafe,EER?,baseline,19.107036062674787,86.39236046607598
2025-06-22,WS-4aa144a4eafe,EER?,baseline,18.9929072395431,85.17928373979753
2025-06-23,WS-4aa144a4eafe,EER?,baseline,18.91977183170372,84.4019265509438
2025-06-24,WS-4aa144a4eafe,EER?,baseline,20.373619266242628,99.85488959748137
2025-06-25,WS-4aa144a4eafe,EER?,baseline,20.96601263939535,106.15144636600232
2025-06-26,WS-4aa144a4eafe,EER?,baseline,21.63787197317442,113.29264785022276
2025-06-27,WS-4aa144a4eafe,EER?,baseline,21.483205569225472,111.64869665700698
2025-06-28,WS-4aa144a4eafe,EER?,baseline,21.32585514796493,109.97621700932821
2025-06-29,WS-4aa144a4eafe,EER?,baseline,21.18542532128908,108.4835865787206
2025-06-30,WS-4aa144a4eafe,EER?,baseline,21.056478683990555,107.11301111542839
2025-07-01,WS-4aa144a4eafe,EER?,baseline,20.948073621449552,105.96077231395124
2025-07-02,WS-4aa144a4eafe,EER?,baseline,21.380640996593904,110.55853649775877
2025-07-03,WS-4aa144a4eafe,EER?,baseline,21.214555766172985,108.79321445137494
2025-07-04,WS-4aa144a4eafe,EER?,baseline,21.449424805239598,111.289640482916
2025-07-05,WS-4aa144a4eafe,EER?,baseline,21.341705212519994,110.14468754897074
2025-07-06,WS-4aa144a4eafe,EER?,baseline,21.230231903927834,108.959836320825
2025-07-07,WS-4aa144a4eafe,EER?,baseline,22.101222749329885,118.21760919858171
2025-07-08,WS-4aa144a4eafe,EER?,baseline,21.97521803216393,116.87830344214758
2025-07-09,WS-4aa144a4eafe,EER?,baseline,21.835255376649215,115.3906385798093
2025-07-10,WS-4aa144a4eafe,EER?,baseline,22.217071564805032,119.44896774556042
2025-07-11,WS-4aa144a4eafe,EER?,baseline,22.734630900151668,124.9501125655041
2025-07-12,WS-4aa144a4eafe,EER?,baseline,22.582720545738958,123.33545545819176
2025-07-13,WS-4aa144a4eafe,EER?,baseline,22.436120560039967,121.77724232811329
2025-07-14,WS-4aa144a4eafe,EER?,baseline,22.368671834376524,121.06032895711452
2025-07-15,WS-4aa144a4eafe,EER?,baseline,22.23546367115061,119.64445768002962
2025-07-16,WS-4aa144a4eafe,EER?,baseline,22.06554044711997,117.83834155029504
2025-07-17,WS-4aa144a4eafe,EER?,baseline,21.899466742376738,116.07314201048726
2025-07-18,WS-4aa144a4eafe,EER?,baseline,21.720509904515268,114.17100748336914
2025-07-19,WS-4aa144a4eafe,EER?,baseline,21.544485700114592,112.30004395495567
2025-07-20,WS-4aa144a4eafe,EER?,baseline,21.371346070999806,110.45974061428875
2025-07-21,WS-4aa144a4eafe,EER?,baseline,21.210795440288358,108.75324589927128
2025-07-22,WS-4aa144a4eafe,EER?,baseline,21.076727758531455,107.32823878868581
2025-07-23,WS-4aa144a4eafe,EER?,baseline,22.58810573589041,123.39269471344787
2025-07-24,WS-4aa144a4eafe,EER?,baseline,22.428922504110993,121.70073409923396
2025-07-25,WS-4aa144a4eafe,EER?,baseline,22.278893554134548,120.1060744638286
2025-07-26,WS-4aa144a4eafe,EER?,baseline,23.44079732009223,132.4559645089772
2025-07-27,WS-4aa144a4eafe,EER?,baseline,24.352089600491638,142.14210185671976
2025-07-28,WS-4aa144a4eafe,EER?,baseline,24.898415350131437,147.94900526349522
2025-07-29,WS-4aa144a4eafe,EER?,baseline,25.292278696383292,152.13538382731326
2025-07-30,WS-4aa144a4eafe,EER?,baseline,25.16044044611993,150.73407337269464
2025-07-31,WS-4aa144a4eafe,EER?,baseline,24.888123125219256,147.83960907276975
2025-08-01,WS-4aa144a4eafe,EER?,baseline,24.67976758267263,145.62499533612586
2025-08-02,WS-4aa144a4eafe,EER?,baseline,24.620036643963644,144.99011442174873
2025-08-03,WS-4aa144a4eafe,EER?,baseline,24.358096402895594,142.2059482365881
2025-08-04,WS-4aa144a4eafe,EER?,baseline,24.107463226301228,139.54196498488093
2025-08-05,WS-4aa144a4eafe,EER?,baseline,24.012741901483764,138.53517080734227
2025-08-06,WS-4aa144a4eafe,EER?,baseline,23.777810310823824,136.03807991411264
2025-08-07,WS-4aa144a4eafe,EER?,baseline,23.58008216652869,133.93642492992083
2025-08-08,WS-4aa144a4eafe,EER?,baseline,23.367672306945018,131.67871780543996
2025-08-09,WS-4aa144a4eafe,EER?,baseline,23.170467910681054,129.58262974579546
2025-08-10,WS-4aa144a4eafe,EER?,baseline,22.953522821895756,127.27671761190624
2025-08-11,WS-4aa144a4eafe,EER?,baseline,22.7404382529471,125.01183899292289
2025-08-12,WS-4aa144a4eafe,EER?,baseline,22.520109112659856,122.66995773217423
2025-08-13,WS-4aa144a4eafe,EER?,baseline,22.3526408647636,120.88993557528948
2025-08-14,WS-4aa144a4eafe,EER?,baseline,22.18120277837818,119.0677179541378
2025-08-15,WS-4aa144a4eafe,EER?,baseline,21.997629025420505,117.11651017718914
2025-08-16,WS-4aa144a4eafe,EER?,baseline,21.82927688643514,115.32709313057072
2025-08-17,WS-4aa144a4eafe,EER?,baseline,21.716248524820355,114.12571322388337
2025-08-18,WS-4aa144a4eafe,EER?,baseline,21.50503047717955,111.88067388384398
2025-08-19,WS-4aa144a4eafe,EER?,baseline,21.302906002660244,109.73229024925837
2025-08-20,WS-4aa144a4eafe,EER?,baseline,21.208730328661343,108.73129580127538
2025-08-21,WS-4aa144a4eafe,EER?,baseline,21.170171856448846,108.32145730510629
2025-08-22,WS-4aa144a4eafe,EER?,baseline,21.01100818140413,106.62970455967664
2025-08-23,WS-4aa144a4eafe,EER?,baseline,20.813663364172378,104.53212396376276
2025-08-24,WS-4aa144a4eafe,EER?,baseline,20.583287093186122,102.08345162182697
2025-08-25,WS-4aa144a4eafe,EER?,baseline,20.36731961412845,99.78793051428343
2025-08-26,WS-4aa144a4eafe,EER?,baseline,20.173827646642938,97.73130190778609
2025-08-27,WS-4aa144a4eafe,EER?,baseline,21.305129556131032,109.75592442764588
2025-08-28,WS-4aa144a4eafe,EER?,baseline,21.972783111166137,116.85242263560194
2025-08-29,WS-4aa144a4eafe,EER?,baseline,22.675204153366423,124.31846491098969
2025-08-30,WS-4aa144a4eafe,EER?,baseline,23.773253540475096,135.98964594357517
2025-08-31,WS-4aa144a4eafe,EER?,baseline,23.503562524191068,133.12309666913768
2025-09-01,WS-4aa144a4eafe,EER?,baseline,23.23955637149858,130.31697188279827
2025-09-02,WS-4aa144a4eafe,EER?,baseline,23.004124741098273,127.81456606074872
2025-09-03,WS-4aa144a4eafe,EER?,baseline,22.716794845537656,124.76053291202848
2025-09-04,WS-4aa144a4eafe,EER?,baseline,22.38676654828099,121.2526579035091
2025-09-05,WS-4aa144a4eafe,EER?,baseline,22.130244747338434,118.52608438800557
2025-09-06,WS-4aa144a4eafe,EER?,baseline,21.848099838921364,115.5271625342001
2025-09-07,WS-4aa144a4eafe,EER?,baseline,21.60369088077185,112.9293365802512
2025-09-08,WS-4aa144a4eafe,EER?,baseline,21.65068521331534,113.42883994417993
2025-09-09,WS-4aa144a4eafe,EER?,baseline,21.314674367487562,109.85737635009288
2025-09-10,WS-4aa144a4eafe,EER?,baseline,21.612211280652662,113.0199000199712
2025-09-11,WS-4aa144a4eafe,EER?,baseline,24.86529948511383,147.59701630907412
2025-09-12,WS-4aa144a4eafe,EER?,baseline,24.609428619854555,144.877361597305
2025-09-13,WS-4aa144a4eafe,EER?,baseline,24.309321547160806,141.68751966880035
2025-09-14,WS-4aa144a4eafe,EER?,baseline,24.022076376063936,138.63438705749303
2025-09-15,WS-4aa144a4eafe,EER?,baseline,23.67370619985816,134.9315559821464
2025-09-16,WS-4aa144a4eafe,EER?,baseline,23.4061135591897,132.08731036906622
2025-09-17,WS-4aa144a4eafe,EER?,baseline,23.529189993237907,133.3954913666478
2025-09-18,WS-4aa144a4eafe,EER?,baseline,23.20576100598374,129.9577605088685
2025-09-19,WS-4aa144a4eafe,EER?,baseline,22.936559229735508,127.09641137305248
2025-09-20,WS-4aa144a4eafe,EER?,baseline,23.706565279555296,135.28081556209955
2025-09-21,WS-4aa144a4eafe,EER?,baseline,23.426337029245133,132.30226589191895
2025-09-22,WS-4aa144a4eafe,EER?,baseline,23.082198636872008,128.64441450125813
2025-09-23,WS-4aa144a4eafe,EER?,baseline,23.29216941265907,130.87619657275133
2025-09-24,WS-4aa144a4eafe,EER?,baseline,23.02106513656166,127.99462574161367
2025-09-25,WS-4aa144a4eafe,EER?,baseline,22.693781435009633,124.51592307607469
2025-09-26,WS-4aa144a4eafe,EER?,baseline,22.292948220110276,120.25546168892157
2025-09-27,WS-4aa144a4eafe,EER?,baseline,21.87928877531082,115.85867013949427
2025-09-28,WS-4aa144a4eafe,EER?,baseline,21.557466033379008,112.4380120838676
2025-09-29,WS-4aa144a4eafe,EER?,baseline,21.245144915739516,109.118346914828
2025-09-30,WS-4aa144a4eafe,EER?,baseline,20.961311436149984,106.10147721635224
2025-10-01,WS-4aa144a4eafe,EER?,baseline,20.65254102586561,102.81955256137495
2025-10-02,WS-4aa144a4eafe,EER?,baseline,20.416861860313993,100.31451568502419
2025-10-03,WS-4aa144a4eafe,EER?,baseline,20.27951201557172,98.85462242193002
2025-10-04,WS-4aa144a4eafe,EER?,baseline,20.013648888798464,96.02875983424593
2025-10-05,WS-4aa144a4eafe,EER?,baseline,19.72995267743883,93.013349161548
2025-10-06,WS-4aa144a4eafe,EER?,baseline,19.471587800409,90.26718556665095
2025-10-07,WS-4aa144a4eafe,EER?,baseline,19.293392333707033,88.37314366336184
2025-10-08,WS-4aa144a4eafe,EER?,baseline,19.032312985327323,85.59812791763797
2025-10-09,WS-4aa144a4eafe,EER?,baseline,20.05390870849508,96.45668197466593
2025-10-10,WS-4aa144a4eafe,EER?,baseline,19.937315575279328,95.2174120648666
2025-10-11,WS-4aa144a4eafe,EER?,baseline,19.57615875974495,91.37867163593849
2025-10-12,WS-4aa144a4eafe,EER?,baseline,19.33040172010117,88.7665169064801
2025-10-13,WS-4aa144a4eafe,EER?,baseline,19.032895735771362,85.60432197958913
2025-10-14,WS-4aa144a4eafe,EER?,baseline,18.76866019031413,82.79575897460828
2025-10-15,WS-4aa144a4eafe,EER?,baseline,18.49116553770738,79.84626474951179
2025-10-16,WS-4aa144a4eafe,EER?,baseline,18.195360078119045,76.70214472192968
2025-10-17,WS-4aa144a4eafe,EER?,baseline,17.931517038019322,73.89775366143286
2025-10-18,WS-4aa144a4eafe,EER?,baseline,17.67732065207396,71.19589701178865
2025-10-19,WS-4aa144a4eafe,EER?,baseline,17.451274335020805,68.79324780579675
2025-10-20,WS-4aa144a4eafe,EER?,baseline,17.13872088266839,65.47111314811072
2025-10-21,WS-4aa144a4eafe,EER?,baseline,17.102947610707275,65.09087858117066
2025-10-22,WS-4aa144a4eafe,EER?,baseline,17.207566348805216,66.20287249153276
2025-10-23,WS-4aa144a4eafe,EER?,baseline,17.12165872642802,65.289759270384
2025-10-24,WS-4aa144a4eafe,EER?,baseline,17.06890645214211,64.72905466975337
2025-10-25,WS-4aa144a4eafe,EER?,baseline,16.883392914638303,62.757228897960495
2025-10-26,WS-4aa144a4eafe,EER?,baseline,16.767245037102846,61.522691616503295
2025-10-27,WS-4aa144a4eafe,EER?,baseline,17.679633666393997,71.22048207069136
2025-10-28,WS-4aa144a4eafe,EER?,baseline,17.722089489190758,71.67174555625563
2025-10-29,WS-4aa144a4eafe,EER?,baseline,17.56413355325235,69.99282988529212
2025-10-30,WS-4aa144a4eafe,EER?,baseline,17.38963350872897,68.13806667178189
2025-10-31,WS-4aa144a4eafe,EER?,baseline,17.20638057615163,66.19026889877459
2025-11-01,WS-4aa144a4eafe,EER?,baseline,17.319577724413914,67.3934428409051
2025-11-02,WS-4aa144a4eafe,EER?,baseline,17.055031876204577,64.58158162398837
2025-11-03,WS-4aa144a4eafe,EER?,baseline,16.867090275597157,62.58394793829517
2025-11-04,WS-4aa144a4eafe,EER?,baseline,16.97322282227789,63.71203213951841
2025-11-05,WS-4aa144a4eafe,EER?,baseline,18.016365298419494,74.79960691052754
2025-11-06,WS-4aa144a4eafe,EER?,baseline,17.752463164603505,71.99458774216187
2025-11-07,WS-4aa144a4eafe,EER?,baseline,17.47621189046768,69.0583094027956
2025-11-08,WS-4aa144a4eafe,EER?,baseline,17.235614084327235,66.50099223247952
2025-11-09,WS-4aa144a4eafe,EER?,baseline,17.00979681437265,64.10077757103882
2025-11-10,WS-4aa144a4eafe,EER?,baseline,16.794959445596877,61.81726842019021
2025-11-11,WS-4aa144a4eafe,EER?,baseline,16.595961487544372,59.70211656926918
2025-11-12,WS-4aa144a4eafe,EER?,baseline,16.44871293516097,58.13700981557564
2025-11-13,WS-4aa144a4eafe,EER?,baseline,16.212803492136324,55.629525317007634
2025-11-14,WS-4aa144a4eafe,EER?,baseline,15.964968883601934,52.99528808113866
2025-11-15,WS-4aa144a4eafe,EER?,baseline,16.169120047142094,55.16521341934599
2025-11-16,WS-4aa144a4eafe,EER?,baseline,16.04025233211886,53.795476821931054
2025-11-17,WS-4aa144a4eafe,EER?,baseline,15.911051424246047,52.422198713440345
2025-11-18,WS-4aa144a4eafe,EER?,baseline,15.7073340778837,50.256884423585404
2025-11-19,WS-4aa144a4eafe,EER?,baseline,15.50118234577543,48.06569501638383
2025-11-20,WS-4aa144a4eafe,EER?,baseline,15.293410351296693,45.8572838196453
2025-11-21,WS-4aa144a4eafe,EER?,baseline,15.192346394655093,44.783073727019705
2025-11-22,WS-4aa144a4eafe,EER?,baseline,15.103533804682076,43.83908356800029
2025-11-23,WS-4aa144a4eafe,EER?,baseline,16.62411302984147,60.00133967376092
2025-11-24,WS-4aa144a4eafe,EER?,baseline,16.519239009311608,58.886632363152515
2025-11-25,WS-4aa144a4eafe,EER?,baseline,16.288085747955353,56.42970138059881
2025-11-26,WS-4aa144a4eafe,EER?,baseline,16.273991099435417,56.279889180530105
2025-11-27,WS-4aa144a4eafe,EER?,baseline,16.00090060598577,53.37720681965606
2025-11-28,WS-4aa144a4eafe,EER?,baseline,15.774881003203095,50.97484155998801
2025-11-29,WS-4aa144a4eafe,EER?,baseline,15.5995357476754,49.11109458786193
2025-11-30,WS-4aa144a4eafe,EER?,baseline,15.679989025983502,49.9662335158762
2025-12-01,WS-4aa144a4eafe,EER?,baseline,15.596427186747828,49.078053653854354
2025-12-02,WS-4aa144a4eafe,EER?,baseline,15.774095874002946,50.96649641163996
2025-12-03,WS-4aa144a4eafe,EER?,baseline,15.565033341869164,48.74436807359772
2025-12-04,WS-4aa144a4eafe,EER?,baseline,15.341417803769097,46.36755564830503
2025-12-05,WS-4aa144a4eafe,EER?,baseline,15.07753771627302,43.56277081055675
2025-12-06,WS-4aa144a4eafe,EER?,baseline,14.837311485755084,41.00940312230271
2025-12-07,WS-4aa144a4eafe,EER?,baseline,14.671653128028872,39.2486183112712
2025-12-08,WS-4aa144a4eafe,EER?,baseline,14.51758681854071,37.61104552978323
2025-12-09,WS-4aa144a4eafe,EER?,baseline,14.323462917340773,35.54770009172237
2025-12-10,WS-4aa144a4eafe,EER?,baseline,14.155679921488712,33.76433247477461
2025-12-11,WS-4aa144a4eafe,EER?,baseline,14.048478476967027,32.62488694467713
2025-12-12,WS-4aa144a4eafe,EER?,baseline,13.953535409333309,31.615735859897693
2025-12-13,WS-4aa144a4eafe,EER?,baseline,13.882462554629264,30.860301574798928
2025-12-14,WS-4aa144a4eafe,EER?,baseline,14.267376946859631,34.951561591433894
2025-12-15,WS-4aa144a4eafe,EER?,baseline,14.120921416285817,33.39488387673546
2025-12-16,WS-4aa144a4eafe,EER?,baseline,13.975092356518754,31.84486492828477
2025-12-17,WS-4aa144a4eafe,EER?,baseline,13.81213542841709,30.112793647414136
2025-12-18,WS-4aa144a4eafe,EER?,baseline,13.655383435084808,28.446674697867603
2025-12-19,WS-4aa144a4eafe,EER?,baseline,13.51358279472667,26.939473871032128
2025-12-20,WS-4aa144a4eafe,EER?,baseline,13.820398431947755,30.200621218023873
2025-12-21,WS-4aa144a4eafe,EER?,baseline,14.865566515529228,41.309726196516564
2025-12-22,WS-4aa144a4eafe,EER?,baseline,17.193919581162454,66.05782082305758
2025-12-23,WS-4aa144a4eafe,EER?,baseline,16.88213065955703,62.743812372496535
2025-12-24,WS-4aa144a4eafe,EER?,baseline,16.594292455460483,59.68437640582208
2025-12-25,WS-4aa144a4eafe,EER?,baseline,16.31785490936467,56.74611817940169
2025-12-26,WS-4aa144a4eafe,EER?,baseline,16.070055483258635,54.11225489801533
2025-12-27,WS-4aa144a4eafe,EER?,baseline,15.828980452811404,51.54986530441574
2025-12-28,WS-4aa144a4eafe,EER?,baseline,15.587943687248789,48.987882428765964
2025-12-29,WS-4aa144a4eafe,EER?,baseline,15.365373416693036,46.622180165621195
2025-12-30,WS-4aa144a4eafe,EER?,baseline,15.132971736264878,44.15197972072475
2025-12-31,WS-4aa144a4eafe,EER?,baseline,14.940168499898089,42.10267164613042
2026-01-01,WS-4aa144a4eafe,EER?,baseline,16.01655841597329,53.543633883031916
2026-01-02,WS-4aa144a4eafe,EER?,baseline,15.789834097058058,51.13377818654364
2026-01-03,WS-4aa144a4eafe,EER?,baseline,15.550742870877396,48.59247447396192
2026-01-04,WS-4aa144a4eafe,EER?,baseline,15.381447635380397,46.793033242413635
2026-01-05,WS-4aa144a4eafe,EER?,baseline,15.229430095021801,45.17723685430639
2026-01-06,WS-4aa144a4eafe,EER?,baseline,15.008219522930172,42.82598684359293
2026-01-07,WS-4aa144a4eafe,EER?,baseline,14.779617871224225,40.39617695277048
2026-01-08,WS-4aa144a4eafe,EER?,baseline,14.537239194942103,37.81993089085533
2026-01-09,WS-4aa144a4eafe,EER?,baseline,14.30697924909909,35.372494970360464
2026-01-10,WS-4aa144a4eafe,EER?,baseline,14.057269476260096,32.718326589023995
2026-01-11,WS-4aa144a4eafe,EER?,baseline,13.918727510129301,31.24576225238658
2026-01-12,WS-4aa144a4eafe,EER?,baseline,13.768490937889009,29.64889579727327
2026-01-13,WS-4aa144a4eafe,EER?,baseline,13.620697480319073,28.077997239356446
2026-01-14,WS-4aa144a4eafe,EER?,baseline,13.489410432368807,26.682545521200144
2026-01-15,WS-4aa144a4eafe,EER?,baseline,13.701551734348023,28.937398143455418
2026-01-16,WS-4aa144a4eafe,EER?,baseline,13.659882629001196,28.494496687766556
2026-01-17,WS-4aa144a4eafe,EER?,baseline,13.58481458154034,27.696597447564486
2026-01-18,WS-4aa144a4eafe,EER?,baseline,13.51426380626964,26.946712351465358
2026-01-19,WS-4aa144a4eafe,EER?,baseline,13.420381984798382,25.948841265771197
2026-01-20,WS-4aa144a4eafe,EER?,baseline,13.311650038575824,24.793128013446214
2026-01-21,WS-4aa144a4eafe,EER?,baseline,13.192439166465626,23.526034123330653
2026-01-22,WS-4aa144a4eafe,EER?,baseline,13.088667010870797,22.42303854926274
2026-01-23,WS-4aa144a4eafe,EER?,baseline,12.986790760884926,21.340194580252472
2026-01-24,WS-4aa144a4eafe,EER?,baseline,12.88041441676081,20.209519052873606
2026-01-25,WS-4aa144a4eafe,EER?,baseline,12.779674250345426,19.138750530719356
2026-01-26,WS-4aa144a4eafe,EER?,baseline,12.683426826805299,18.115735430265037
2026-01-27,WS-4aa144a4eafe,EER?,baseline,12.58672649725186,17.087906385980773
2026-01-28,WS-4aa144a4eafe,EER?,baseline,12.48570694396037,16.014168257133548
2026-01-29,WS-4aa144a4eafe,EER?,baseline,12.407293486909943,15.180710615454798
2026-01-30,WS-4aa144a4eafe,EER?,baseline,12.318889007351782,14.241058267274314
2026-01-31,WS-4aa144a4eafe,EER?,baseline,12.232184848244959,13.319478647000205
2026-02-01,WS-4aa144a4eafe,EER?,baseline,12.17637299826195,12.726253777005597
2026-02-02,WS-4aa144a4eafe,EER?,baseline,12.286739604737502,13.899341854145804
2026-02-03,WS-4aa144a4eafe,EER?,baseline,12.235860422916904,13.358546377376156
2026-02-04,WS-4aa144a4eafe,EER?,baseline,12.174577885990761,12.70717350562907
2026-02-05,WS-4aa144a4eafe,EER?,baseline,12.106748022256156,11.986209013178765
2026-02-06,WS-4aa144a4eafe,EER?,baseline,12.045941136441115,11.33989184319806
2026-02-07,WS-4aa144a4eafe,EER?,baseline,11.997923677253752,10.82951365303656
2026-02-08,WS-4aa144a4eafe,EER?,baseline,14.541314200480656,37.863244177040436
2026-02-09,WS-4aa144a4eafe,EER?,baseline,15.124033752937098,44.05697778118591
2026-02-10,WS-4aa144a4eafe,EER?,baseline,15.868296298643429,51.96775393451007
2026-02-11,WS-4aa144a4eafe,EER?,baseline,15.684183952930308,50.01082144824921
2026-02-12,WS-4aa144a4eafe,EER?,baseline,15.654727849973568,49.697732151757876
2026-02-13,WS-4aa144a4eafe,EER?,baseline,15.442094829549031,47.43765304783447
2026-02-14,WS-4aa144a4eafe,EER?,baseline,15.287292789969811,45.79226018176321
2026-02-15,WS-4aa144a4eafe,EER?,baseline,15.119668109879708,44.01057530508181
2026-02-16,WS-4aa144a4eafe,EER?,baseline,14.952737305079104,42.23626563776058
2026-02-17,WS-4aa144a4eafe,EER?,baseline,14.775757095561058,40.35514071868117
2026-02-18,WS-4aa144a4eafe,EER?,baseline,14.604877924114483,38.53886381158991
2026-02-19,WS-4aa144a4eafe,EER?,baseline,14.436586089506541,36.75008774097329
2026-02-20,WS-4aa144a4eafe,EER?,baseline,14.289083097950122,35.18227655004324
2026-02-21,WS-4aa144a4eafe,EER?,baseline,14.130789852688622,33.49977561395409
2026-02-22,WS-4aa144a4eafe,EER?,baseline,14.059917816394773,32.74647583031549
2026-02-23,WS-4aa144a4eafe,EER?,baseline,14.573246570306228,38.202653745871466
2026-02-24,WS-4aa144a4eafe,EER?,baseline,14.408109219011202,36.4474067188858
2026-02-25,WS-4aa144a4eafe,EER?,baseline,14.273082966636021,35.01221094889232
2026-02-26,WS-4aa144a4eafe,EER?,baseline,14.692853781770594,39.473960332070746
2026-02-27,WS-4aa144a4eafe,EER?,baseline,14.59446206556257,38.428153517320474
2026-02-28,WS-4aa144a4eafe,EER?,baseline,14.59378627374969,38.420970517465385
2026-03-01,WS-4aa144a4eafe,EER?,baseline,14.509111060237764,37.520956585967525
2026-03-02,WS-4aa144a4eafe,EER?,baseline,14.897324589168825,41.647283168949215
2026-03-03,WS-4aa144a4eafe,EER?,baseline,18.17484966390406,76.48413926592124
2026-03-04,WS-4aa144a4eafe,EER?,baseline,19.813270827736275,93.89893885071687
2026-03-05,WS-4aa144a4eafe,EER?,baseline,19.52086301185326,90.79093242169834
2026-03-06,WS-4aa144a4eafe,EER?,baseline,19.20855680828526,87.47142577451606
2026-03-07,WS-4aa144a4eafe,EER?,baseline,18.95786361171808,84.80680456974734
2026-03-08,WS-4aa144a4eafe,EER?,baseline,19.58708853415701,91.49484434848321
2026-03-09,WS-4aa144a4eafe,EER?,baseline,19.308709376106066,88.53594870366484
2026-03-10,WS-4aa144a4eafe,EER?,baseline,18.972895152628247,84.96657501105987
2026-03-11,WS-4aa144a4eafe,EER?,baseline,18.68437434470836,81.89988363958373
2026-03-12,WS-4aa144a4eafe,EER?,baseline,18.373730518894682,78.59804642689413
2026-03-13,WS-4aa144a4eafe,EER?,baseline,18.449587597258983,79.40433228669869
2026-03-14,WS-4aa144a4eafe,EER?,baseline,18.197479573835935,76.72467286911508
2026-03-15,WS-4aa144a4eafe,EER?,baseline,17.94033250848068,73.99145341014166
2026-03-16,WS-4aa144a4eafe,EER?,baseline,17.725006840767303,71.70275412361634
2026-03-17,WS-4aa144a4eafe,EER?,baseline,17.573312684627915,70.09039499052673
2026-03-18,WS-4aa144a4eafe,EER?,baseline,17.463649653428078,68.92478522402479
2026-03-19,WS-4aa144a4eafe,EER?,baseline,17.956469703818648,74.16297586656188
2026-03-20,WS-4aa144a4eafe,EER?,baseline,19.322760888299435,88.68530240716468
2026-03-21,WS-4aa144a4eafe,EER?,baseline,19.111650341158622,86.44140569131986
2026-03-22,WS-4aa144a4eafe,EER?,baseline,18.99023618619387,85.15089307945698
2026-03-23,WS-4aa144a4eafe,EER?,baseline,18.746193638726236,82.55696170934985
2026-03-24,WS-4aa144a4eafe,EER?,baseline,18.487720225262873,79.80964447930738
2026-03-25,WS-4aa144a4eafe,EER?,baseline,18.230802430443404,77.07886193980225
2026-03-26,WS-4aa144a4eafe,EER?,baseline,18.074539331635513,75.41793945643207
2026-03-27,WS-4aa144a4eafe,EER?,baseline,19.583896244212603,91.46091345768075
2026-03-28,WS-4aa144a4eafe,EER?,baseline,19.468612059190598,90.23555637503729
2026-03-29,WS-4aa144a4eafe,EER?,baseline,19.229912477461006,87.69841545635404
2026-03-30,WS-4aa144a4eafe,EER?,baseline,18.994053249282786,85.1914646920334
2026-03-31,WS-4aa144a4eafe,EER?,baseline,18.761175833419944,82.71620764909412
2026-04-01,WS-4aa144a4eafe,EER?,baseline,18.516808679573643,80.11882603362075
2026-04-02,WS-4aa144a4eafe,EER?,baseline,18.273041814958617,77.52782490009326
2026-04-03,WS-4aa144a4eafe,EER?,baseline,18.071380106102477,75.38436000768256
2026-04-04,WS-4aa144a4eafe,EER?,baseline,17.928535007816038,73.86605762411816
2026-04-05,WS-4aa144a4eafe,EER?,baseline,17.785306375390963,72.34367865127035
2026-04-06,WS-4aa144a4eafe,EER?,baseline,17.920991001034245,73.78587227918281
2026-04-07,WS-4aa144a4eafe,EER?,baseline,18.035394813940243,75.0018718753028
2026-04-08,WS-4aa144a4eafe,EER?,baseline,17.872657299633026,73.27213274647023
2026-04-09,WS-4aa144a4eafe,EER?,baseline,17.649721955376137,70.90255011026917
2026-04-10,WS-4aa144a4eafe,EER?,baseline,18.22985314463223,77.06877196872816
2026-04-11,WS-4aa144a4eafe,EER?,baseline,18.04875261007064,75.14385206186321
2026-04-12,WS-4aa144a4eafe,EER?,baseline,17.919631065337256,73.77141750520036
2026-04-13,WS-4aa144a4eafe,EER?,baseline,17.744022211444257,71.90486874266534
2026-04-14,WS-4aa144a4eafe,EER?,baseline,17.591900462153742,70.28796471648288
2026-04-15,WS-4aa144a4eafe,EER?,baseline,17.446302039431927,68.74039721214712
2026-04-16,WS-4aa144a4eafe,EER?,baseline,17.30390933462492,67.22690332468355
2026-04-17,WS-4aa144a4eafe,EER?,baseline,17.158716787354226,65.68364987572843
2026-04-18,WS-4aa144a4eafe,EER?,baseline,17.0197566321714,64.20664060228813
2026-04-19,WS-4aa144a4eafe,EER?,baseline,16.886755404469508,62.79296884554476
2026-04-20,WS-4aa144a4eafe,EER?,baseline,16.751138997250187,61.351500312136395
2026-04-21,WS-4aa144a4eafe,EER?,baseline,16.61051136331575,59.85676738563774
2026-04-22,WS-4aa144a4eafe,EER?,baseline,16.49180502861136,58.59503623008589
2026-04-23,WS-4aa144a4eafe,EER?,baseline,16.383360324921473,57.44237608232835
2026-04-24,WS-4aa144a4eafe,EER?,baseline,16.27451331930319,56.28543986220903
2026-04-25,WS-4aa144a4eafe,EER?,baseline,16.155435992257807,55.01976542430193
2026-04-26,WS-4aa144a4eafe,EER?,baseline,16.036607673576984,53.7567376994985
2026-04-27,WS-4aa144a4eafe,EER?,baseline,15.911015575558558,52.4218176772808
2026-04-28,WS-4aa144a4eafe,EER?,baseline,15.797798145263364,51.21842815716206
2026-04-29,WS-4aa144a4eafe,EER?,baseline,15.675875457980773,49.92251034876425
2026-04-30,WS-4aa144a4eafe,EER?,baseline,15.574666826054429,48.846762500679766
2026-05-01,WS-4aa144a4eafe,EER?,baseline,15.484263730051623,47.88586683265044
2026-05-02,WS-4aa144a4eafe,EER?,baseline,15.416776499621236,47.16854419398947
2026-05-03,WS-4aa144a4eafe,EER?,baseline,15.859950672259224,51.879048164529316
2026-05-04,WS-4aa144a4eafe,EER?,baseline,17.1383475723672,65.46714522812672
2026-05-05,WS-4aa144a4eafe,EER?,baseline,17.386109780930838,68.10061292377713
2026-05-06,WS-4aa144a4eafe,EER?,baseline,17.27209686464673,66.88876817286965
2026-05-07,WS-4aa144a4eafe,EER?,baseline,17.169353591820737,65.79670860696069
2026-05-08,WS-4aa144a4eafe,EER?,baseline,17.091708807342368,64.97142119591874
2026-05-09,WS-4aa144a4eafe,EER?,baseline,17.000792554632916,64.0050711786665
2026-05-10,WS-4aa144a4eafe,EER?,baseline,16.893636326388403,62.86610625295955
2026-05-11,WS-4aa144a4eafe,EER?,baseline,16.796711926920725,61.835895566680136
2026-05-12,WS-4aa144a4eafe,EER?,baseline,16.715023477267927,60.96762798658571
2026-05-13,WS-4aa144a4eafe,EER?,baseline,16.62371727024285,59.99713313990632
2026-05-14,WS-4aa144a4eafe,EER?,baseline,16.89776453804551,62.90998506766186
2026-05-15,WS-4aa144a4eafe,EER?,baseline,16.83411494815436,62.233452759560954
2026-05-16,WS-4aa144a4eafe,EER?,baseline,16.732671805398688,61.1552122928608
2026-05-17,WS-4aa144a4eafe,EER?,baseline,16.66656646097587,60.452577738315206
2026-05-18,WS-4aa144a4eafe,EER?,baseline,17.328318313160473,67.48634667090593
2026-05-19,WS-4aa144a4eafe,EER?,baseline,18.646761682651636,81.5000981717029
2026-05-20,WS-4aa144a4eafe,EER?,baseline,19.22945182646945,87.69351919105083
2026-05-21,WS-4aa144a4eafe,EER?,baseline,19.101991362257486,86.33874028057552
2026-05-22,WS-4aa144a4eafe,EER?,baseline,18.98412226188716,85.08590809950897
2026-05-23,WS-4aa144a4eafe,EER?,baseline,18.86796352006059,83.85125534136213
2026-05-24,WS-4aa144a4eafe,EER?,baseline,18.770173461190247,82.81184355017824
2026-05-25,WS-4aa144a4eafe,EER?,baseline,18.638842107008127,81.41592090051473
2026-05-26,WS-4aa144a4eafe,EER?,baseline,20.21195981923362,98.13660925980194
2026-05-27,WS-4aa144a4eafe,EER?,baseline,21.200744374905454,108.64641299627854
2026-05-28,WS-4aa144a4eafe,EER?,baseline,21.076400001619305,107.32475505625875
2026-05-29,WS-4aa144a4eafe,EER?,baseline,20.929880927043534,105.76740193154774
2026-05-30,WS-4aa144a4eafe,EER?,baseline,20.81816898460199,104.58001426115327
2026-05-31,WS-4aa144a4eafe,EER?,baseline,20.833202472199282,104.73980539382823
2026-06-01,WS-4aa144a4eafe,EER?,baseline,20.69483571546118,103.26910336007514
2026-06-02,WS-4aa144a4eafe,EER?,baseline,21.731746212646797,114.29043834675348
2026-06-03,WS-4aa144a4eafe,EER?,baseline,23.19714611334776,129.86619270444072
2026-06-04,WS-4aa144a4eafe,EER?,baseline,23.508583305770244,133.1764626210007
2026-06-05,WS-4aa144a4eafe,EER?,baseline,23.406859088280598,132.09523460734465
2026-06-06,WS-4aa144a4eafe,EER?,baseline,23.26150871855565,130.5503036614971
2026-06-07,WS-4aa144a4eafe,EER?,baseline,23.136454660113394,129.22110246884196
2026-06-08,WS-4aa144a4eafe,EER?,baseline,22.954338831464817,127.28539098809189
2026-06-09,WS-4aa144a4eafe,EER?,baseline,22.836755168633374,126.03559272629072
2026-06-10,WS-4aa144a4eafe,EER?,baseline,22.8414318789535,126.085301540324
2026-06-11,WS-4aa144a4eafe,EER?,baseline,23.113104753956215,128.9729160165259
2026-06-12,WS-4aa144a4eafe,EER?,baseline,23.05403806600051,128.34509543193315
2026-06-13,WS-4aa144a4eafe,EER?,baseline,22.937084657690725,127.10199615353407
2026-06-14,WS-4aa144a4eafe,EER?,baseline,22.99667124685773,127.73534277477633
2026-06-15,WS-4aa144a4eafe,EER?,baseline,22.83356459949305,126.00168012593697
2026-06-16,WS-4aa144a4eafe,EER?,baseline,22.668949853404737,124.25198787640278
2026-06-17,WS-4aa144a4eafe,EER?,baseline,22.906172276800042,126.77342806018684
2026-06-18,WS-4aa144a4eafe,EER?,baseline,22.7610817760946,125.23125926548387
2026-06-19,WS-4aa144a4eafe,EER?,baseline,23.527026834275024,133.3724991222602
2026-06-20,WS-4aa144a4eafe,EER?,baseline,24.576111856573636,144.52323729266394
2026-06-21,WS-4aa144a4eafe,EER?,baseline,24.696031699392677,145.79786684154567
2026-06-22,WS-4aa144a4eafe,EER?,baseline,24.776274705074428,146.65077077911494
2026-06-23,WS-4aa144a4eafe,EER?,baseline,24.614908219625086,144.93560433361432
2026-06-24,WS-4aa144a4eafe,EER?,baseline,24.429838371350506,142.96849454033506
2026-06-25,WS-4aa144a4eafe,EER?,baseline,24.247280346948713,141.028082955247
2026-06-26,WS-4aa144a4eafe,EER?,baseline,24.067200055187513,139.11400722220554
2026-06-27,WS-4aa144a4eafe,EER?,baseline,23.914126612048012,137.48698762988414
2026-06-28,WS-4aa144a4eafe,EER?,baseline,23.808984311846366,136.36942877120015
2026-06-29,WS-4aa144a4eafe,EER?,baseline,23.7043727340898,135.25751096819843
2026-06-30,WS-4aa144a4eafe,EER?,baseline,24.14757645854271,139.96832904535842
2026-07-01,WS-4aa144a4eafe,EER?,baseline,25.39949963510128,153.2750365614735
2026-07-02,WS-4aa144a4eafe,EER?,baseline,27.66973360937167,177.4053826197728
2026-07-03,WS-4aa144a4eafe,EER?,baseline,27.86759592898683,179.50846375516377
2026-07-04,WS-4aa144a4eafe,EER?,baseline,27.690050379887822,177.62132983442032
2026-07-05,WS-4aa144a4eafe,EER?,baseline,27.46467942669517,175.22585907957216
2026-07-06,WS-4aa144a4eafe,EER?,baseline,27.22546219577184,172.68321606096293
2026-07-07,WS-4aa144a4eafe,EER?,baseline,26.974471209393563,170.01542964446892
2026-07-08,WS-4aa144a4eafe,EER?,baseline,26.77238609557213,167.86746437524636
2026-07-09,WS-4aa144a4eafe,EER?,baseline,26.580264017380834,165.8253963396442
2026-07-10,WS-4aa144a4eafe,EER?,baseline,26.368519766672016,163.57476398043943
2026-07-11,WS-4aa144a4eafe,EER?,baseline,26.16686979089932,161.43142379912325
2026-07-12,WS-4aa144a4eafe,EER?,baseline,26.79818087320806,168.14163739789788
2026-07-13,WS-4aa144a4eafe,EER?,baseline,26.908969342013265,169.3192094551559
2026-07-14,WS-4aa144a4eafe,EER?,baseline,26.891767253236445,169.13636823270278
2026-07-15,WS-4aa144a4eafe,EER?,baseline,26.821925938416513,168.39402400084305
2026-07-16,WS-4aa144a4eafe,EER?,baseline,26.577169191650462,165.79250139722404
2026-07-17,WS-4aa144a4eafe,EER?,baseline,26.33813383430259,163.2517915151833
2026-07-18,WS-4aa144a4eafe,EER?,baseline,26.072026555058798,160.42333382775533
2026-07-19,WS-4aa144a4eafe,EER?,baseline,25.803448471184673,157.56861392619086
2026-07-20,WS-4aa144a4eafe,EER?,baseline,25.548890505088586,154.8629140364825
2026-07-21,WS-4aa144a4eafe,EER?,baseline,25.303293313417846,152.2524583331817
2026-07-22,WS-4aa144a4eafe,EER?,baseline,25.08199795207785,149.90030709645876
2026-07-23,WS-4aa144a4eafe,EER?,baseline,24.971484905131828,148.72566250167793
2026-07-24,WS-4aa144a4eafe,EER?,baseline,24.76188061643345,146.49777582615545
2026-07-25,WS-4aa144a4eafe,EER?,baseline,24.548949550545437,144.23452879317438
2026-07-26,WS-4aa144a4eafe,EER?,baseline,24.339308060901047,142.00624670831903
2026-07-27,WS-4aa144a4eafe,EER?,baseline,24.1203686195512,139.6791365754173
2026-07-28,WS-4aa144a4eafe,EER?,baseline,23.917348285176878,137.52123083493143
2026-07-29,WS-4aa144a4eafe,EER?,baseline,23.921247419094392,137.5626747793987
2026-07-30,WS-4aa144a4eafe,EER?,baseline,23.733447728386693,135.56654945585146
2026-07-31,WS-4aa144a4eafe,EER?,baseline,23.5244367497038,133.34496908010058
2026-08-01,WS-4aa144a4eafe,EER?,baseline,23.301192814826848,130.97210643023712
2026-08-02,WS-4aa144a4eafe,EER?,baseline,23.10504665236074,128.88726635121589
2026-08-03,WS-4aa144a4eafe,EER?,baseline,22.94046910126267,127.13796944771052
2026-08-04,WS-4aa144a4eafe,EER?,baseline,22.78373729352498,125.47206505110805
2026-08-05,WS-4aa144a4eafe,EER?,baseline,22.733073813001603,124.93356226619585
2026-08-06,WS-4aa144a4eafe,EER?,baseline,22.621731667134526,123.7501051683389
2026-08-07,WS-4aa144a4eafe,EER?,baseline,22.452788808812468,121.95440935830696
2026-08-08,WS-4aa144a4eafe,EER?,baseline,22.27014771031113,120.01311477754835
2026-08-09,WS-4aa144a4eafe,EER?,baseline,22.224492862917536,119.52784881847455
2026-08-10,WS-4aa144a4eafe,EER?,baseline,24.22249151816579,140.76460217586873
2026-08-11,WS-4aa144a4eafe,EER?,baseline,24.647768222076493,145.2848737215345
2026-08-12,WS-4aa144a4eafe,EER?,baseline,24.52922871861205,144.02491581737385
2026-08-13,WS-4aa144a4eafe,EER?,baseline,24.431473017034936,142.9858692103008
2026-08-14,WS-4aa144a4eafe,EER?,baseline,24.217334829164983,140.70979166227642
2026-08-15,WS-4aa144a4eafe,EER?,baseline,23.98797195679046,138.27189074719493
2026-08-16,WS-4aa144a4eafe,EER?,baseline,23.780893507140256,136.07085124734274
2026-08-17,WS-4aa144a4eafe,EER?,baseline,23.660789581984922,134.79426508494524
2026-08-18,WS-4aa144a4eafe,EER?,baseline,23.435119259782255,132.39561233304627
2026-08-19,WS-4aa144a4eafe,EER?,baseline,23.20177646858634,129.91540880971712
2026-08-20,WS-4aa144a4eafe,EER?,baseline,23.003980507737793,127.81303300250848
2026-08-21,WS-4aa144a4eafe,EER?,baseline,23.08101730878343,128.63185814983848
2026-08-22,WS-4aa144a4eafe,EER?,baseline,22.83727403871642,126.04110780306476
2026-08-23,WS-4aa144a4eafe,EER?,baseline,22.626258107209438,123.79821675800663
2026-08-24,WS-4aa144a4eafe,EER?,baseline,22.386209431901193,121.2467363063559
2026-08-25,WS-4aa144a4eafe,EER?,baseline,22.972891664627262,127.48258928996098
2026-08-26,WS-4aa144a4eafe,EER?,baseline,24.71194750546934,145.96703614866527
2026-08-27,WS-4aa144a4eafe,EER?,baseline,25.541314316789347,154.78238663378508
2026-08-28,WS-4aa144a4eafe,EER?,baseline,25.270910833091968,151.90826453406436
2026-08-29,WS-4aa144a4eafe,EER?,baseline,24.976355882102194,148.77743617843066
2026-08-30,WS-4aa144a4eafe,EER?,baseline,24.668169976712125,145.50172423347897
2026-08-31,WS-4aa144a4eafe,EER?,baseline,24.34750161774336,142.09333612918675
2026-09-01,WS-4aa144a4eafe,EER?,baseline,24.062362596998373,139.06258981700879
2026-09-02,WS-4aa144a4eafe,EER?,baseline,23.780324465965272,136.0648029013884
2026-09-03,WS-4aa144a4eafe,EER?,baseline,23.961495366537385,137.99047072948255
2026-09-04,WS-4aa144a4eafe,EER?,baseline,23.742656193199213,135.6644263465641
2026-09-05,WS-4aa144a4eafe,EER?,baseline,23.628369139407575,134.44966778456964
2026-09-06,WS-4aa144a4eafe,EER?,baseline,23.885714706484443,137.18499712089044
2026-09-07,WS-4aa144a4eafe,EER?,baseline,23.619708638760486,134.35761521200624
2026-09-08,WS-4aa144a4eafe,EER?,baseline,23.30311265115776,130.99251239524568
2026-09-09,WS-4aa144a4eafe,EER?,baseline,23.095371544293478,128.78442950335773
2026-09-10,WS-4aa144a4eafe,EER?,baseline,22.79449192648915,125.58637618295468
2026-09-11,WS-4aa144a4eafe,EER?,baseline,22.528801722667502,122.76235159554317
2026-09-12,WS-4aa144a4eafe,EER?,baseline,22.252829313967556,119.82903732047501
2026-09-13,WS-4aa144a4eafe,EER?,baseline,21.983451058894055,116.96581238895956
2026-09-14,WS-4aa144a4eafe,EER?,baseline,21.741161530880248,114.39051388513279
2026-09-15,WS-4aa144a4eafe,EER?,baseline,21.528568998567117,112.13086512986531
2026-09-16,WS-4aa144a4eafe,EER?,baseline,21.236899499174537,109.03070627630233
2026-09-17,WS-4aa144a4eafe,EER?,baseline,20.97254505548779,106.22087950051349
2026-09-18,WS-4aa144a4eafe,EER?,baseline,20.691559593367494,103.2342814162817
2026-09-19,WS-4aa144a4eafe,EER?,baseline,20.400246941293904,100.13791549745353
2026-09-20,WS-4aa144a4eafe,EER?,baseline,20.104411117847732,96.99347273203671
2026-09-21,WS-4aa144a4eafe,EER?,baseline,19.79217630852393,93.67472493519261
2026-09-22,WS-4aa144a4eafe,EER?,baseline,19.58986337641497,91.52433818246712
2026-09-23,WS-4aa144a4eafe,EER?,baseline,19.35987462328895,89.07978477284279
2026-09-24,WS-4aa144a4eafe,EER?,baseline,19.10850397400162,86.4079629144143
2026-09-25,WS-4aa144a4eafe,EER?,baseline,18.883743670426053,84.01898276218576
2026-09-26,WS-4aa144a4eafe,EER?,baseline,18.613275459283575,81.14417267362002
2026-09-27,WS-4aa144a4eafe,EER?,baseline,18.463097964261674,79.54793415101948
2026-09-28,WS-4aa144a4eafe,EER?,baseline,18.25969299949136,77.38594016911667
2025-03-01,WS-555215c413db,EOR?,baseline,14.936757764640383,51.333876496980714
2025-03-02,WS-555215c413db,EOR?,baseline,14.715422433790692,48.981300423826106
2025-03-03,WS-555215c413db,EOR?,baseline,14.53477403345785,47.061186257483115
2025-03-04,WS-555215c413db,EOR?,baseline,14.36120722445894,45.21634241634361
2025-03-05,WS-555215c413db,EOR?,baseline,14.18840247684033,43.3795985353988
2025-03-06,WS-555215c413db,EOR?,baseline,14.040006755118458,41.80229850407904
2025-03-07,WS-555215c413db,EOR?,baseline,13.917487777826494,40.50004272151631
2025-03-08,WS-555215c413db,EOR?,baseline,13.784354346477748,39.08496577051326
2025-03-09,WS-555215c413db,EOR?,baseline,13.65064998083552,37.663820351575005
2025-03-10,WS-555215c413db,EOR?,baseline,13.533550214338842,36.41916543012844
2025-03-11,WS-555215c413db,EOR?,baseline,14.024574436111344,41.63826818722881
2025-03-12,WS-555215c413db,EOR?,baseline,13.898827008905133,40.30169716907998
2025-03-13,WS-555215c413db,EOR?,baseline,13.74659979120323,38.68367211779887
2025-03-14,WS-555215c413db,EOR?,baseline,13.595315151128396,37.075665736216884
2025-03-15,WS-555215c413db,EOR?,baseline,13.443713596050209,35.464290860995646
2025-03-16,WS-555215c413db,EOR?,baseline,13.32397467821717,34.19158436611285
2025-03-17,WS-555215c413db,EOR?,baseline,13.214548654748906,33.028493757832535
2025-03-18,WS-555215c413db,EOR?,baseline,13.104504893479238,31.85883720653043
2025-03-19,WS-555215c413db,EOR?,baseline,12.992682093146882,30.67027122619132
2025-03-20,WS-555215c413db,EOR?,baseline,12.945589037998012,30.16971853842262
2025-03-21,WS-555215c413db,EOR?,baseline,13.169656424961985,32.55133367109071
2025-03-22,WS-555215c413db,EOR?,baseline,13.542476400495325,36.51404197738209
2025-03-23,WS-555215c413db,EOR?,baseline,13.437083219712626,35.39381650578121
2025-03-24,WS-555215c413db,EOR?,baseline,13.312852832694148,34.07337012726388
2025-03-25,WS-555215c413db,EOR?,baseline,13.206916057072007,32.947366779135756
2025-03-26,WS-555215c413db,EOR?,baseline,13.097142593259491,31.780583222975842
2025-03-27,WS-555215c413db,EOR?,baseline,13.00682747928197,30.820622717022832
2025-03-28,WS-555215c413db,EOR?,baseline,12.946268446874843,30.176939984096872
2025-03-29,WS-555215c413db,EOR?,baseline,14.05967652886033,42.01136878170643
2025-03-30,WS-555215c413db,EOR?,baseline,14.932739057466431,51.2911616068357
2025-03-31,WS-555215c413db,EOR?,baseline,15.000703409834657,52.01355558069937
2025-04-01,WS-555215c413db,EOR?,baseline,14.841305921604611,50.31931763192106
2025-04-02,WS-555215c413db,EOR?,baseline,14.702789349854655,48.84702321248358
2025-04-03,WS-555215c413db,EOR?,baseline,14.572677015766367,47.46405754304745
2025-04-04,WS-555215c413db,EOR?,baseline,14.448362535471865,46.14271733601966
2025-04-05,WS-555215c413db,EOR?,baseline,14.309011687275746,44.66155538152526
2025-04-06,WS-555215c413db,EOR?,baseline,14.199994378011716,43.50280900176895
2025-04-07,WS-555215c413db,EOR?,baseline,14.084117265214175,42.27114968218717
2025-04-08,WS-555215c413db,EOR?,baseline,13.975286472968307,41.1143857942114
2025-04-09,WS-555215c413db,EOR?,baseline,13.852952439021976,39.81409577684375
2025-04-10,WS-555215c413db,EOR?,baseline,13.753994256510435,38.76226798448097
2025-04-11,WS-555215c413db,EOR?,baseline,13.640385349801342,37.55471745653306
2025-04-12,WS-555215c413db,EOR?,baseline,13.535333829447847,36.43812349802049
2025-04-13,WS-555215c413db,EOR?,baseline,13.438274705138443,35.40648081966876
2025-04-14,WS-555215c413db,EOR?,baseline,13.348694641783162,34.45433317621627
2025-04-15,WS-555215c413db,EOR?,baseline,13.27073131121226,33.625659934667226
2025-04-16,WS-555215c413db,EOR?,baseline,13.188652240365101,32.75324043688301
2025-04-17,WS-555215c413db,EOR?,baseline,13.104326142490656,31.85693725997794
2025-04-18,WS-555215c413db,EOR?,baseline,13.022307655967413,30.985161713750458
2025-04-19,WS-555215c413db,EOR?,baseline,12.93977342056187,30.107904266031678
2025-04-20,WS-555215c413db,EOR?,baseline,12.866281069419543,29.326753122228357
2025-04-21,WS-555215c413db,EOR?,baseline,13.191268181633873,32.78104531021283
2025-04-22,WS-555215c413db,EOR?,baseline,13.290077971688092,33.83129583724166
2025-04-23,WS-555215c413db,EOR?,baseline,13.234797016042958,33.24371384998007
2025-04-24,WS-555215c413db,EOR?,baseline,13.20379340237752,32.91417604229869
2025-04-25,WS-555215c413db,EOR?,baseline,13.14250937457431,32.262787324000115
2025-04-26,WS-555215c413db,EOR?,baseline,13.101750473024286,31.829560436152857
2025-04-27,WS-555215c413db,EOR?,baseline,13.16384778138142,32.489593523900204
2025-04-28,WS-555215c413db,EOR?,baseline,13.111606175313774,31.934316822317566
2025-04-29,WS-555215c413db,EOR?,baseline,13.06352563710415,31.42326816441859
2025-04-30,WS-555215c413db,EOR?,baseline,13.98826786097651,41.25236513400862
2025-05-01,WS-555215c413db,EOR?,baseline,13.913296090251023,40.45548922046281
2025-05-02,WS-555215c413db,EOR?,baseline,13.825357177194704,39.520785384607414
2025-05-03,WS-555215c413db,EOR?,baseline,13.744730918395724,38.66380784473485
2025-05-04,WS-555215c413db,EOR?,baseline,13.667575096777462,37.84371762621039
2025-05-05,WS-555215c413db,EOR?,baseline,13.59879817908909,37.11268688512702
2025-05-06,WS-555215c413db,EOR?,baseline,13.523084676222037,36.30792709112595
2025-05-07,WS-555215c413db,EOR?,baseline,13.447395775457203,35.503428793185215
2025-05-08,WS-555215c413db,EOR?,baseline,13.37812802285838,34.76718096153721
2025-05-09,WS-555215c413db,EOR?,baseline,13.310296701454728,34.04620097550388
2025-05-10,WS-555215c413db,EOR?,baseline,13.251454259318987,33.420763902610446
2025-05-11,WS-555215c413db,EOR?,baseline,13.198158536303538,32.85428297845664
2025-05-12,WS-555215c413db,EOR?,baseline,13.212261160329106,33.0041799502771
2025-05-13,WS-555215c413db,EOR?,baseline,13.164039863122213,32.49163516318906
2025-05-14,WS-555215c413db,EOR?,baseline,13.49631372411396,36.02337829747765
2025-05-15,WS-555215c413db,EOR?,baseline,13.430845078868952,35.32751122666712
2025-05-16,WS-555215c413db,EOR?,baseline,13.383757429486234,34.82701599685628
2025-05-17,WS-555215c413db,EOR?,baseline,13.334424073195333,34.30265111948744
2025-05-18,WS-555215c413db,EOR?,baseline,13.27055479625433,33.62378375491326
2025-05-19,WS-555215c413db,EOR?,baseline,13.244681547306037,33.348776659675195
2025-05-20,WS-555215c413db,EOR?,baseline,13.19298600484706,32.79930407519961
2025-05-21,WS-555215c413db,EOR?,baseline,13.149446772826728,32.33652501908895
2025-05-22,WS-555215c413db,EOR?,baseline,13.38492718972304,34.839449393430925
2025-05-23,WS-555215c413db,EOR?,baseline,17.76481786584938,81.39336362000897
2025-05-24,WS-555215c413db,EOR?,baseline,18.101995170166877,84.97722551635844
2025-05-25,WS-555215c413db,EOR?,baseline,17.958913009395978,83.45640339260328
2025-05-26,WS-555215c413db,EOR?,baseline,17.866715427411894,82.47643411004096
2025-05-27,WS-555215c413db,EOR?,baseline,18.25027963438175,86.55334299020797
2025-05-28,WS-555215c413db,EOR?,baseline,18.13613167914457,85.34006290853458
2025-05-29,WS-555215c413db,EOR?,baseline,18.01524530375901,84.05516007259475
2025-05-30,WS-555215c413db,EOR?,baseline,17.88494735787714,82.67022153302172
2025-05-31,WS-555215c413db,EOR?,baseline,17.764160677865412,81.38637836049023
2025-06-01,WS-555215c413db,EOR?,baseline,17.663374875609207,80.31512477439802
2025-06-02,WS-555215c413db,EOR?,baseline,17.56749297811524,79.29599485498105
2025-06-03,WS-555215c413db,EOR?,baseline,17.451636267208347,78.06455238735691
2025-06-04,WS-555215c413db,EOR?,baseline,17.32714758785064,76.74136061624993
2025-06-05,WS-555215c413db,EOR?,baseline,17.215023367103065,75.54959083444774
2025-06-06,WS-555215c413db,EOR?,baseline,17.138290840915126,74.73399982848652
2025-06-07,WS-555215c413db,EOR?,baseline,17.24945297686635,75.91554359863687
2025-06-08,WS-555215c413db,EOR?,baseline,18.223999726336608,86.27401351020873
2025-06-09,WS-555215c413db,EOR?,baseline,19.0247720512638,94.78543283235679
2025-06-10,WS-555215c413db,EOR?,baseline,18.911615193445524,93.5826871378729
2025-06-11,WS-555215c413db,EOR?,baseline,18.783221184297403,92.21798556628605
2025-06-12,WS-555215c413db,EOR?,baseline,18.677236868088123,91.09147690864694
2025-06-13,WS-555215c413db,EOR?,baseline,18.57660451911392,90.0218543794592
2025-06-14,WS-555215c413db,EOR?,baseline,18.466381035945687,88.85028756178994
2025-06-15,WS-555215c413db,EOR?,baseline,18.482519119856185,89.02181946285899
2025-06-16,WS-555215c413db,EOR?,baseline,18.73126811964334,91.66577577509275
2025-06-17,WS-555215c413db,EOR?,baseline,18.667192269957994,90.98471274616695
2025-06-18,WS-555215c413db,EOR?,baseline,18.550467717032685,89.74404597458751
2025-06-19,WS-555215c413db,EOR?,baseline,18.439332096386153,88.5627840359512
2025-06-20,WS-555215c413db,EOR?,baseline,18.3296593056942,87.39707053568222
2025-06-21,WS-555215c413db,EOR?,baseline,18.205859126548585,86.08119684216868
2025-06-22,WS-555215c413db,EOR?,baseline,18.09159117765229,84.86664134635207
2025-06-23,WS-555215c413db,EOR?,baseline,18.01848685024821,84.08961451184412
2025-06-24,WS-555215c413db,EOR?,baseline,19.472421024243012,99.54349951317198
2025-06-25,WS-555215c413db,EOR?,baseline,20.064774032996407,105.83962724797429
2025-06-26,WS-555215c413db,EOR?,baseline,20.73634520546837,112.97776586196203
2025-06-27,WS-555215c413db,EOR?,baseline,20.58134144625547,111.33022891531462
2025-06-28,WS-555215c413db,EOR?,baseline,20.423639337940397,109.65401118141826
2025-06-29,WS-555215c413db,EOR?,baseline,20.282963887688375,108.15877001466612
2025-06-30,WS-555215c413db,EOR?,baseline,20.153841656617324,106.78632816291139
2025-07-01,WS-555215c413db,EOR?,baseline,20.045383296594828,105.63352286181924
2025-07-02,WS-555215c413db,EOR?,baseline,20.477881239872637,110.2305490534259
2025-07-03,WS-555215c413db,EOR?,baseline,20.31134654347856,108.46044962744298
2025-07-04,WS-555215c413db,EOR?,baseline,20.546209630721172,110.95681239697039
2025-07-05,WS-555215c413db,EOR?,baseline,20.438457598323943,109.81151466127517
2025-07-06,WS-555215c413db,EOR?,baseline,20.32692668423934,108.62605114361071
2025-07-07,WS-555215c413db,EOR?,baseline,21.197793802989075,117.88250892919147
2025-07-08,WS-555215c413db,EOR?,baseline,21.071607038478387,116.54126818919305
2025-07-09,WS-555215c413db,EOR?,baseline,20.93137582728754,115.05074884512537
2025-07-10,WS-555215c413db,EOR?,baseline,21.313136390146543,119.10848676888253
2025-07-11,WS-555215c413db,EOR?,baseline,21.830622911292142,124.60885764574857
2025-07-12,WS-555215c413db,EOR?,baseline,21.67815425512547,122.98826634192577
2025-07-13,WS-555215c413db,EOR?,baseline,21.53132825716454,121.42765092461354
2025-07-14,WS-555215c413db,EOR?,baseline,21.463388971933362,120.70552338967141
2025-07-15,WS-555215c413db,EOR?,baseline,21.330040817253156,119.28816414162156
2025-07-16,WS-555215c413db,EOR?,baseline,21.15969734587904,117.47758119747795
2025-07-17,WS-555215c413db,EOR?,baseline,20.993287356291308,115.7088072817407
2025-07-18,WS-555215c413db,EOR?,baseline,20.813921569631322,113.80232603259302
2025-07-19,WS-555215c413db,EOR?,baseline,20.63751111123925,111.92725700554611
2025-07-20,WS-555215c413db,EOR?,baseline,20.464007287518974,110.08308263574183
2025-07-21,WS-555215c413db,EOR?,baseline,20.303168598200635,108.3735261420936
2025-07-22,WS-555215c413db,EOR?,baseline,20.16896293632458,106.94705243905024
2025-07-23,WS-555215c413db,EOR?,baseline,21.679778312114735,123.00552846451468
2025-07-24,WS-555215c413db,EOR?,baseline,21.520287629615513,121.31029995265287
2025-07-25,WS-555215c413db,EOR?,baseline,21.37006155801771,119.7135451090034
2025-07-26,WS-555215c413db,EOR?,baseline,22.531991079569615,132.06370891069366
2025-07-27,WS-555215c413db,EOR?,baseline,23.443124967392734,141.7481627017094
2025-07-28,WS-555215c413db,EOR?,baseline,23.98914286415633,147.5517939363114
2025-07-29,WS-555215c413db,EOR?,baseline,24.38245831203313,151.73234888126694
2025-07-30,WS-555215c413db,EOR?,baseline,24.2502649809022,150.32726426754826
2025-07-31,WS-555215c413db,EOR?,baseline,23.97706122267295,147.4233780138777
2025-08-01,WS-555215c413db,EOR?,baseline,23.768232248240473,145.2037321636411
2025-08-02,WS-555215c413db,EOR?,baseline,23.708080152700816,144.56437476790381
2025-08-03,WS-555215c413db,EOR?,baseline,23.4453498310583,141.771810806174
2025-08-04,WS-555215c413db,EOR?,baseline,23.194009335178045,139.10030944869638
2025-08-05,WS-555215c413db,EOR?,baseline,23.09890234721838,138.08941605266799
2025-08-06,WS-555215c413db,EOR?,baseline,22.863321119918872,135.5854201632562
2025-08-07,WS-555215c413db,EOR?,baseline,22.66522182302787,133.479820193358
2025-08-08,WS-555215c413db,EOR?,baseline,22.45236302824067,131.2173413308353
2025-08-09,WS-555215c413db,EOR?,baseline,22.254801250773316,129.11745466179184
2025-08-10,WS-555215c413db,EOR?,baseline,22.037397066369913,126.80666279468377
2025-08-11,WS-555215c413db,EOR?,baseline,21.82388372555935,124.53722675407555
2025-08-12,WS-555215c413db,EOR?,baseline,21.603097603480997,122.19048822800234
2025-08-13,WS-555215c413db,EOR?,baseline,21.435454130706525,120.40860360363753
2025-08-14,WS-555215c413db,EOR?,baseline,21.263442442663482,118.58028916310288
2025-08-15,WS-555215c413db,EOR?,baseline,21.079625433848243,116.62649581652119
2025-08-16,WS-555215c413db,EOR?,baseline,20.910972662775585,114.83388334758737
2025-08-17,WS-555215c413db,EOR?,baseline,20.79773551407923,113.63028424032953
2025-08-18,WS-555215c413db,EOR?,baseline,20.58616340941157,111.38148162360628
2025-08-19,WS-555215c413db,EOR?,baseline,20.383739454415938,109.229914807193
2025-08-20,WS-555215c413db,EOR?,baseline,20.2895037670314,108.2282824761636
2025-08-21,WS-555215c413db,EOR?,baseline,20.250757066010724,107.81644329357587
2025-08-22,WS-555215c413db,EOR?,baseline,20.091295532418513,106.12152460582088
2025-08-23,WS-555215c413db,EOR?,baseline,19.893704243604105,104.02132426029071
2025-08-24,WS-555215c413db,EOR?,baseline,19.662957793000054,101.5687172744449
2025-08-25,WS-555215c413db,EOR?,baseline,19.446699781571688,99.27010809460336
2025-08-26,WS-555215c413db,EOR?,baseline,19.25302222642594,97.21150687448278
2025-08-27,WS-555215c413db,EOR?,baseline,20.384215675727944,109.23497656963218
2025-08-28,WS-555215c413db,EOR?,baseline,21.05165543526561,116.32920234250122
2025-08-29,WS-555215c413db,EOR?,baseline,21.75366026345391,123.79082067381204
2025-08-30,WS-555215c413db,EOR?,baseline,22.8511405026124,135.4559522255282
2025-08-31,WS-555215c413db,EOR?,baseline,22.580830466699375,132.58282338350705
2025-09-01,WS-555215c413db,EOR?,baseline,22.316253922358406,129.7706358970131
2025-09-02,WS-555215c413db,EOR?,baseline,22.08040964216341,127.26384401499806
2025-09-03,WS-555215c413db,EOR?,baseline,21.792436774137805,124.20297670369283
2025-09-04,WS-555215c413db,EOR?,baseline,21.46160107245474,120.68651978315968
2025-09-05,WS-555215c413db,EOR?,baseline,21.20463783146004,117.95525419567456
2025-09-06,WS-555215c413db,EOR?,baseline,20.921966971679907,114.95074199807884
2025-09-07,WS-555215c413db,EOR?,baseline,20.677216230075594,112.34928322340097
2025-09-08,WS-555215c413db,EOR?,baseline,20.723719543449526,112.84356753827261
2025-09-09,WS-555215c413db,EOR?,baseline,20.387007964053602,109.26465583809357
2025-09-10,WS-555215c413db,EOR?,baseline,20.684697173677225,112.42879826898478
2025-09-11,WS-555215c413db,EOR?,baseline,23.937028110355758,146.99786554910406
2025-09-12,WS-555215c413db,EOR?,baseline,23.680520154735937,144.2714391957136
2025-09-13,WS-555215c413db,EOR?,baseline,23.379766365705848,141.07472331096736
2025-09-14,WS-555215c413db,EOR?,baseline,23.091960163451212,138.01562749228145
2025-09-15,WS-555215c413db,EOR?,baseline,22.74277412833672,134.30412464211986
2025-09-16,WS-555215c413db,EOR?,baseline,22.474762629699626,131.4554269823137
2025-09-17,WS-555215c413db,EOR?,baseline,22.5969441428744,132.75409585444237
2025-09-18,WS-555215c413db,EOR?,baseline,22.272895994524045,129.30978392542278
2025-09-19,WS-555215c413db,EOR?,baseline,22.003331847309326,126.44458314395176
2025-09-20,WS-555215c413db,EOR?,baseline,22.772432704216616,134.6193660259108
2025-09-21,WS-555215c413db,EOR?,baseline,22.491799998014816,131.63651738886549
2025-09-22,WS-555215c413db,EOR?,baseline,22.14702700358354,127.9719208047814
2025-09-23,WS-555215c413db,EOR?,baseline,22.356513161318496,130.19855186477716
2025-09-24,WS-555215c413db,EOR?,baseline,22.085096254286448,127.31365807542164
2025-09-25,WS-555215c413db,EOR?,baseline,21.757316045414896,123.82967802720917
2025-09-26,WS-555215c413db,EOR?,baseline,21.355773438534534,119.56167650358263
2025-09-27,WS-555215c413db,EOR?,baseline,20.94144378266531,115.15776127209043
2025-09-28,WS-555215c413db,EOR?,baseline,20.619313868730003,111.73383828129502
2025-09-29,WS-555215c413db,EOR?,baseline,20.306761668065274,108.41171692781349
2025-09-30,WS-555215c413db,EOR?,baseline,20.02281741750278,105.39366984324394
2025-10-01,WS-555215c413db,EOR?,baseline,19.713917545861,102.11036914183683
2025-10-02,WS-555215c413db,EOR?,baseline,19.478313924595597,99.60613522667404
2025-10-03,WS-555215c413db,EOR?,baseline,19.340981905863437,98.14643143647025
2025-10-04,WS-555215c413db,EOR?,baseline,19.075180706688364,95.32122707802228
2025-10-05,WS-555215c413db,EOR?,baseline,18.791556617360236,92.30658299132311
2025-10-06,WS-555215c413db,EOR?,baseline,18.53334812749214,89.56208163757586
2025-10-07,WS-555215c413db,EOR?,baseline,18.35539363765171,87.67060108044177
2025-10-08,WS-555215c413db,EOR?,baseline,18.094533647127903,84.89791689218448
2025-10-09,WS-555215c413db,EOR?,baseline,19.116349796075326,95.75881385765442
2025-10-10,WS-555215c413db,EOR?,baseline,18.999761025774063,94.51959032132915
2025-10-11,WS-555215c413db,EOR?,baseline,18.63853247260856,90.6800873921988
2025-10-12,WS-555215c413db,EOR?,baseline,18.392951705000634,88.06980626047253
2025-10-13,WS-555215c413db,EOR?,baseline,18.095599550498868,84.90924639279874
2025-10-14,WS-555215c413db,EOR?,baseline,17.831610055190282,82.1032986580067
2025-10-15,WS-555215c413db,EOR?,baseline,17.554402760383073,79.15685876265069
2025-10-16,WS-555215c413db,EOR?,baseline,17.258937881299186,76.01635876962283
2025-10-17,WS-555215c413db,EOR?,baseline,16.995510396084008,73.21638464732882
2025-10-18,WS-555215c413db,EOR?,baseline,16.741785955761298,70.51954431376674
2025-10-19,WS-555215c413db,EOR?,baseline,16.516253168172977,68.12235341904933
2025-10-20,WS-555215c413db,EOR?,baseline,16.20432589975195,64.80687447840913
2025-10-21,WS-555215c413db,EOR?,baseline,16.169097846732825,64.43243505060309
2025-10-22,WS-555215c413db,EOR?,baseline,16.2742022901753,65.54959152930788
2025-10-23,WS-555215c413db,EOR?,baseline,16.188819750204605,64.64205941579893
2025-10-24,WS-555215c413db,EOR?,baseline,16.136586822012273,64.08687495146444
2025-10-25,WS-555215c413db,EOR?,baseline,15.951608133491796,62.120734096381874
2025-10-26,WS-555215c413db,EOR?,baseline,15.835943418366437,60.89133235438454
2025-10-27,WS-555215c413db,EOR?,baseline,16.74865975856826,70.59260605204936
2025-10-28,WS-555215c413db,EOR?,baseline,16.791456605609532,71.0474942886867
2025-10-29,WS-555215c413db,EOR?,baseline,16.63385471726591,69.3723417941535
2025-10-30,WS-555215c413db,EOR?,baseline,16.459693736932856,67.52118249827527
2025-10-31,WS-555215c413db,EOR?,baseline,16.276832159440072,65.577544443486
2025-11-01,WS-555215c413db,EOR?,baseline,16.39035292464675,66.78415811427313
2025-11-02,WS-555215c413db,EOR?,baseline,16.12619789114692,63.97645087192114
2025-11-03,WS-555215c413db,EOR?,baseline,15.938688361477578,61.983409673775775
2025-11-04,WS-555215c413db,EOR?,baseline,16.045213345461736,63.115665096135324
2025-11-05,WS-555215c413db,EOR?,baseline,17.088469521029502,74.20444837980483
2025-11-06,WS-555215c413db,EOR?,baseline,16.824710779155414,71.4009533262305
2025-11-07,WS-555215c413db,EOR?,baseline,16.54865520320066,68.46675506534324
2025-11-08,WS-555215c413db,EOR?,baseline,16.30834058558157,65.91244790945632
2025-11-09,WS-555215c413db,EOR?,baseline,16.08286304295292,63.51584421412449
2025-11-10,WS-555215c413db,EOR?,baseline,15.868413006964303,61.236452028443246
2025-11-11,WS-555215c413db,EOR?,baseline,15.66984150960321,59.125833033686185
2025-11-12,WS-555215c413db,EOR?,baseline,15.523048848001807,57.56557194896733
2025-11-13,WS-555215c413db,EOR?,baseline,15.287664531816652,55.063669030318046
2025-11-14,WS-555215c413db,EOR?,baseline,15.040437189748111,52.435886437510746
2025-11-15,WS-555215c413db,EOR?,baseline,15.245077326264958,54.61100907576487
2025-11-16,WS-555215c413db,EOR?,baseline,15.11672121218649,53.246710291359896
2025-11-17,WS-555215c413db,EOR?,baseline,14.988004998296049,51.87858400143039
2025-11-18,WS-555215c413db,EOR?,baseline,14.784873960351483,49.71950159127519
2025-11-19,WS-555215c413db,EOR?,baseline,14.579357498134208,47.535064475900775
2025-11-20,WS-555215c413db,EOR?,baseline,14.372284182386416,45.33407954436326
2025-11-21,WS-555215c413db,EOR?,baseline,14.27172136009348,44.265196015163276
2025-11-22,WS-555215c413db,EOR?,baseline,14.183387650662727,43.326295883575575
2025-11-23,WS-555215c413db,EOR?,baseline,15.704146003305496,59.49045593765666
2025-11-24,WS-555215c413db,EOR?,baseline,15.599437856053367,58.377511696246806
2025-11-25,WS-555215c413db,EOR?,baseline,15.368534090951279,55.92323261258176
2025-11-26,WS-555215c413db,EOR?,baseline,15.35469489918848,55.77613566566428
2025-11-27,WS-555215c413db,EOR?,baseline,15.081909837320282,52.87669974099062
2025-11-28,WS-555215c413db,EOR?,baseline,14.856277517718038,50.478450919219405
2025-11-29,WS-555215c413db,EOR?,baseline,14.68134923124871,48.619135916567856
2025-11-30,WS-555215c413db,EOR?,baseline,14.762174901571914,49.47823300409149
2025-12-01,WS-555215c413db,EOR?,baseline,14.678999483530902,48.59416041790867
2025-12-02,WS-555215c413db,EOR?,baseline,14.856991786737805,50.48604289380046
2025-12-03,WS-555215c413db,EOR?,baseline,14.648306812134116,48.26792761959274
2025-12-04,WS-555215c413db,EOR?,baseline,14.425141610561962,45.89590182703678
2025-12-05,WS-555215c413db,EOR?,baseline,14.161837316501483,43.097237105107624
2025-12-06,WS-555215c413db,EOR?,baseline,13.92226728433289,40.550844157533184
2025-12-07,WS-555215c413db,EOR?,baseline,13.757297756437271,38.79738092761438
2025-12-08,WS-555215c413db,EOR?,baseline,13.603840353543855,37.16628022213927
2025-12-09,WS-555215c413db,EOR?,baseline,13.41048282291888,35.11108054675854
2025-12-10,WS-555215c413db,EOR?,baseline,13.24345624458503,33.33575290132288
2025-12-11,WS-555215c413db,EOR?,baseline,13.136843172260864,32.20256118686649
2025-12-12,WS-555215c413db,EOR?,baseline,13.042460207591784,31.19936344368892
2025-12-13,WS-555215c413db,EOR?,baseline,12.97186222871576,30.44897661986279
2025-12-14,WS-555215c413db,EOR?,baseline,13.35727115980717,34.54549309640073
2025-12-15,WS-555215c413db,EOR?,baseline,13.211399364949187,32.99501991612004
2025-12-16,WS-555215c413db,EOR?,baseline,13.066196091290944,31.45165245625394
2025-12-17,WS-555215c413db,EOR?,baseline,12.903969788870622,29.727347005130227
2025-12-18,WS-555215c413db,EOR?,baseline,12.747989218161607,28.069427516550128
2025-12-19,WS-555215c413db,EOR?,baseline,12.606958999512976,26.57041551195586
2025-12-20,WS-555215c413db,EOR?,baseline,12.914316861145991,29.837326169183218
2025-12-21,WS-555215c413db,EOR?,baseline,13.959682506701899,40.94853103643852
2025-12-22,WS-555215c413db,EOR?,baseline,16.287221748652822,65.68797552061224
2025-12-23,WS-555215c413db,EOR?,baseline,15.97473812188792,62.366583039992335
2025-12-24,WS-555215c413db,EOR?,baseline,15.686388243161478,59.30170847710774
2025-12-25,WS-555215c413db,EOR?,baseline,15.409567363529991,56.359375793615364
2025-12-26,WS-555215c413db,EOR?,baseline,15.161543089340356,53.72312259906175
2025-12-27,WS-555215c413db,EOR?,baseline,14.920334593036277,51.159314395156244
2025-12-28,WS-555215c413db,EOR?,baseline,14.679243798225865,48.596757241938015
2025-12-29,WS-555215c413db,EOR?,baseline,14.456722805045402,46.23157874864781
2025-12-30,WS-555215c413db,EOR?,baseline,14.224439846814462,43.7626402035098
2025-12-31,WS-555215c413db,EOR?,baseline,14.03185082466409,41.71560901457189
2026-01-01,WS-555215c413db,EOR?,baseline,15.108155557108134,53.15566583356423
2026-01-02,WS-555215c413db,EOR?,baseline,14.881332849927503,50.744764366939876
2026-01-03,WS-555215c413db,EOR?,baseline,14.6421956425913,48.202971920065586
2026-01-04,WS-555215c413db,EOR?,baseline,14.473005810912863,46.404651027057994
2026-01-05,WS-555215c413db,EOR?,baseline,14.321076460987953,44.789792016202625
2026-01-06,WS-555215c413db,EOR?,baseline,14.100027474880406,42.44025950498843
2026-01-07,WS-555215c413db,EOR?,baseline,13.871670769876843,40.01305315581034
2026-01-08,WS-555215c413db,EOR?,baseline,13.62964080377423,37.44051353886998
2026-01-09,WS-555215c413db,EOR?,baseline,13.399836286093159,34.99791837015529
2026-01-10,WS-555215c413db,EOR?,baseline,13.15072964344757,32.350160667387655
2026-01-11,WS-555215c413db,EOR?,baseline,13.012686954954482,30.88290315917127
2026-01-12,WS-555215c413db,EOR?,baseline,12.863023095651116,29.29212407721715
2026-01-13,WS-555215c413db,EOR?,baseline,12.71584963937535,27.72781552101579
2026-01-14,WS-555215c413db,EOR?,baseline,12.585180939816876,26.33893623585434
2026-01-15,WS-555215c413db,EOR?,baseline,12.79777381499433,28.598588635431085
2026-01-16,WS-555215c413db,EOR?,baseline,12.756573088495802,28.160665584533977
2026-01-17,WS-555215c413db,EOR?,baseline,12.681892941156303,27.366889339701718
2026-01-18,WS-555215c413db,EOR?,baseline,12.61177597888846,26.62161524757935
2026-01-19,WS-555215c413db,EOR?,baseline,12.51833554516966,25.628435677972714
2026-01-20,WS-555215c413db,EOR?,baseline,12.410116915859149,24.47817847769597
2026-01-21,WS-555215c413db,EOR?,baseline,12.291491453712446,23.217306917598016
2026-01-22,WS-555215c413db,EOR?,baseline,12.188283461962513,22.12030784828036
2026-01-23,WS-555215c413db,EOR?,baseline,12.086996191963166,21.043724155108308
2026-01-24,WS-555215c413db,EOR?,baseline,11.981265463503295,19.91991088491324
2026-01-25,WS-555215c413db,EOR?,baseline,11.881181149852647,18.856113430215352
2026-01-26,WS-555215c413db,EOR?,baseline,11.7856018438575,17.8401997597241
2026-01-27,WS-555215c413db,EOR?,baseline,11.68960975329884,16.819898596807832
2026-01-28,WS-555215c413db,EOR?,baseline,11.58936831235124,15.754431034053423
2026-01-29,WS-555215c413db,EOR?,baseline,11.511616198532113,14.928002818070636
2026-01-30,WS-555215c413db,EOR?,baseline,11.423979688887702,13.996513231962759
2026-01-31,WS-555215c413db,EOR?,baseline,11.33807109233096,13.0833896562471
2026-02-01,WS-555215c413db,EOR?,baseline,11.282825172793576,12.496180068224561
2026-02-02,WS-555215c413db,EOR?,baseline,11.393738480523385,13.675079040014937
2026-02-03,WS-555215c413db,EOR?,baseline,11.343303291346533,13.139002766755763
2026-02-04,WS-555215c413db,EOR?,baseline,11.282555537185445,12.493314107884112
2026-02-05,WS-555215c413db,EOR?,baseline,11.215333232762081,11.77880737115296
2026-02-06,WS-555215c413db,EOR?,baseline,11.155103277290419,11.138622401198825
2026-02-07,WS-555215c413db,EOR?,baseline,11.107573207867276,10.633424683098404
2026-02-08,WS-555215c413db,EOR?,baseline,13.651005354571886,37.66759762358124
2026-02-09,WS-555215c413db,EOR?,baseline,14.233353948793237,43.857388307883454
2026-02-10,WS-555215c413db,EOR?,baseline,14.976767606444227,51.75914161916918
2026-02-11,WS-555215c413db,EOR?,baseline,14.791830054028186,49.79343800026879
2026-02-12,WS-555215c413db,EOR?,baseline,14.761703544816807,49.47322294709009
2026-02-13,WS-555215c413db,EOR?,baseline,14.548390759645816,47.20591861494964
2026-02-14,WS-555215c413db,EOR?,baseline,14.3932134930836,45.55653745645884
2026-02-15,WS-555215c413db,EOR?,baseline,14.225195993650093,43.7706772979333
2026-02-16,WS-555215c413db,EOR?,baseline,14.057916190831918,41.99265812620282
2026-02-17,WS-555215c413db,EOR?,baseline,13.880597997844106,40.107940776484135
2026-02-18,WS-555215c413db,EOR?,baseline,13.709451769804232,38.28882532143417
2026-02-19,WS-555215c413db,EOR?,baseline,13.540951711451946,36.497836037965726
2026-02-20,WS-555215c413db,EOR?,baseline,13.39333853400338,34.92885367977341
2026-02-21,WS-555215c413db,EOR?,baseline,13.234957631766562,33.24542103656827
2026-02-22,WS-555215c413db,EOR?,baseline,13.164172169122189,32.4930414453614
2026-02-23,WS-555215c413db,EOR?,baseline,13.677314165934941,37.94723431731764
2026-02-24,WS-555215c413db,EOR?,baseline,13.51200757131511,36.190188400859846
2026-02-25,WS-555215c413db,EOR?,baseline,13.37692225076259,34.75436479445109
2026-02-26,WS-555215c413db,EOR?,baseline,13.796555218914335,39.21464900027932
2026-02-27,WS-555215c413db,EOR?,baseline,13.698095099361876,38.16811512550285
2026-02-28,WS-555215c413db,EOR?,baseline,13.697362533174672,38.16032867009423
2026-03-01,WS-555215c413db,EOR?,baseline,13.612712962933912,37.26058730125479
2026-03-02,WS-555215c413db,EOR?,baseline,14.000980387009442,41.387486736418936
2026-03-03,WS-555215c413db,EOR?,baseline,17.278315150858106,76.22232001653435
2026-03-04,WS-555215c413db,EOR?,baseline,18.91537853001804,93.62268769061671
2026-03-05,WS-555215c413db,EOR?,baseline,18.621598153215693,90.50009229396541
2026-03-06,WS-555215c413db,EOR?,baseline,18.30797866248224,87.16662670064126
2026-03-07,WS-555215c413db,EOR?,baseline,18.056383178975672,84.49241507641
2026-03-08,WS-555215c413db,EOR?,baseline,18.684518916331218,91.16887789291135
2026-03-09,WS-555215c413db,EOR?,baseline,18.40512847707668,88.19923332719698
2026-03-10,WS-555215c413db,EOR?,baseline,18.06805463516964,84.6164711341365
2026-03-11,WS-555215c413db,EOR?,baseline,17.778593166473435,81.53978146719248
2026-03-12,WS-555215c413db,EOR?,baseline,17.466969965561415,78.2275344640092
2026-03-13,WS-555215c413db,EOR?,baseline,17.54196896325766,79.02469977337674
2026-03-14,WS-555215c413db,EOR?,baseline,17.289235327474074,76.33839071398123
2026-03-15,WS-555215c413db,EOR?,baseline,17.03149222670166,73.59883598690675
2026-03-16,WS-555215c413db,EOR?,baseline,16.815780305642704,71.30603120861248
2026-03-17,WS-555215c413db,EOR?,baseline,16.66395697926992,69.6922991234538
2026-03-18,WS-555215c413db,EOR?,baseline,16.553994680501994,68.52350843812854
2026-03-19,WS-555215c413db,EOR?,baseline,17.0465474425107,73.75885806902332
2026-03-20,WS-555215c413db,EOR?,baseline,18.412276722853083,88.27521212332515
2026-03-21,WS-555215c413db,EOR?,baseline,18.20073184273456,86.02669887668415
2026-03-22,WS-555215c413db,EOR?,baseline,18.07876029264012,84.73026170483188
2026-03-23,WS-555215c413db,EOR?,baseline,17.83419706967088,82.13079606813365
2026-03-24,WS-555215c413db,EOR?,baseline,17.575187817427377,79.37778340081785
2026-03-25,WS-555215c413db,EOR?,baseline,17.317789408718394,76.64189241011087
2026-03-26,WS-555215c413db,EOR?,baseline,17.16143246914432,74.97997249203212
2026-03-27,WS-555215c413db,EOR?,baseline,18.67063407073622,91.02129569082531
2026-03-28,WS-555215c413db,EOR?,baseline,18.554685556289236,89.78887744219494
2026-03-29,WS-555215c413db,EOR?,baseline,18.31551764695007,87.24675866333703
2026-03-30,WS-555215c413db,EOR?,baseline,18.07923505636129,84.73530797451937
2026-03-31,WS-555215c413db,EOR?,baseline,17.84597981922427,82.25603506440622
2026-04-01,WS-555215c413db,EOR?,baseline,17.601230630066336,79.6545927907009
2026-04-02,WS-555215c413db,EOR?,baseline,17.357126148550442,77.06000312279969
2026-04-03,WS-555215c413db,EOR?,baseline,17.15529607468844,74.91474867658015
2026-04-04,WS-555215c413db,EOR?,baseline,17.012472979565477,73.39668016492283
2026-04-05,WS-555215c413db,EOR?,baseline,16.869274892618602,71.87462586035494
2026-04-06,WS-555215c413db,EOR?,baseline,17.005076018778105,73.31805777375
2026-04-07,WS-555215c413db,EOR?,baseline,17.11936085646723,74.53279278076245
2026-04-08,WS-555215c413db,EOR?,baseline,16.956565633586006,72.80244026675585
2026-04-09,WS-555215c413db,EOR?,baseline,16.733459829993436,70.43104581608743
2026-04-10,WS-555215c413db,EOR?,baseline,17.313621940959052,76.59759634179392
2026-04-11,WS-555215c413db,EOR?,baseline,17.1323977999728,74.67136262065436
2026-04-12,WS-555215c413db,EOR?,baseline,17.00334242203609,73.29963135172282
2026-04-13,WS-555215c413db,EOR?,baseline,16.827685390418097,71.4325705075303
2026-04-14,WS-555215c413db,EOR?,baseline,16.67559263918807,69.81597470210508
2026-04-15,WS-555215c413db,EOR?,baseline,16.53005157407121,68.26901685248869
2026-04-16,WS-555215c413db,EOR?,baseline,16.387735356764388,66.75633595164656
2026-04-17,WS-555215c413db,EOR?,baseline,16.24262576258251,65.2139642121375
2026-04-18,WS-555215c413db,EOR?,baseline,16.103773539217613,63.738102147375635
2026-04-19,WS-555215c413db,EOR?,baseline,15.970902640907621,62.325815663411944
2026-04-20,WS-555215c413db,EOR?,baseline,15.835423758056368,60.88580887827731
2026-04-21,WS-555215c413db,EOR?,baseline,15.694939327572431,59.39259806309252
2026-04-22,WS-555215c413db,EOR?,baseline,15.576418029308087,58.13283366223748
2026-04-23,WS-555215c413db,EOR?,baseline,15.468178522116489,56.982354550694616
2026-04-24,WS-555215c413db,EOR?,baseline,15.359543087998446,55.827667126767565
2026-04-25,WS-555215c413db,EOR?,baseline,15.240675974191184,54.564227048067146
2026-04-26,WS-555215c413db,EOR?,baseline,15.122068613093237,53.30354788424885
2026-04-27,WS-555215c413db,EOR?,baseline,14.996704871612515,51.97105506660206
2026-04-28,WS-555215c413db,EOR?,baseline,14.883734340764612,50.770289843878366
2026-04-29,WS-555215c413db,EOR?,baseline,14.762067174860764,49.47708797549567
2026-04-30,WS-555215c413db,EOR?,baseline,14.661129087195992,48.404215745840716
2026-05-01,WS-555215c413db,EOR?,baseline,14.571003625761122,47.44627105919837
2026-05-02,WS-555215c413db,EOR?,baseline,14.50379477286803,46.73190729895514
2026-05-03,WS-555215c413db,EOR?,baseline,14.94720149806794,51.44488307366124
2026-05-04,WS-555215c413db,EOR?,baseline,16.22580143263259,65.03513819310523
2026-05-05,WS-555215c413db,EOR?,baseline,16.473591009437058,67.66889678613876
2026-05-06,WS-555215c413db,EOR?,baseline,16.359652105097567,66.45783870914077
2026-05-07,WS-555215c413db,EOR?,baseline,16.256992179194636,65.36666503874712
2026-05-08,WS-555215c413db,EOR?,baseline,16.179497073639215,64.54296856689875
2026-05-09,WS-555215c413db,EOR?,baseline,16.088699110775025,63.577875853930436
2026-05-10,WS-555215c413db,EOR?,baseline,15.981648547531428,62.44003404287479
2026-05-11,WS-555215c413db,EOR?,baseline,15.884857247990105,61.41123807742135
2026-05-12,WS-555215c413db,EOR?,baseline,15.803337282286613,60.54476131538711
2026-05-13,WS-555215c413db,EOR?,baseline,15.712180652069218,59.57585632251691
2026-05-14,WS-555215c413db,EOR?,baseline,15.986358458948445,62.49009575179314
2026-05-15,WS-555215c413db,EOR?,baseline,15.922842596302914,61.81498483230277
2026-05-16,WS-555215c413db,EOR?,baseline,15.821513630049356,60.73795794910942
2026-05-17,WS-555215c413db,EOR?,baseline,15.75558242321775,60.03717430525644
2026-05-18,WS-555215c413db,EOR?,baseline,16.41750203722333,67.07272638039608
2026-05-19,WS-555215c413db,EOR?,baseline,17.73606930577482,81.08779480589592
2026-05-20,WS-555215c413db,EOR?,baseline,18.318755701449234,87.28117598617953
2026-05-21,WS-555215c413db,EOR?,baseline,18.191232110978646,85.92572610589083
2026-05-22,WS-555215c413db,EOR?,baseline,18.073343334741164,84.67268478977977
2026-05-23,WS-555215c413db,EOR?,baseline,17.95717371194033,83.43791637761771
2026-05-24,WS-555215c413db,EOR?,baseline,17.859410887183973,82.39879405818104
2026-05-25,WS-555215c413db,EOR?,baseline,17.728010440511692,81.00213702355258
2026-05-26,WS-555215c413db,EOR?,baseline,19.301276925104222,97.724406686239
2026-05-27,WS-555215c413db,EOR?,baseline,20.289982145262993,108.23336716452873
2026-05-28,WS-555215c413db,EOR?,baseline,20.165591666122516,106.91121916479136
2026-05-29,WS-555215c413db,EOR?,baseline,20.018911115784633,105.35214971213178
2026-05-30,WS-555215c413db,EOR?,baseline,19.90721691452038,104.16495061293853
2026-05-31,WS-555215c413db,EOR?,baseline,19.92219502922986,104.32415318647807
2026-06-01,WS-555215c413db,EOR?,baseline,19.783710581495953,102.85220021361953
2026-06-02,WS-555215c413db,EOR?,baseline,20.82071228319433,113.87450461423494
2026-06-03,WS-555215c413db,EOR?,baseline,22.28589133108328,129.44791152454798
2026-06-04,WS-555215c413db,EOR?,baseline,22.59691300010059,132.75376483749974
2026-06-05,WS-555215c413db,EOR?,baseline,22.494893577717768,131.66939908724424
2026-06-06,WS-555215c413db,EOR?,baseline,22.349433196924302,130.12329883233707
2026-06-07,WS-555215c413db,EOR?,baseline,22.22427632904504,128.7930048768561
2026-06-08,WS-555215c413db,EOR?,baseline,22.04183775325837,126.85386291263175
2026-06-09,WS-555215c413db,EOR?,baseline,21.924298007457054,125.60453144550759
2026-06-10,WS-555215c413db,EOR?,baseline,21.929018061908067,125.65470096486455
2026-06-11,WS-555215c413db,EOR?,baseline,22.20049330900568,128.54021485152597
2026-06-12,WS-555215c413db,EOR?,baseline,22.141169005504622,127.9096560679943
2026-06-13,WS-555215c413db,EOR?,baseline,22.02416375078782,126.6660057134694
2026-06-14,WS-555215c413db,EOR?,baseline,22.083793591583586,127.29981205682903
2026-06-15,WS-555215c413db,EOR?,baseline,21.920480292004747,125.56395289895231
2026-06-16,WS-555215c413db,EOR?,baseline,21.755547233427798,123.81087730188987
2026-06-17,WS-555215c413db,EOR?,baseline,21.99275693875157,126.33218230512828
2026-06-18,WS-555215c413db,EOR?,baseline,21.847565847506026,124.78894433228322
2026-06-19,WS-555215c413db,EOR?,baseline,22.613578356411125,132.93090112367807
2026-06-20,WS-555215c413db,EOR?,baseline,23.662430439982383,144.0791633853582
2026-06-21,WS-555215c413db,EOR?,baseline,23.782192627196164,145.35211721078764
2026-06-22,WS-555215c413db,EOR?,baseline,23.862156587627783,146.20205517281082
2026-06-23,WS-555215c413db,EOR?,baseline,23.7006414082038,144.48530825714474
2026-06-24,WS-555215c413db,EOR?,baseline,23.51528078550621,142.51510781879028
2026-06-25,WS-555215c413db,EOR?,baseline,23.332447738688117,140.5717730169086
2026-06-26,WS-555215c413db,EOR?,baseline,23.152107801746254,138.65493751190849
2026-06-27,WS-555215c413db,EOR?,baseline,22.99893022100851,137.02681103971844
2026-06-28,WS-555215c413db,EOR?,baseline,22.893794472327663,135.9093218172331
2026-06-29,WS-555215c413db,EOR?,baseline,22.789295654556653,134.7986025415655
2026-06-30,WS-555215c413db,EOR?,baseline,23.23242043382244,139.50858150931805
2026-07-01,WS-555215c413db,EOR?,baseline,24.48429515742383,152.81477401832922
2026-07-02,WS-555215c413db,EOR?,baseline,26.753781818283834,176.9371768727954
2026-07-03,WS-555215c413db,EOR?,baseline,26.951258957376915,179.03616391947202
2026-07-04,WS-555215c413db,EOR?,baseline,26.773034183358845,177.1418105083439
2026-07-05,WS-555215c413db,EOR?,baseline,26.5471638567454,174.741031906995
2026-07-06,WS-555215c413db,EOR?,baseline,26.307421845317954,172.19281098967028
2026-07-07,WS-555215c413db,EOR?,baseline,26.055836721005427,169.51870947344548
2026-07-08,WS-555215c413db,EOR?,baseline,25.853461694250512,167.36766271593098
2026-07-09,WS-555215c413db,EOR?,baseline,25.66110933283678,165.32314699700112
2026-07-10,WS-555215c413db,EOR?,baseline,25.44901578614101,163.06880196626668
2026-07-11,WS-555215c413db,EOR?,baseline,25.247077570432097,160.92239807896792
2026-07-12,WS-555215c413db,EOR?,baseline,25.87820340784478,167.63064270736416
2026-07-13,WS-555215c413db,EOR?,baseline,25.988849574178474,168.80670222982562
2026-07-14,WS-555215c413db,EOR?,baseline,25.971415737392057,168.62139775480327
2026-07-15,WS-555215c413db,EOR?,baseline,25.901028675775173,167.87325277323234
2026-07-16,WS-555215c413db,EOR?,baseline,25.655754712681357,165.2662326706253
2026-07-17,WS-555215c413db,EOR?,baseline,25.416186329028285,162.71985724514346
2026-07-18,WS-555215c413db,EOR?,baseline,25.14945108726922,159.88472493607878
2026-07-19,WS-555215c413db,EOR?,baseline,24.880241875282046,157.02329676569812
2026-07-20,WS-555215c413db,EOR?,baseline,24.625090486505414,154.3112893786998
2026-07-21,WS-555215c413db,EOR?,baseline,24.379011977921664,151.69571775175132
2026-07-22,WS-555215c413db,EOR?,baseline,24.15737446710513,149.3399298038497
2026-07-23,WS-555215c413db,EOR?,baseline,24.046712567400913,148.163703051191
2026-07-24,WS-555215c413db,EOR?,baseline,23.836834903673893,145.93291066897936
2026-07-25,WS-555215c413db,EOR?,baseline,23.62361723644999,143.6666173467197
2026-07-26,WS-555215c413db,EOR?,baseline,23.413710774170895,141.43551886432837
2026-07-27,WS-555215c413db,EOR?,baseline,23.194464774676725,139.1051503209749
2026-07-28,WS-555215c413db,EOR?,baseline,22.991222918440847,136.9448900217786
2026-07-29,WS-555215c413db,EOR?,baseline,22.99490365117116,136.9840125772232
2026-07-30,WS-555215c413db,EOR?,baseline,22.80696369024575,134.98639631973114
2026-07-31,WS-555215c413db,EOR?,baseline,22.59771478574939,132.76228702745433
2026-08-01,WS-555215c413db,EOR?,baseline,22.374173539476082,130.38626425094208
2026-08-02,WS-555215c413db,EOR?,baseline,22.17786303766674,128.29967740693178
2026-08-03,WS-555215c413db,EOR?,baseline,22.013267007918692,126.55018409361857
2026-08-04,WS-555215c413db,EOR?,baseline,21.856552062660263,124.88445892852471
2026-08-05,WS-555215c413db,EOR?,baseline,21.80595764531163,124.34669021698343
2026-08-06,WS-555215c413db,EOR?,baseline,21.694665249367148,123.16376191169249
2026-08-07,WS-555215c413db,EOR?,baseline,21.52568646004996,121.36768419065201
2026-08-08,WS-555215c413db,EOR?,baseline,21.342954397560234,119.42542275249302
2026-08-09,WS-555215c413db,EOR?,baseline,21.29750654293861,118.94235692224989
2026-08-10,WS-555215c413db,EOR?,baseline,23.295619253602283,140.18032257611884
2026-08-11,WS-555215c413db,EOR?,baseline,23.72062962483643,144.69776326834622
2026-08-12,WS-555215c413db,EOR?,baseline,23.601837637800415,143.4351217130619
2026-08-13,WS-555215c413db,EOR?,baseline,23.50351587936865,142.39005848041361
2026-08-14,WS-555215c413db,EOR?,baseline,23.289132378211242,140.11137349430746
2026-08-15,WS-555215c413db,EOR?,baseline,23.059457637126044,137.67015772269644
2026-08-16,WS-555215c413db,EOR?,baseline,22.85218045266205,135.46700586795706
2026-08-17,WS-555215c413db,EOR?,baseline,22.731806070324364,134.18754501269612
2026-08-18,WS-555215c413db,EOR?,baseline,22.505865016444428,131.78601465032372
2026-08-19,WS-555215c413db,EOR?,baseline,22.27222786330416,129.302682350109
2026-08-20,WS-555215c413db,EOR?,baseline,22.074139927119983,127.19720313330946
2026-08-21,WS-555215c413db,EOR?,baseline,22.15085572543143,128.01261633845667
2026-08-22,WS-555215c413db,EOR?,baseline,21.9068028733131,125.41857544008502
2026-08-23,WS-555215c413db,EOR?,baseline,21.695626753291144,123.17398174924463
2026-08-24,WS-555215c413db,EOR?,baseline,21.45531236157087,120.61967699443908
2026-08-25,WS-555215c413db,EOR?,baseline,22.04221559953797,126.85787904558848
2026-08-26,WS-555215c413db,EOR?,baseline,23.78086627985494,145.3380194478698
2026-08-27,WS-555215c413db,EOR?,baseline,24.60945800875006,154.1451315719449
2026-08-28,WS-555215c413db,EOR?,baseline,24.338542156275935,151.26556349791812
2026-08-29,WS-555215c413db,EOR?,baseline,24.043420643079827,148.12871314531967
2026-08-30,WS-555215c413db,EOR?,baseline,23.73462583247167,144.84652913898768
2026-08-31,WS-555215c413db,EOR?,baseline,23.41331842056539,141.4313485328183
2026-09-01,WS-555215c413db,EOR?,baseline,23.127684941303947,138.39534661472098
2026-09-02,WS-555215c413db,EOR?,baseline,22.845069348448188,135.39142184997394
2026-09-03,WS-555215c413db,EOR?,baseline,23.02575670229755,137.31195005374408
2026-09-04,WS-555215c413db,EOR?,baseline,22.806786852353333,134.98451670750237
2026-09-05,WS-555215c413db,EOR?,baseline,22.6925307652415,133.7700872907451
2026-09-06,WS-555215c413db,EOR?,baseline,22.949174583196555,136.49795772664098
2026-09-07,WS-555215c413db,EOR?,baseline,22.682864903049037,133.66734871740883
2026-09-08,WS-555215c413db,EOR?,baseline,22.365751650990127,130.29674789010278
2026-09-09,WS-555215c413db,EOR?,baseline,22.157968866443355,128.0882220055925
2026-09-10,WS-555215c413db,EOR?,baseline,21.85672027441521,124.88624685342756
2026-09-11,WS-555215c413db,EOR?,baseline,21.59081506143219,122.05993693087949
2026-09-12,WS-555215c413db,EOR?,baseline,21.314617604243423,119.12423061253446
2026-09-13,WS-555215c413db,EOR?,baseline,21.045063068889363,116.25913199565376
2026-09-14,WS-555215c413db,EOR?,baseline,20.802704812452966,113.683102976541
2026-09-15,WS-555215c413db,EOR?,baseline,20.59012038556444,111.42354037393568
2026-09-16,WS-555215c413db,EOR?,baseline,20.298287781459813,108.32164787829437
2026-09-17,WS-555215c413db,EOR?,baseline,20.03387839208996,105.51123708413441
2026-09-18,WS-555215c413db,EOR?,baseline,19.75283131026797,102.52398404330219
2026-09-19,WS-555215c413db,EOR?,baseline,19.461475256814353,99.42715681064857
2026-09-20,WS-555215c413db,EOR?,baseline,19.16563415542124,96.2826579458659
2026-09-21,WS-555215c413db,EOR?,baseline,18.853418295016127,92.96411155732186
2026-09-22,WS-555215c413db,EOR?,baseline,18.651340330291813,90.8162222759443
2026-09-23,WS-555215c413db,EOR?,baseline,18.42157101244853,88.3740012467574
2026-09-24,WS-555215c413db,EOR?,baseline,18.170426848754264,85.7045867066052
2026-09-25,WS-555215c413db,EOR?,baseline,17.945955497024087,83.31867782725097
2026-09-26,WS-555215c413db,EOR?,baseline,17.67577794645961,80.44695717370038
2026-09-27,WS-555215c413db,EOR?,baseline,17.525991011074055,78.85486991448862
2026-09-28,WS-555215c413db,EOR?,baseline,17.322972213862226,76.69698051252267
2025-03-01,WS-57c7afe16ae1,AER,baseline,15.661103680519112,52.56024749909979
2025-03-02,WS-57c7afe16ae1,AER,baseline,15.438779511997076,50.19716105763089
2025-03-03,WS-57c7afe16ae1,AER,baseline,15.257059979986995,48.265661818939144
2025-03-04,WS-57c7afe16ae1,AER,baseline,15.082332698740458,46.40848330338119
2025-03-05,WS-57c7afe16ae1,AER,baseline,14.908264592106622,44.55831116324428
2025-03-06,WS-57c7afe16ae1,AER,baseline,14.758602891891673,42.967555030268684
2025-03-07,WS-57c7afe16ae1,AER,baseline,14.634870377550627,41.652400546831586
2025-03-08,WS-57c7afe16ae1,AER,baseline,14.500411567274007,40.223236126188624
2025-03-09,WS-57c7afe16ae1,AER,baseline,14.365310443608472,38.78724454828877
2025-03-10,WS-57c7afe16ae1,AER,baseline,14.246858274196565,37.52821491889375
2025-03-11,WS-57c7afe16ae1,AER,baseline,14.736881344519418,42.73667642438279
2025-03-12,WS-57c7afe16ae1,AER,baseline,14.610090855115345,41.389018684741814
2025-03-13,WS-57c7afe16ae1,AER,baseline,14.45665238348543,39.75811919990951
2025-03-14,WS-57c7afe16ae1,AER,baseline,14.304064978018395,38.136265708248644
2025-03-15,WS-57c7afe16ae1,AER,baseline,14.151057904425677,36.50995155869208
2025-03-16,WS-57c7afe16ae1,AER,baseline,14.030019105235489,35.223428608175965
2025-03-17,WS-57c7afe16ae1,AER,baseline,13.919245055747567,34.04600981402646
2025-03-18,WS-57c7afe16ae1,AER,baseline,13.807857673375302,32.86207189677514
2025-03-19,WS-57c7afe16ae1,AER,baseline,13.694618458962058,31.658450832986023
2025-03-20,WS-57c7afe16ae1,AER,baseline,13.646252337495874,31.144366706986663
2025-03-21,WS-57c7afe16ae1,AER,baseline,13.869356931352435,33.51574829935553
2025-03-22,WS-57c7afe16ae1,AER,baseline,14.241338832823246,37.469548705676914
2025-03-23,WS-57c7afe16ae1,AER,baseline,14.1350707825444,36.3400242349697
2025-03-24,WS-57c7afe16ae1,AER,baseline,14.009846913244488,35.009018120528424
2025-03-25,WS-57c7afe16ae1,AER,baseline,13.902933050358591,33.872629299329816
2025-03-26,WS-57c7afe16ae1,AER,baseline,13.792112912188863,32.69472062798964
2025-03-27,WS-57c7afe16ae1,AER,baseline,13.700810869464583,31.72427004371693
2025-03-28,WS-57c7afe16ae1,AER,baseline,13.639367389090829,31.071186501998916
2025-03-29,WS-57c7afe16ae1,AER,baseline,14.752302589259745,42.90058903270919
2025-03-30,WS-57c7afe16ae1,AER,baseline,15.625444044285196,52.181220767763016
2025-03-31,WS-57c7afe16ae1,AER,baseline,15.693658627080243,52.906274444045856
2025-04-01,WS-57c7afe16ae1,AER,baseline,15.534392780243113,51.213435713322895
2025-04-02,WS-57c7afe16ae1,AER,baseline,15.395837320825791,49.74072795636973
2025-04-03,WS-57c7afe16ae1,AER,baseline,15.265599159773231,48.35642487051496
2025-04-04,WS-57c7afe16ae1,AER,baseline,15.141091761154904,47.03303413214651
2025-04-05,WS-57c7afe16ae1,AER,baseline,15.00155490628682,45.54989511034783
2025-04-06,WS-57c7afe16ae1,AER,baseline,14.892209502411184,44.38766140875257
2025-04-07,WS-57c7afe16ae1,AER,baseline,14.77598749214285,43.15233616952586
2025-04-08,WS-57c7afe16ae1,AER,baseline,14.666759022418113,41.991345362521734
2025-04-09,WS-57c7afe16ae1,AER,baseline,14.544008721076011,40.686630833660324
2025-04-10,WS-57c7afe16ae1,AER,baseline,14.44456576631621,39.62965039084711
2025-04-11,WS-57c7afe16ae1,AER,baseline,14.33044532632697,38.416662769097364
2025-04-12,WS-57c7afe16ae1,AER,baseline,14.224837658832655,37.2941575154851
2025-04-13,WS-57c7afe16ae1,AER,baseline,14.12718885688746,36.256247145972125
2025-04-14,WS-57c7afe16ae1,AER,baseline,14.036995128686229,35.29757685099367
2025-04-15,WS-57c7afe16ae1,AER,baseline,13.958410669945021,34.46230163014825
2025-04-16,WS-57c7afe16ae1,AER,baseline,13.875681735419409,33.58297472298265
2025-04-17,WS-57c7afe16ae1,AER,baseline,13.790675516442406,32.67944253014695
2025-04-18,WS-57c7afe16ae1,AER,baseline,13.707956344877687,31.800219393618043
2025-04-19,WS-57c7afe16ae1,AER,baseline,13.624692543460753,30.91520737939787
2025-04-20,WS-57c7afe16ae1,AER,baseline,13.55047863300915,30.126386772432735
2025-04-21,WS-57c7afe16ae1,AER,baseline,13.87492313282133,33.57491152622855
2025-04-22,WS-57c7afe16ae1,AER,baseline,13.97322928847732,34.61980891677283
2025-04-23,WS-57c7afe16ae1,AER,baseline,13.917437243898235,34.026794558670794
2025-04-24,WS-57c7afe16ae1,AER,baseline,13.885921661484197,33.691815028587804
2025-04-25,WS-57c7afe16ae1,AER,baseline,13.824119335060647,33.03491730759958
2025-04-26,WS-57c7afe16ae1,AER,baseline,13.78284920384404,32.596256553062936
2025-04-27,WS-57c7afe16ae1,AER,baseline,13.844454976717312,33.25106510384186
2025-04-28,WS-57c7afe16ae1,AER,baseline,13.791711858582843,32.69045782406247
2025-04-29,WS-57c7afe16ae1,AER,baseline,13.74313714388608,32.17415655793734
2025-04-30,WS-57c7afe16ae1,AER,baseline,14.667589861830205,42.00017636529937
2025-05-01,WS-57c7afe16ae1,AER,baseline,14.592376491945409,41.200732491187566
2025-05-02,WS-57c7afe16ae1,AER,baseline,14.504238625603115,40.26391397830136
2025-05-03,WS-57c7afe16ae1,AER,baseline,14.423365968224164,39.404317464758954
2025-05-04,WS-57c7afe16ae1,AER,baseline,14.34593613826678,38.58131480808018
2025-05-05,WS-57c7afe16ae1,AER,baseline,14.276845221217695,37.846946563760575
2025-05-06,WS-57c7afe16ae1,AER,baseline,14.200827198132806,37.03895002045466
2025-05-07,WS-57c7afe16ae1,AER,baseline,14.124818840024062,36.231056206304245
2025-05-08,WS-57c7afe16ae1,AER,baseline,14.055202556117951,35.49110383091652
2025-05-09,WS-57c7afe16ae1,AER,baseline,13.987008056173881,34.76626361551454
2025-05-10,WS-57c7afe16ae1,AER,baseline,13.927777603428119,34.13670237286583
2025-05-11,WS-57c7afe16ae1,AER,baseline,13.874080236997294,33.56595237569361
2025-05-12,WS-57c7afe16ae1,AER,baseline,13.88780382758178,33.71182059620268
2025-05-13,WS-57c7afe16ae1,AER,baseline,13.839179804458468,33.19499523017875
2025-05-14,WS-57c7afe16ae1,AER,baseline,14.171124281268597,36.723237335772154
2025-05-15,WS-57c7afe16ae1,AER,baseline,14.105360785204219,36.02423629181719
2025-05-16,WS-57c7afe16ae1,AER,baseline,14.057945219918878,35.5202556396675
2025-05-17,WS-57c7afe16ae1,AER,baseline,14.008259912950777,34.99214987403233
2025-05-18,WS-57c7afe16ae1,AER,baseline,13.944072327124907,34.30989920023436
2025-05-19,WS-57c7afe16ae1,AER,baseline,13.917855251729403,34.03123756927477
2025-05-20,WS-57c7afe16ae1,AER,baseline,13.865806028187485,33.478005704027986
2025-05-21,WS-57c7afe16ae1,AER,baseline,13.821893694824073,33.01126094895175
2025-05-22,WS-57c7afe16ae1,AER,baseline,14.057012633421532,35.51034316581448
2025-05-23,WS-57c7afe16ae1,AER,baseline,18.43716706118551,82.06706081193505
2025-05-24,WS-57c7afe16ae1,AER,baseline,18.774819675266407,85.65597478186186
2025-05-25,WS-57c7afe16ae1,AER,baseline,18.632620421540235,84.14453708842005
2025-05-26,WS-57c7afe16ae1,AER,baseline,18.54057472344003,83.16618218160941
2025-05-27,WS-57c7afe16ae1,AER,baseline,18.924732828382997,87.24940361095719
2025-05-28,WS-57c7afe16ae1,AER,baseline,18.811428141901576,86.04508664371487
2025-05-29,WS-57c7afe16ae1,AER,baseline,18.691069308160095,84.76579105468262
2025-05-30,WS-57c7afe16ae1,AER,baseline,18.561423902278765,83.38778837115281
2025-05-31,WS-57c7afe16ae1,AER,baseline,18.44115007315138,82.1093962972551
2025-06-01,WS-57c7afe16ae1,AER,baseline,18.34060168122479,81.0406661486043
2025-06-02,WS-57c7afe16ae1,AER,baseline,18.244891782460982,80.02336440589835
2025-06-03,WS-57c7afe16ae1,AER,baseline,18.129470608152882,78.79655126237434
2025-06-04,WS-57c7afe16ae1,AER,baseline,18.005522862983913,77.47910908770405
2025-06-05,WS-57c7afe16ae1,AER,baseline,17.893771378631314,76.29130112582935
2025-06-06,WS-57c7afe16ae1,AER,baseline,17.816962137578834,75.47489471658805
2025-06-07,WS-57c7afe16ae1,AER,baseline,17.92792825757126,76.65435503059577
2025-06-08,WS-57c7afe16ae1,AER,baseline,18.902504673204383,87.01314026419362
2025-06-09,WS-57c7afe16ae1,AER,baseline,19.70332006543549,95.52501734926791
2025-06-10,WS-57c7afe16ae1,AER,baseline,19.59050399204408,94.32589385683225
2025-06-11,WS-57c7afe16ae1,AER,baseline,19.46267047098458,92.96714972033504
2025-06-12,WS-57c7afe16ae1,AER,baseline,19.356924492434437,91.84317435673468
2025-06-13,WS-57c7afe16ae1,AER,baseline,19.25645725603475,90.77530681122123
2025-06-14,WS-57c7afe16ae1,AER,baseline,19.14666640875408,89.60833848595513
2025-06-15,WS-57c7afe16ae1,AER,baseline,19.16278342116965,89.77964641783407
2025-06-16,WS-57c7afe16ae1,AER,baseline,19.41153262578706,92.42360490721134
2025-06-17,WS-57c7afe16ae1,AER,baseline,19.34762574222869,91.74433782141833
2025-06-18,WS-57c7afe16ae1,AER,baseline,19.2312827609817,90.50772678010642
2025-06-19,WS-57c7afe16ae1,AER,baseline,19.120450057356337,89.32968455037707
2025-06-20,WS-57c7afe16ae1,AER,baseline,19.011059944435118,88.1669756357623
2025-06-21,WS-57c7afe16ae1,AER,baseline,18.887733037856783,86.85613236244237
2025-06-22,WS-57c7afe16ae1,AER,baseline,18.77380583822979,85.6451986949838
2025-06-23,WS-57c7afe16ae1,AER,baseline,18.700621399084543,84.86732035175051
2025-06-24,WS-57c7afe16ae1,AER,baseline,20.154337656696185,100.31888911704412
2025-06-25,WS-57c7afe16ae1,AER,baseline,20.746786856000675,106.61603926244891
2025-06-26,WS-57c7afe16ae1,AER,baseline,21.419066483582434,113.7617080548939
2025-06-27,WS-57c7afe16ae1,AER,baseline,21.264892914610236,112.12299521097316
2025-06-28,WS-57c7afe16ae1,AER,baseline,21.108056615577,110.45598017504886
2025-06-29,WS-57c7afe16ae1,AER,baseline,20.96798499551541,108.96715712714294
2025-06-30,WS-57c7afe16ae1,AER,baseline,20.839293610401484,107.5992947425978
2025-07-01,WS-57c7afe16ae1,AER,baseline,20.730963826468056,106.44785607840706
2025-07-02,WS-57c7afe16ae1,AER,baseline,21.163630184755487,111.0466723553131
2025-07-03,WS-57c7afe16ae1,AER,baseline,20.998203594391263,109.28835100254763
2025-07-04,WS-57c7afe16ae1,AER,baseline,21.233078263041392,111.78483687100419
2025-07-05,WS-57c7afe16ae1,AER,baseline,21.125403359827743,110.64035894239147
2025-07-06,WS-57c7afe16ae1,AER,baseline,21.0140118659781,109.45637732419432
2025-07-07,WS-57c7afe16ae1,AER,baseline,21.88518173041841,118.71605299760694
2025-07-08,WS-57c7afe16ae1,AER,baseline,21.759441990877097,117.37956369174695
2025-07-09,WS-57c7afe16ae1,AER,baseline,21.61987182390581,115.89607059517567
2025-07-10,WS-57c7afe16ae1,AER,baseline,22.001766910213938,119.95523837040061
2025-07-11,WS-57c7afe16ae1,AER,baseline,22.519430391057682,125.45749015417009
2025-07-12,WS-57c7afe16ae1,AER,baseline,22.36833908525034,123.85153872499936
2025-07-13,WS-57c7afe16ae1,AER,baseline,22.222069085305186,122.29683301773481
2025-07-14,WS-57c7afe16ae1,AER,baseline,22.155340122783972,121.58757001841526
2025-07-15,WS-57c7afe16ae1,AER,baseline,22.022335495865743,120.17386213135781
2025-07-16,WS-57c7afe16ae1,AER,baseline,21.85302891014669,118.37430025815358
2025-07-17,WS-57c7afe16ae1,AER,baseline,21.68744836069557,116.61434247227696
2025-07-18,WS-57c7afe16ae1,AER,baseline,21.509092050050754,114.71859095665437
2025-07-19,WS-57c7afe16ae1,AER,baseline,21.333635204763773,112.85365789554426
2025-07-20,WS-57c7afe16ae1,AER,baseline,21.161030689416044,111.01904228597725
2025-07-21,WS-57c7afe16ae1,AER,baseline,21.00090310260012,109.31704410995648
2025-07-22,WS-57c7afe16ae1,AER,baseline,20.86703714460876,107.89418112386475
2025-07-23,WS-57c7afe16ae1,AER,baseline,22.379242267266818,123.96742878663001
2025-07-24,WS-57c7afe16ae1,AER,baseline,22.220510261596676,122.28026426052455
2025-07-25,WS-57c7afe16ae1,AER,baseline,22.070769982283903,120.68867290930936
2025-07-26,WS-57c7afe16ae1,AER,baseline,23.232633389154877,133.03813397720725
2025-07-27,WS-57c7afe16ae1,AER,baseline,24.14415652586882,142.72672509968075
2025-07-28,WS-57c7afe16ae1,AER,baseline,24.69093322442378,148.53842164826483
2025-07-29,WS-57c7afe16ae1,AER,baseline,25.08560108482748,152.7333514033314
2025-07-30,WS-57c7afe16ae1,AER,baseline,24.95428351293595,151.33757524581156
2025-07-31,WS-57c7afe16ae1,AER,baseline,24.68327015038647,148.45697073594198
2025-08-01,WS-57c7afe16ae1,AER,baseline,24.475610322782863,146.24975176235924
2025-08-02,WS-57c7afe16ae1,AER,baseline,24.41649822223006,145.62144848668896
2025-08-03,WS-57c7afe16ae1,AER,baseline,24.15572122517826,142.84964643711103
2025-08-04,WS-57c7afe16ae1,AER,baseline,23.90612981523458,140.1967361365084
2025-08-05,WS-57c7afe16ae1,AER,baseline,23.811975963442908,139.19597363704625
2025-08-06,WS-57c7afe16ae1,AER,baseline,23.578001854176357,136.70905982583932
2025-08-07,WS-57c7afe16ae1,AER,baseline,23.380820439213366,134.6132160347379
2025-08-08,WS-57c7afe16ae1,AER,baseline,23.169072534893388,132.3625448412532
2025-08-09,WS-57c7afe16ae1,AER,baseline,22.972395177641175,130.27205868603082
2025-08-10,WS-57c7afe16ae1,AER,baseline,22.756127841081152,127.97335038924517
2025-08-11,WS-57c7afe16ae1,AER,baseline,22.543676637665016,125.71520382063828
2025-08-12,WS-57c7afe16ae1,AER,baseline,22.324023066546353,123.38050319325552
2025-08-13,WS-57c7afe16ae1,AER,baseline,22.15681379337237,121.60323368201867
2025-08-14,WS-57c7afe16ae1,AER,baseline,21.986224727939366,119.7900403154701
2025-08-15,WS-57c7afe16ae1,AER,baseline,21.80301133248811,117.84266278308354
2025-08-16,WS-57c7afe16ae1,AER,baseline,21.635104890976855,116.05798306063937
2025-08-17,WS-57c7afe16ae1,AER,baseline,21.522386368573798,114.8598964389113
2025-08-18,WS-57c7afe16ae1,AER,baseline,21.311693985077405,112.62044438981144
2025-08-19,WS-57c7afe16ae1,AER,baseline,21.11001475719018,110.47679328739441
2025-08-20,WS-57c7afe16ae1,AER,baseline,21.015929140625808,109.47675606103921
2025-08-21,WS-57c7afe16ae1,AER,baseline,20.977651148095582,109.06989878701388
2025-08-22,WS-57c7afe16ae1,AER,baseline,20.818931123167772,107.38286160437245
2025-08-23,WS-57c7afe16ae1,AER,baseline,20.6219541820461,105.28919116835549
2025-08-24,WS-57c7afe16ae1,AER,baseline,20.392130408231942,102.84639132595504
2025-08-25,WS-57c7afe16ae1,AER,baseline,20.176597784585347,100.55549230215858
2025-08-26,WS-57c7afe16ae1,AER,baseline,19.983385098193725,98.50183217799369
2025-08-27,WS-57c7afe16ae1,AER,baseline,21.114849107814145,110.52817766224103
2025-08-28,WS-57c7afe16ae1,AER,baseline,21.782820054788772,117.62804943319703
2025-08-29,WS-57c7afe16ae1,AER,baseline,22.48585741244888,125.1006425335196
2025-08-30,WS-57c7afe16ae1,AER,baseline,23.584747907379704,136.78076371194507
2025-08-31,WS-57c7afe16ae1,AER,baseline,23.315972505163217,133.92394651118633
2025-09-01,WS-57c7afe16ae1,AER,baseline,23.052810773841337,131.126797090436
2025-09-02,WS-57c7afe16ae1,AER,baseline,22.817990610097457,128.63089055532774
2025-09-03,WS-57c7afe16ae1,AER,baseline,22.531614325562067,125.5869933504373
2025-09-04,WS-57c7afe16ae1,AER,baseline,22.202784818273226,122.09186029587632
2025-09-05,WS-57c7afe16ae1,AER,baseline,21.94691994410313,119.37226926347098
2025-09-06,WS-57c7afe16ae1,AER,baseline,21.66555857480312,116.38167565700005
2025-09-07,WS-57c7afe16ae1,AER,baseline,21.42166039252037,113.78927874629645
2025-09-08,WS-57c7afe16ae1,AER,baseline,21.4693874610952,114.29657037090925
2025-09-09,WS-57c7afe16ae1,AER,baseline,21.134423160054588,110.73623051480084
2025-09-10,WS-57c7afe16ae1,AER,baseline,21.431735776623253,113.89637013327605
2025-09-11,WS-57c7afe16ae1,AER,baseline,24.685943588077823,148.4853867394856
2025-09-12,WS-57c7afe16ae1,AER,baseline,24.43101534097371,145.7757511281892
2025-09-13,WS-57c7afe16ae1,AER,baseline,24.13186605382589,142.59608951454857
2025-09-14,WS-57c7afe16ae1,AER,baseline,23.845452649080812,139.5517977584728
2025-09-15,WS-57c7afe16ae1,AER,baseline,23.49829325151974,135.861836064885
2025-09-16,WS-57c7afe16ae1,AER,baseline,23.231323550201854,133.02421168215952
2025-09-17,WS-57c7afe16ae1,AER,baseline,23.35572932869082,134.3465222988684
2025-09-18,WS-57c7afe16ae1,AER,baseline,23.033222005579123,130.9185878210919
2025-09-19,WS-57c7afe16ae1,AER,baseline,22.764561395580692,128.06299074829266
2025-09-20,WS-57c7afe16ae1,AER,baseline,23.535912583448255,136.2616924269187
2025-09-21,WS-57c7afe16ae1,AER,baseline,23.256287283358233,133.28955152236878
2025-09-22,WS-57c7afe16ae1,AER,baseline,22.913095342111717,129.64175997288345
2025-09-23,WS-57c7afe16ae1,AER,baseline,23.123789107727738,131.88122671255056
2025-09-24,WS-57c7afe16ae1,AER,baseline,22.853153047519434,129.0046325541093
2025-09-25,WS-57c7afe16ae1,AER,baseline,22.526612705742103,125.53383106915896
2025-09-26,WS-57c7afe16ae1,AER,baseline,22.126842529787872,121.28466873660115
2025-09-27,WS-57c7afe16ae1,AER,baseline,21.71419103255397,116.89859067478835
2025-09-28,WS-57c7afe16ae1,AER,baseline,21.392836010939035,113.4829040244145
2025-09-29,WS-57c7afe16ae1,AER,baseline,21.080870735180106,110.16702110329175
2025-09-30,WS-57c7afe16ae1,AER,baseline,20.79721433899634,107.1520336266093
2025-10-01,WS-57c7afe16ae1,AER,baseline,20.488651505294566,103.87231530579339
2025-10-02,WS-57c7afe16ae1,AER,baseline,20.25287205830427,101.36621253674348
2025-10-03,WS-57c7afe16ae1,AER,baseline,20.1155100849162,99.90619035811744
2025-10-04,WS-57c7afe16ae1,AER,baseline,19.849570204767844,97.07951195782398
2025-10-05,WS-57c7afe16ae1,AER,baseline,19.56578459980357,94.06315111935473
2025-10-06,WS-57c7afe16ae1,AER,baseline,19.307204356991043,91.3146983987885
2025-10-07,WS-57c7afe16ae1,AER,baseline,19.12866494353417,89.41700068102584
2025-10-08,WS-57c7afe16ae1,AER,baseline,18.867278610613795,86.63872199267807
2025-10-09,WS-57c7afe16ae1,AER,baseline,19.88855371159054,97.49386815232155
2025-10-10,WS-57c7afe16ae1,AER,baseline,19.77196763159091,96.25467321124694
2025-10-11,WS-57c7afe16ae1,AER,baseline,19.41093733006155,92.41727750130232
2025-10-12,WS-57c7afe16ae1,AER,baseline,19.16493215646585,89.80248535288334
2025-10-13,WS-57c7afe16ae1,AER,baseline,18.867216478209357,86.63806158655363
2025-10-14,WS-57c7afe16ae1,AER,baseline,18.60263294132539,83.82579977623038
2025-10-15,WS-57c7afe16ae1,AER,baseline,18.324731336066847,80.87198004617342
2025-10-16,WS-57c7afe16ae1,AER,baseline,18.02844299438608,77.72272745863151
2025-10-17,WS-57c7afe16ae1,AER,baseline,17.764003966856887,74.91200164009545
2025-10-18,WS-57c7afe16ae1,AER,baseline,17.509127979977556,72.20292150339924
2025-10-19,WS-57c7afe16ae1,AER,baseline,17.282338183320995,69.79236984315774
2025-10-20,WS-57c7afe16ae1,AER,baseline,16.9688849722968,66.46067163899806
2025-10-21,WS-57c7afe16ae1,AER,baseline,16.932317105369886,66.07199131196532
2025-10-22,WS-57c7afe16ae1,AER,baseline,17.036224273061727,67.1764219313457
2025-10-23,WS-57c7afe16ae1,AER,baseline,16.94955341596303,66.25519627854354
2025-10-24,WS-57c7afe16ae1,AER,baseline,16.896045343150398,65.68645828566927
2025-10-25,WS-57c7afe16ae1,AER,baseline,16.70975081618474,63.70633136685982
2025-10-26,WS-57c7afe16ae1,AER,baseline,16.592891588415597,62.46423313463629
2025-10-27,WS-57c7afe16ae1,AER,baseline,17.50480199726998,72.15694057766248
2025-10-28,WS-57c7afe16ae1,AER,baseline,17.54675601417971,72.60287036201119
2025-10-29,WS-57c7afe16ae1,AER,baseline,17.388279484241735,70.91842129074276
2025-10-30,WS-57c7afe16ae1,AER,baseline,17.213287374486843,69.05842790956956
2025-10-31,WS-57c7afe16ae1,AER,baseline,17.02946102723375,67.10453530461204
2025-11-01,WS-57c7afe16ae1,AER,baseline,17.142188858437798,68.30272086970537
2025-11-02,WS-57c7afe16ae1,AER,baseline,16.87707537194673,65.48482621820469
2025-11-03,WS-57c7afe16ae1,AER,baseline,16.68850047645973,63.48046123310602
2025-11-04,WS-57c7afe16ae1,AER,baseline,16.794053576120287,64.60238648451275
2025-11-05,WS-57c7afe16ae1,AER,baseline,17.837030289413022,75.6881993600731
2025-11-06,WS-57c7afe16ae1,AER,baseline,17.572920148627347,72.88096928295623
2025-11-07,WS-57c7afe16ae1,AER,baseline,17.29638515337713,69.94167526822257
2025-11-08,WS-57c7afe16ae1,AER,baseline,17.055373558399243,67.37995993104103
2025-11-09,WS-57c7afe16ae1,AER,baseline,16.829058891159043,64.97445842746589
2025-11-10,WS-57c7afe16ae1,AER,baseline,16.613653773092793,62.68491466211984
2025-11-11,WS-57c7afe16ae1,AER,baseline,16.41402982191786,60.5631091222639
2025-11-12,WS-57c7afe16ae1,AER,baseline,16.266112783366857,58.990897020512755
2025-11-13,WS-57c7afe16ae1,AER,baseline,16.029434536189505,56.47524089273558
2025-11-14,WS-57c7afe16ae1,AER,baseline,15.780711151405903,53.83155684270338
2025-11-15,WS-57c7afe16ae1,AER,baseline,15.984144791666562,55.993855616761195
2025-11-16,WS-57c7afe16ae1,AER,baseline,15.854525803536461,54.61613372784836
2025-11-17,WS-57c7afe16ae1,AER,baseline,15.724609922264214,53.23525615791604
2025-11-18,WS-57c7afe16ae1,AER,baseline,15.520030966551573,51.06078381121531
2025-11-19,WS-57c7afe16ae1,AER,baseline,15.312945268232944,48.859667265173336
2025-11-20,WS-57c7afe16ae1,AER,baseline,15.10414604971692,46.64033769095475
2025-11-21,WS-57c7afe16ae1,AER,baseline,15.002340172958284,45.55824171988027
2025-11-22,WS-57c7afe16ae1,AER,baseline,14.912817827781705,44.6067075636902
2025-11-23,WS-57c7afe16ae1,AER,baseline,16.43312927907819,60.76611749762421
2025-11-24,WS-57c7afe16ae1,AER,baseline,16.328007874762122,59.648780741576246
2025-11-25,WS-57c7afe16ae1,AER,baseline,16.096484210316795,57.18791273983351
2025-11-26,WS-57c7afe16ae1,AER,baseline,16.082009856556425,57.03406464788945
2025-11-27,WS-57c7afe16ae1,AER,baseline,15.808468051405598,54.12658528914951
2025-11-28,WS-57c7afe16ae1,AER,baseline,15.581875950802448,51.71813494279782
2025-11-29,WS-57c7afe16ae1,AER,baseline,15.405913349423386,49.847826193691894
2025-11-30,WS-57c7afe16ae1,AER,baseline,15.485813939883329,50.69709059547256
2025-12-01,WS-57c7afe16ae1,AER,baseline,15.40167907799681,49.8028200683383
2025-12-02,WS-57c7afe16ae1,AER,baseline,15.578867000712837,51.686152773665725
2025-12-03,WS-57c7afe16ae1,AER,baseline,15.369245012141107,49.45807796596212
2025-12-04,WS-57c7afe16ae1,AER,baseline,15.144963505171354,47.07418694900371
2025-12-05,WS-57c7afe16ae1,AER,baseline,14.88023398979562,44.260373531417386
2025-12-06,WS-57c7afe16ae1,AER,baseline,14.639039543104733,41.69671466103086
2025-12-07,WS-57c7afe16ae1,AER,baseline,14.472364223921346,39.925120553615045
2025-12-08,WS-57c7afe16ae1,AER,baseline,14.317396928713059,38.277971183340824
2025-12-09,WS-57c7afe16ae1,AER,baseline,14.122140964050374,36.202593028200724
2025-12-10,WS-57c7afe16ae1,AER,baseline,13.953239705953234,34.40733938749351
2025-12-11,WS-57c7afe16ae1,AER,baseline,13.845166052689553,33.25862313947977
2025-12-12,WS-57c7afe16ae1,AER,baseline,13.749392088784226,32.24064044756214
2025-12-13,WS-57c7afe16ae1,AER,baseline,13.677613414295124,31.47770399490654
2025-12-14,WS-57c7afe16ae1,AER,baseline,14.061792624084013,35.56114974793259
2025-12-15,WS-57c7afe16ae1,AER,baseline,13.91447056599307,33.99526170112993
2025-12-16,WS-57c7afe16ae1,AER,baseline,13.767712924155074,32.43537284192591
2025-12-17,WS-57c7afe16ae1,AER,baseline,13.603672795891768,30.691788212630836
2025-12-18,WS-57c7afe16ae1,AER,baseline,13.445777162716059,29.013513500506207
2025-12-19,WS-57c7afe16ae1,AER,baseline,13.302833990894136,27.494168692074112
2025-12-20,WS-57c7afe16ae1,AER,baseline,13.608842072337819,30.746732518340234
2025-12-21,WS-57c7afe16ae1,AER,baseline,14.653710406074264,41.85265145188188
2025-12-22,WS-57c7afe16ae1,AER,baseline,16.983244744207568,66.61330183899162
2025-12-23,WS-57c7afe16ae1,AER,baseline,16.672463953509894,63.31000882479169
2025-12-24,WS-57c7afe16ae1,AER,baseline,16.385366986351876,60.25845147505304
2025-12-25,WS-57c7afe16ae1,AER,baseline,16.10948357697466,57.32608317492874
2025-12-26,WS-57c7afe16ae1,AER,baseline,15.862006712212597,54.69564840220858
2025-12-27,WS-57c7afe16ae1,AER,baseline,15.62112085518067,52.135269535268904
2025-12-28,WS-57c7afe16ae1,AER,baseline,15.380157323391249,49.57406506233461
2025-12-29,WS-57c7afe16ae1,AER,baseline,15.157509060948925,47.207533822426186
2025-12-30,WS-57c7afe16ae1,AER,baseline,14.924927970128937,44.73542642217167
2025-12-31,WS-57c7afe16ae1,AER,baseline,14.731805006521423,42.682719962630955
2026-01-01,WS-57c7afe16ae1,AER,baseline,15.808313854362545,54.124946326799304
2026-01-02,WS-57c7afe16ae1,AER,baseline,15.58172861500734,51.71656890874004
2026-01-03,WS-57c7afe16ae1,AER,baseline,15.342700271865262,49.17593358078275
2026-01-04,WS-57c7afe16ae1,AER,baseline,15.173245220332976,47.37479366254365
2026-01-05,WS-57c7afe16ae1,AER,baseline,15.021094083434463,45.75757727509851
2026-01-06,WS-57c7afe16ae1,AER,baseline,14.799642591572809,43.403766525056454
2026-01-07,WS-57c7afe16ae1,AER,baseline,14.570678058769854,40.970099566395156
2026-01-08,WS-57c7afe16ae1,AER,baseline,14.327784596815938,38.38838184096558
2026-01-09,WS-57c7afe16ae1,AER,baseline,14.096852942543975,35.93380632295585
2026-01-10,WS-57c7afe16ae1,AER,baseline,13.846254707943146,33.27019447014659
2026-01-11,WS-57c7afe16ae1,AER,baseline,13.706974477864101,31.78978311652521
2026-01-12,WS-57c7afe16ae1,AER,baseline,13.55589171162999,30.18392245458799
2026-01-13,WS-57c7afe16ae1,AER,baseline,13.407182193439084,28.603287076570258
2026-01-14,WS-57c7afe16ae1,AER,baseline,13.274980919019768,27.198118033537373
2026-01-15,WS-57c7afe16ae1,AER,baseline,13.486452227980976,29.44584929140273
2026-01-16,WS-57c7afe16ae1,AER,baseline,13.444088193722774,28.995561427393202
2026-01-17,WS-57c7afe16ae1,AER,baseline,13.36844342810739,28.191532242522626
2026-01-18,WS-57c7afe16ae1,AER,baseline,13.29724830268611,27.434798340400672
2026-01-19,WS-57c7afe16ae1,AER,baseline,13.20271089733287,26.42995904520841
2026-01-20,WS-57c7afe16ae1,AER,baseline,13.093217363254276,25.26615086578413
2026-01-21,WS-57c7afe16ae1,AER,baseline,12.973138533181768,23.989831439344183
2026-01-22,WS-57c7afe16ae1,AER,baseline,12.868529474552496,22.877940412178788
2026-01-23,WS-57c7afe16ae1,AER,baseline,12.765779504893445,21.7858096655453
2026-01-24,WS-57c7afe16ae1,AER,baseline,12.65844563323921,20.644956565755837
2026-01-25,WS-57c7afe16ae1,AER,baseline,12.556732492788868,19.563846290092744
2026-01-26,WS-57c7afe16ae1,AER,baseline,12.459493631799347,18.530293188260547
2026-01-27,WS-57c7afe16ae1,AER,baseline,12.361742209233231,17.49129206285032
2026-01-28,WS-57c7afe16ae1,AER,baseline,12.259567815653956,16.405279121758152
2026-01-29,WS-57c7afe16ae1,AER,baseline,12.180171707899422,15.56137687312994
2026-01-30,WS-57c7afe16ae1,AER,baseline,12.090626370190982,14.609598329023534
2026-01-31,WS-57c7afe16ae1,AER,baseline,12.002739917348364,13.675452093453139
2026-02-01,WS-57c7afe16ae1,AER,baseline,11.946085513258161,13.073271705036264
2026-02-02,WS-57c7afe16ae1,AER,baseline,12.05563670092278,14.237692685166495
2026-02-03,WS-57c7afe16ae1,AER,baseline,12.004094605769602,13.68985109407425
2026-02-04,WS-57c7afe16ae1,AER,baseline,11.942014141670622,13.029997044163093
2026-02-05,WS-57c7afe16ae1,AER,baseline,11.873278005973308,12.299399775386247
2026-02-06,WS-57c7afe16ae1,AER,baseline,11.811610168584316,11.643931540072955
2026-02-07,WS-57c7afe16ae1,AER,baseline,11.762864752762322,11.125815889496234
2026-02-08,WS-57c7afe16ae1,AER,baseline,14.306187754520376,38.1588287269409
2026-02-09,WS-57c7afe16ae1,AER,baseline,14.889441352423042,44.358238706990434
2026-02-10,WS-57c7afe16ae1,AER,baseline,15.634937620942992,52.282128115939415
2026-02-11,WS-57c7afe16ae1,AER,baseline,15.452025349845144,50.3379512381711
2026-02-12,WS-57c7afe16ae1,AER,baseline,15.423544171571663,50.03522442865444
2026-02-13,WS-57c7afe16ae1,AER,baseline,15.211900577844204,47.78566195379676
2026-02-14,WS-57c7afe16ae1,AER,baseline,15.057642883924157,46.14605494472527
2026-02-15,WS-57c7afe16ae1,AER,baseline,14.890588824850191,44.370435206150134
2026-02-16,WS-57c7afe16ae1,AER,baseline,14.724164992458086,42.601514155067484
2026-02-17,WS-57c7afe16ae1,AER,baseline,14.547676245957987,40.72561300271533
2026-02-18,WS-57c7afe16ae1,AER,baseline,14.377185125017348,38.91346068943357
2026-02-19,WS-57c7afe16ae1,AER,baseline,14.20919560410282,37.12789791494541
2026-02-20,WS-57c7afe16ae1,AER,baseline,14.061851339936037,35.56177383947755
2026-02-21,WS-57c7afe16ae1,AER,baseline,13.903684333988426,33.88061470267647
2026-02-22,WS-57c7afe16ae1,AER,baseline,13.832681572652021,33.125925440882234
2026-02-23,WS-57c7afe16ae1,AER,baseline,14.34628178794399,38.584988722936764
2026-02-24,WS-57c7afe16ae1,AER,baseline,14.181390867830391,36.832361016142244
2026-02-25,WS-57c7afe16ae1,AER,baseline,14.046449208686774,35.398064388693065
2026-02-26,WS-57c7afe16ae1,AER,baseline,14.466419955238074,39.86193884546666
2026-02-27,WS-57c7afe16ae1,AER,baseline,14.3681261730365,38.817172972528255
2026-02-28,WS-57c7afe16ae1,AER,baseline,14.367531297558799,38.810850033438626
2026-03-01,WS-57c7afe16ae1,AER,baseline,14.282815516948826,37.91040491373477
2026-03-02,WS-57c7afe16ae1,AER,baseline,14.670946322389682,42.03585222767704
2026-03-03,WS-57c7afe16ae1,AER,baseline,17.948746821839432,76.87563581747564
2026-03-04,WS-57c7afe16ae1,AER,baseline,19.589158025117143,94.31158755708603
2026-03-05,WS-57c7afe16ae1,AER,baseline,19.29876351842001,91.22498061725155
2026-03-06,WS-57c7afe16ae1,AER,baseline,18.988385255206907,87.92596607285286
2026-03-07,WS-57c7afe16ae1,AER,baseline,18.739016866576424,85.27542626865144
2026-03-08,WS-57c7afe16ae1,AER,baseline,19.36984179606177,91.98047254282488
2026-03-09,WS-57c7afe16ae1,AER,baseline,19.09294934793625,89.03737915689062
2026-03-10,WS-57c7afe16ae1,AER,baseline,18.75898954347202,85.48771610778849
2026-03-11,WS-57c7afe16ae1,AER,baseline,18.471854851734907,82.43575778301434
2026-03-12,WS-57c7afe16ae1,AER,baseline,18.162656290290663,79.14928230386212
2026-03-13,WS-57c7afe16ae1,AER,baseline,18.23978026864403,79.96903405991519
2026-03-14,WS-57c7afe16ae1,AER,baseline,17.988597067249387,77.29920458754457
2026-03-15,WS-57c7afe16ae1,AER,baseline,17.732332610513737,74.57536638692004
2026-03-16,WS-57c7afe16ae1,AER,baseline,17.517579930626365,72.29275739535349
2026-03-17,WS-57c7afe16ae1,AER,baseline,17.36607779748214,70.68243927714477
2026-03-18,WS-57c7afe16ae1,AER,baseline,17.25686007693048,69.52156272323921
2026-03-19,WS-57c7afe16ae1,AER,baseline,17.750076336050903,74.76396467345258
2026-03-20,WS-57c7afe16ae1,AER,baseline,19.11719661627584,89.29510368336402
2026-03-21,WS-57c7afe16ae1,AER,baseline,18.906727360734713,87.0580232641653
2026-03-22,WS-57c7afe16ae1,AER,baseline,18.78613730173604,85.77626997890586
2026-03-23,WS-57c7afe16ae1,AER,baseline,18.542865704246285,83.19053304601123
2026-03-24,WS-57c7afe16ae1,AER,baseline,18.28518715653761,80.45166445427998
2026-03-25,WS-57c7afe16ae1,AER,baseline,18.028983902157684,77.7284767742802
2026-03-26,WS-57c7afe16ae1,AER,baseline,17.872861264051966,76.06904724951664
2026-03-27,WS-57c7afe16ae1,AER,baseline,19.382446752948077,92.11445079139477
2026-03-28,WS-57c7afe16ae1,AER,baseline,19.268145262328463,90.89953878017037
2026-03-29,WS-57c7afe16ae1,AER,baseline,19.030139321168136,88.36977057600295
2026-03-30,WS-57c7afe16ae1,AER,baseline,18.79490818972894,85.86949585998502
2026-03-31,WS-57c7afe16ae1,AER,baseline,18.562592445176797,83.400208828618
2026-04-01,WS-57c7afe16ae1,AER,baseline,18.318794570226025,80.80887808583375
2026-04-02,WS-57c7afe16ae1,AER,baseline,18.07553241397818,78.22324150402063
2026-04-03,WS-57c7afe16ae1,AER,baseline,17.874124383147986,76.08247295860444
2026-04-04,WS-57c7afe16ae1,AER,baseline,17.73124926750247,74.56385152014509
2026-04-05,WS-57c7afe16ae1,AER,baseline,17.587978306065352,73.04102263168481
2026-04-06,WS-57c7afe16ae1,AER,baseline,17.723491470644237,74.48139379774256
2026-04-07,WS-57c7afe16ae1,AER,baseline,17.838075137648076,75.69930506537753
2026-04-08,WS-57c7afe16ae1,AER,baseline,17.675426741129414,73.97051317066361
2026-04-09,WS-57c7afe16ae1,AER,baseline,17.45275038478226,71.60368332028006
2026-04-10,WS-57c7afe16ae1,AER,baseline,18.03283702985744,77.76943171806822
2026-04-11,WS-57c7afe16ae1,AER,baseline,17.851923108018305,75.84649532022608
2026-04-12,WS-57c7afe16ae1,AER,baseline,17.72270524593572,74.47303700522204
2026-04-13,WS-57c7afe16ae1,AER,baseline,17.54717171711027,72.60728887379699
2026-04-14,WS-57c7afe16ae1,AER,baseline,17.39501042817172,70.98996458018794
2026-04-15,WS-57c7afe16ae1,AER,baseline,17.24933052507084,69.44153101985704
2026-04-16,WS-57c7afe16ae1,AER,baseline,17.106828192945823,67.92687190222291
2026-04-17,WS-57c7afe16ae1,AER,baseline,16.961516952228223,66.38235685909684
2026-04-18,WS-57c7afe16ae1,AER,baseline,16.822401098446434,64.90369266324932
2026-04-19,WS-57c7afe16ae1,AER,baseline,16.689210953698712,63.4880129048004
2026-04-20,WS-57c7afe16ae1,AER,baseline,16.553395455832547,62.044428234350754
2026-04-21,WS-57c7afe16ae1,AER,baseline,16.412561000233307,60.54749699772169
2026-04-22,WS-57c7afe16ae1,AER,baseline,16.293584636765733,59.28289570297929
2026-04-23,WS-57c7afe16ae1,AER,baseline,16.184839504796436,58.127042299182946
2026-04-24,WS-57c7afe16ae1,AER,baseline,16.07568285454999,56.96681486233556
2026-04-25,WS-57c7afe16ae1,AER,baseline,15.956298917887054,55.69788146686714
2026-04-26,WS-57c7afe16ae1,AER,baseline,15.837148307316578,54.431428097430974
2026-04-27,WS-57c7afe16ae1,AER,baseline,15.71122379204882,53.092974808002445
2026-04-28,WS-57c7afe16ae1,AER,baseline,15.59764567742808,51.88575156955696
2026-04-29,WS-57c7afe16ae1,AER,baseline,15.475350556468712,50.58587515882729
2026-04-30,WS-57c7afe16ae1,AER,baseline,15.373745577078509,49.505914528461034
2026-05-01,WS-57c7afe16ae1,AER,baseline,15.282934776681191,48.54068536518828
2026-05-02,WS-57c7afe16ae1,AER,baseline,15.215036648996605,47.81899529433723
2026-05-03,WS-57c7afe16ae1,AER,baseline,15.657867887054518,52.525854208822764
2026-05-04,WS-57c7afe16ae1,AER,baseline,16.93596258711657,66.11073918425234
2026-05-05,WS-57c7afe16ae1,AER,baseline,17.18368393916073,68.74377261543268
2026-05-06,WS-57c7afe16ae1,AER,baseline,17.06956098172395,67.53075823570072
2026-05-07,WS-57c7afe16ae1,AER,baseline,16.966693973881256,66.43738348871071
2026-05-08,WS-57c7afe16ae1,AER,baseline,16.88882662323177,65.60973041897856
2026-05-09,WS-57c7afe16ae1,AER,baseline,16.797734803161823,64.64151429399766
2026-05-10,WS-57c7afe16ae1,AER,baseline,16.69042208953332,63.50088608313532
2026-05-11,WS-57c7afe16ae1,AER,baseline,16.593300384566735,62.46857823417498
2026-05-12,WS-57c7afe16ae1,AER,baseline,16.511361781162186,61.597651766641626
2026-05-13,WS-57c7afe16ae1,AER,baseline,16.41983389933629,60.62480073565842
2026-05-14,WS-57c7afe16ae1,AER,baseline,16.693687222089608,63.53559121899458
2026-05-15,WS-57c7afe16ae1,AER,baseline,16.62983901043611,62.856947757631744
2026-05-16,WS-57c7afe16ae1,AER,baseline,16.52822665496974,61.77690872685718
2026-05-17,WS-57c7afe16ae1,AER,baseline,16.461862495014575,61.07152321869559
2026-05-18,WS-57c7afe16ae1,AER,baseline,17.12336416567559,68.10263296866017
2026-05-19,WS-57c7afe16ae1,AER,baseline,18.441621531728913,82.11440743652838
2026-05-20,WS-57c7afe16ae1,AER,baseline,19.024314018788868,88.30785336222714
2026-05-21,WS-57c7afe16ae1,AER,baseline,18.89694376622118,86.95403331247695
2026-05-22,WS-57c7afe16ae1,AER,baseline,18.779100830478313,85.70147923557167
2026-05-23,WS-57c7afe16ae1,AER,baseline,18.662955396783097,84.46696792972375
2026-05-24,WS-57c7afe16ae1,AER,baseline,18.56512240512376,83.42709980537448
2026-05-25,WS-57c7afe16ae1,AER,baseline,18.43389076184497,82.03223698418257
2026-05-26,WS-57c7afe16ae1,AER,baseline,20.006785440273788,98.7505547143816
2026-05-27,WS-57c7afe16ae1,AER,baseline,20.995683103834047,109.26156067605632
2026-05-28,WS-57c7afe16ae1,AER,baseline,20.871402960940966,107.9405854417091
2026-05-29,WS-57c7afe16ae1,AER,baseline,20.72511836677448,106.3857246122787
2026-05-30,WS-57c7afe16ae1,AER,baseline,20.613376714213324,105.19802115264143
2026-05-31,WS-57c7afe16ae1,AER,baseline,20.62848837444769,105.35864318327947
2026-06-01,WS-57c7afe16ae1,AER,baseline,20.490291855124426,103.88975060519417
2026-06-02,WS-57c7afe16ae1,AER,baseline,21.52706419077219,114.90961707111295
2026-06-03,WS-57c7afe16ae1,AER,baseline,22.992785337738887,130.4887859594829
2026-06-04,WS-57c7afe16ae1,AER,baseline,23.30483045624495,133.80551753018995
2026-06-05,WS-57c7afe16ae1,AER,baseline,23.203537173041497,132.72886992259427
2026-06-06,WS-57c7afe16ae1,AER,baseline,23.058345079617318,131.1856212975796
2026-06-07,WS-57c7afe16ae1,AER,baseline,22.93343878853414,129.8579907260812
2026-06-08,WS-57c7afe16ae1,AER,baseline,22.75179499078285,127.92729646779841
2026-06-09,WS-57c7afe16ae1,AER,baseline,22.63414305962387,126.6767725810674
2026-06-10,WS-57c7afe16ae1,AER,baseline,22.638752374866954,126.72576505196157
2026-06-11,WS-57c7afe16ae1,AER,baseline,22.910713006424558,129.6164380962797
2026-06-12,WS-57c7afe16ae1,AER,baseline,22.85202261762854,128.99261720028625
2026-06-13,WS-57c7afe16ae1,AER,baseline,22.735142295471668,127.75029475554479
2026-06-14,WS-57c7afe16ae1,AER,baseline,22.794661777582604,128.38292809502653
2026-06-15,WS-57c7afe16ae1,AER,baseline,22.631856606708,126.65246984367057
2026-06-16,WS-57c7afe16ae1,AER,baseline,22.46770820244462,124.90773434738063
2026-06-17,WS-57c7afe16ae1,AER,baseline,22.704946240784814,127.4293405026144
2026-06-18,WS-57c7afe16ae1,AER,baseline,22.56000106017011,125.88871631702155
2026-06-19,WS-57c7afe16ae1,AER,baseline,23.325843426603697,134.02886466190236
2026-06-20,WS-57c7afe16ae1,AER,baseline,24.375268240318412,145.18321447963018
2026-06-21,WS-57c7afe16ae1,AER,baseline,24.49541698409793,146.46027701975947
2026-06-22,WS-57c7afe16ae1,AER,baseline,24.5760678127587,147.3175157130085
2026-06-23,WS-57c7afe16ae1,AER,baseline,24.414917201615136,145.6046437982754
2026-06-24,WS-57c7afe16ae1,AER,baseline,24.230272800171292,143.642056084822
2026-06-25,WS-57c7afe16ae1,AER,baseline,24.04811719870098,141.70592185823907
2026-06-26,WS-57c7afe16ae1,AER,baseline,23.868416850964728,139.7958845551166
2026-06-27,WS-57c7afe16ae1,AER,baseline,23.715494151159632,138.1704672156319
2026-06-28,WS-57c7afe16ae1,AER,baseline,23.610339388251614,137.05277589068183
2026-06-29,WS-57c7afe16ae1,AER,baseline,23.505558697841074,135.93906058710994
2026-06-30,WS-57c7afe16ae1,AER,baseline,23.948876013433484,140.65108602595
2026-07-01,WS-57c7afe16ae1,AER,baseline,25.20086749350503,153.95851954098146
2026-07-02,WS-57c7afe16ae1,AER,baseline,27.472198516044948,178.1005261394217
2026-07-03,WS-57c7afe16ae1,AER,baseline,27.670624733480615,180.20960095198623
2026-07-04,WS-57c7afe16ae1,AER,baseline,27.49407639231513,178.33306636717057
2026-07-05,WS-57c7afe16ae1,AER,baseline,27.269438037086516,175.94538240548746
2026-07-06,WS-57c7afe16ae1,AER,baseline,27.030991128953403,173.41092715770506
2026-07-07,WS-57c7afe16ae1,AER,baseline,26.78087301658718,170.7524185302913
2026-07-08,WS-57c7afe16ae1,AER,baseline,26.57921257291261,168.60896708551175
2026-07-09,WS-57c7afe16ae1,AER,baseline,26.387427407180176,166.5704800967602
2026-07-10,WS-57c7afe16ae1,AER,baseline,26.17619577477228,164.32529636405698
2026-07-11,WS-57c7afe16ae1,AER,baseline,25.97496857000207,162.18644982115384
2026-07-12,WS-57c7afe16ae1,AER,baseline,26.606550298727,168.89954012416078
2026-07-13,WS-57c7afe16ae1,AER,baseline,26.717546095067533,170.07931586845356
2026-07-14,WS-57c7afe16ae1,AER,baseline,26.700683325236568,169.90008127143219
2026-07-15,WS-57c7afe16ae1,AER,baseline,26.631644622896737,169.1662680179276
2026-07-16,WS-57c7afe16ae1,AER,baseline,26.387648766775143,166.57283293073698
2026-07-17,WS-57c7afe16ae1,AER,baseline,26.14939800227055,164.04046249610022
2026-07-18,WS-57c7afe16ae1,AER,baseline,25.884215896224077,161.22183848646418
2026-07-19,WS-57c7afe16ae1,AER,baseline,25.616568190672652,158.37700758803598
2026-07-20,WS-57c7afe16ae1,AER,baseline,25.362885447037762,155.6806104491041
2026-07-21,WS-57c7afe16ae1,AER,baseline,25.117998325424495,153.0777020895602
2026-07-22,WS-57c7afe16ae1,AER,baseline,24.897207706750386,150.73091576911298
2026-07-23,WS-57c7afe16ae1,AER,baseline,24.786913759471616,149.55859998750822
2026-07-24,WS-57c7afe16ae1,AER,baseline,24.577712986102185,147.33500228159747
2026-07-25,WS-57c7afe16ae1,AER,baseline,24.36520531279603,145.07625549380458
2026-07-26,WS-57c7afe16ae1,AER,baseline,24.15595552809087,142.85213684577724
2026-07-27,WS-57c7afe16ae1,AER,baseline,23.937469709319494,140.5298482730857
2026-07-28,WS-57c7afe16ae1,AER,baseline,23.734777405222587,138.37542917062981
2026-07-29,WS-57c7afe16ae1,AER,baseline,23.739000009123703,138.42031128170555
2026-07-30,WS-57c7afe16ae1,AER,baseline,23.551408298578664,136.42639658197737
2026-07-31,WS-57c7afe16ae1,AER,baseline,23.34275035605575,134.20856863210324
2026-08-01,WS-57c7afe16ae1,AER,baseline,23.119947937990407,131.84039887009865
2026-08-02,WS-57c7afe16ae1,AER,baseline,22.924046436852397,129.75815929947478
2026-08-03,WS-57c7afe16ae1,AER,baseline,22.759497305510813,128.00916446992596
2026-08-04,WS-57c7afe16ae1,AER,baseline,22.60274160860225,126.34300615501964
2026-08-05,WS-57c7afe16ae1,AER,baseline,22.551976743680235,125.80342575403266
2026-08-06,WS-57c7afe16ae1,AER,baseline,22.440561985538256,124.61919685937359
2026-08-07,WS-57c7afe16ae1,AER,baseline,22.271673994396394,122.82408423330435
2026-08-08,WS-57c7afe16ae1,AER,baseline,22.089169825087,120.88424507468487
2026-08-09,WS-57c7afe16ae1,AER,baseline,22.043208939253574,120.39572622910508
2026-08-10,WS-57c7afe16ae1,AER,baseline,24.04103833052658,141.63068047753325
2026-08-11,WS-57c7afe16ae1,AER,baseline,24.466708689732638,146.1551361903872
2026-08-12,WS-57c7afe16ae1,AER,baseline,24.348542559332508,144.89914687332063
2026-08-13,WS-57c7afe16ae1,AER,baseline,24.251624767796336,143.86900642283
2026-08-14,WS-57c7afe16ae1,AER,baseline,24.037849972156977,141.5967913754899
2026-08-15,WS-57c7afe16ae1,AER,baseline,23.808949524212505,139.16380557561217
2026-08-16,WS-57c7afe16ae1,AER,baseline,23.60216618124642,136.96590276849415
2026-08-17,WS-57c7afe16ae1,AER,baseline,23.482463970666494,135.69358643547596
2026-08-18,WS-57c7afe16ae1,AER,baseline,23.25719624385944,133.2992128752055
2026-08-19,WS-57c7afe16ae1,AER,baseline,23.024291652803605,130.823666986791
2026-08-20,WS-57c7afe16ae1,AER,baseline,22.82693086140059,128.7259166012057
2026-08-21,WS-57c7afe16ae1,AER,baseline,22.904445872612236,129.54982465052962
2026-08-22,WS-57c7afe16ae1,AER,baseline,22.661164529892588,126.96398413546137
2026-08-23,WS-57c7afe16ae1,AER,baseline,22.450388996251856,124.72364828240985
2026-08-24,WS-57c7afe16ae1,AER,baseline,22.21073832586584,122.17639823018717
2026-08-25,WS-57c7afe16ae1,AER,baseline,22.797093640872113,128.40877640115153
2026-08-26,WS-57c7afe16ae1,AER,baseline,24.536749564393517,146.89960154635835
2026-08-27,WS-57c7afe16ae1,AER,baseline,25.36726293470835,155.72713882175398
2026-08-28,WS-57c7afe16ae1,AER,baseline,25.09761793148884,152.86107862077006
2026-08-29,WS-57c7afe16ae1,AER,baseline,24.803902501641502,149.73917354613727
2026-08-30,WS-57c7afe16ae1,AER,baseline,24.496619797366225,146.47306173743019
2026-08-31,WS-57c7afe16ae1,AER,baseline,24.176900446908082,143.07476065678097
2026-09-01,WS-57c7afe16ae1,AER,baseline,23.892496914906282,140.0518318638967
2026-09-02,WS-57c7afe16ae1,AER,baseline,23.61131858219963,137.0631837557264
2026-09-03,WS-57c7afe16ae1,AER,baseline,23.793209517371295,138.99650484082315
2026-09-04,WS-57c7afe16ae1,AER,baseline,23.57456665692399,136.6725470701421
2026-09-05,WS-57c7afe16ae1,AER,baseline,23.460235713020914,135.45732199958962
2026-09-06,WS-57c7afe16ae1,AER,baseline,23.718625897523903,138.2037545879438
2026-09-07,WS-57c7afe16ae1,AER,baseline,23.453073831873365,135.3811982729265
2026-09-08,WS-57c7afe16ae1,AER,baseline,23.13725085874986,132.0243118369897
2026-09-09,WS-57c7afe16ae1,AER,baseline,22.929575326032808,129.81692593355453
2026-09-10,WS-57c7afe16ae1,AER,baseline,22.62925005360982,126.62476475732652
2026-09-11,WS-57c7afe16ae1,AER,baseline,22.363885684331336,123.8042034694575
2026-09-12,WS-57c7afe16ae1,AER,baseline,22.08825525336424,120.87452408010213
2026-09-13,WS-57c7afe16ae1,AER,baseline,21.819147289082874,118.01417207288635
2026-09-14,WS-57c7afe16ae1,AER,baseline,21.576968084546316,115.44004619871566
2026-09-15,WS-57c7afe16ae1,AER,baseline,21.364371488466773,113.18035424962281
2026-09-16,WS-57c7afe16ae1,AER,baseline,21.072956407222552,110.08289960982499
2026-09-17,WS-57c7afe16ae1,AER,baseline,20.808695444854216,107.27406644816968
2026-09-18,WS-57c7afe16ae1,AER,baseline,20.527815415211407,104.28858900709466
2026-09-19,WS-57c7afe16ae1,AER,baseline,20.236583038048074,101.19307633131821
2026-09-20,WS-57c7afe16ae1,AER,baseline,19.940772544095914,98.0489027934184
2026-09-21,WS-57c7afe16ae1,AER,baseline,19.628529806118372,94.73007072281196
2026-09-22,WS-57c7afe16ae1,AER,baseline,19.425880343181053,92.57610697959134
2026-09-23,WS-57c7afe16ae1,AER,baseline,19.195581156471846,90.12825396742592
2026-09-24,WS-57c7afe16ae1,AER,baseline,18.943892396441463,87.45305090582552
2026-09-25,WS-57c7afe16ae1,AER,baseline,18.71871959058005,85.05968626150495
2026-09-26,WS-57c7afe16ae1,AER,baseline,18.447841808441467,82.18052283756346
2026-09-27,WS-57c7afe16ae1,AER,baseline,18.297094587083528,80.57822868642288
2026-09-28,WS-57c7afe16ae1,AER,baseline,18.093132591191324,78.41031401357421
2025-03-01,WS-a2f10ef43bc1,AOG,baseline,17.374777179416146,49.84926398816102
2025-03-02,WS-a2f10ef43bc1,AOG,baseline,17.15470012285472,47.510062128570404
2025-03-03,WS-a2f10ef43bc1,AOG,baseline,16.975403012262216,45.60431083822565
2025-03-04,WS-a2f10ef43bc1,AOG,baseline,16.80329797182407,43.77500415388503
2025-03-05,WS-a2f10ef43bc1,AOG,baseline,16.632083942532645,41.95516803846188
2025-03-06,WS-a2f10ef43bc1,AOG,baseline,16.485275534854086,40.39473958848678
2025-03-07,WS-a2f10ef43bc1,AOG,baseline,16.364271036752502,39.10858122468183
2025-03-08,WS-a2f10ef43bc1,AOG,baseline,16.23279495579474,37.71112027226201
2025-03-09,WS-a2f10ef43bc1,AOG,baseline,16.100837207136216,36.308539667667006
2025-03-10,WS-a2f10ef43bc1,AOG,baseline,15.985423747884791,35.08180852757941
2025-03-11,WS-a2f10ef43bc1,AOG,baseline,16.477689014698058,40.3141023683509
2025-03-12,WS-a2f10ef43bc1,AOG,baseline,16.353234598739288,38.991274783351095
2025-03-13,WS-a2f10ef43bc1,AOG,baseline,16.20251599772764,37.38928483823867
2025-03-14,WS-a2f10ef43bc1,AOG,baseline,16.052854321837007,35.79852896380654
2025-03-15,WS-a2f10ef43bc1,AOG,baseline,15.903004137117193,34.20576942660892
2025-03-16,WS-a2f10ef43bc1,AOG,baseline,15.784878291161863,32.950208293423294
2025-03-17,WS-a2f10ef43bc1,AOG,baseline,15.677124926868554,31.804896400987563
2025-03-18,WS-a2f10ef43bc1,AOG,baseline,15.568746381728165,30.652939453301972
2025-03-19,WS-a2f10ef43bc1,AOG,baseline,15.458679611573604,29.483038340266933
2025-03-20,WS-a2f10ef43bc1,AOG,baseline,15.413159472826944,28.99920420113081
2025-03-21,WS-a2f10ef43bc1,AOG,baseline,15.638406739348785,31.393360288767013
2025-03-22,WS-a2f10ef43bc1,AOG,baseline,16.012249418135042,35.36693892106335
2025-03-23,WS-a2f10ef43bc1,AOG,baseline,15.907925187913296,34.25807533869828
2025-03-24,WS-a2f10ef43bc1,AOG,baseline,15.784913308090594,32.95058048880831
2025-03-25,WS-a2f10ef43bc1,AOG,baseline,15.680173747828345,31.837302358110605
2025-03-26,WS-a2f10ef43bc1,AOG,baseline,15.571684775964894,30.68417168336791
2025-03-27,WS-a2f10ef43bc1,AOG,baseline,15.482578458069742,29.73705948649323
2025-03-28,WS-a2f10ef43bc1,AOG,baseline,15.423099077479765,29.104852386592572
2025-03-29,WS-a2f10ef43bc1,AOG,baseline,16.53706816914052,40.945244163242926
2025-03-30,WS-a2f10ef43bc1,AOG,baseline,17.409994976736723,50.22359440801551
2025-03-31,WS-a2f10ef43bc1,AOG,baseline,17.47760849270382,50.942259337267494
2025-04-01,WS-a2f10ef43bc1,AOG,baseline,17.318011362030116,49.24589938639248
2025-04-02,WS-a2f10ef43bc1,AOG,baseline,17.179511434547916,47.773781879090635
2025-04-03,WS-a2f10ef43bc1,AOG,baseline,17.04952624972039,46.39216768077956
2025-04-04,WS-a2f10ef43bc1,AOG,baseline,16.925424239406766,45.07308581990624
2025-04-05,WS-a2f10ef43bc1,AOG,baseline,16.78627827703555,43.594101599475124
2025-04-06,WS-a2f10ef43bc1,AOG,baseline,16.67764489778465,42.43943601675729
2025-04-07,WS-a2f10ef43bc1,AOG,baseline,16.56217365565909,41.21209070175871
2025-04-08,WS-a2f10ef43bc1,AOG,baseline,16.453815530723183,40.06035080068873
2025-04-09,WS-a2f10ef43bc1,AOG,baseline,16.331978593602695,38.765344431864825
2025-04-10,WS-a2f10ef43bc1,AOG,baseline,16.23360330415407,37.71971221735106
2025-04-11,WS-a2f10ef43bc1,AOG,baseline,16.120611986673275,36.518726053239504
2025-04-12,WS-a2f10ef43bc1,AOG,baseline,16.01623418951688,35.409293107238305
2025-04-13,WS-a2f10ef43bc1,AOG,baseline,15.91989089559878,34.385258999305755
2025-04-14,WS-a2f10ef43bc1,AOG,baseline,15.83105671259052,33.44103932763752
2025-04-15,WS-a2f10ef43bc1,AOG,baseline,15.753848277398184,32.620389878758765
2025-04-16,WS-a2f10ef43bc1,AOG,baseline,15.672560601887188,31.75638213216276
2025-04-17,WS-a2f10ef43bc1,AOG,baseline,15.58906418217164,30.868897615060188
2025-04-18,WS-a2f10ef43bc1,AOG,baseline,15.507901207727741,30.006215317707298
2025-04-19,WS-a2f10ef43bc1,AOG,baseline,15.426258865618045,29.138437815280422
2025-04-20,WS-a2f10ef43bc1,AOG,baseline,15.353647965293764,28.36665562353838
2025-04-21,WS-a2f10ef43bc1,AOG,baseline,15.679290338082524,31.827912584580847
2025-04-22,WS-a2f10ef43bc1,AOG,baseline,15.77870633597978,32.88460650255594
2025-04-23,WS-a2f10ef43bc1,AOG,baseline,15.724041222974542,32.303570314620146
2025-04-24,WS-a2f10ef43bc1,AOG,baseline,15.6936547757828,31.980592377311023
2025-04-25,WS-a2f10ef43bc1,AOG,baseline,15.632995965989942,31.335849109271148
2025-04-26,WS-a2f10ef43bc1,AOG,baseline,15.592853385426,30.909173105097455
2025-04-27,WS-a2f10ef43bc1,AOG,baseline,15.65554242674277,31.57549573006954
2025-04-28,WS-a2f10ef43bc1,AOG,baseline,15.603905419625093,31.02664531848814
2025-04-29,WS-a2f10ef43bc1,AOG,baseline,15.556420155273845,30.521923834072084
2025-04-30,WS-a2f10ef43bc1,AOG,baseline,16.481499643976562,40.35460559587384
2025-05-01,WS-a2f10ef43bc1,AOG,baseline,16.406805113569717,39.560676473234146
2025-05-02,WS-a2f10ef43bc1,AOG,baseline,16.319090184654023,38.628353367685065
2025-05-03,WS-a2f10ef43bc1,AOG,baseline,16.238748091847075,37.774396231789964
2025-05-04,WS-a2f10ef43bc1,AOG,baseline,16.161911579768717,36.95769995846449
2025-05-05,WS-a2f10ef43bc1,AOG,baseline,16.093504566429033,36.23060093545223
2025-05-06,WS-a2f10ef43bc1,AOG,baseline,16.018149495631665,35.4296509205215
2025-05-07,WS-a2f10ef43bc1,AOG,baseline,15.94283819331767,34.62916612136243
2025-05-08,WS-a2f10ef43bc1,AOG,baseline,15.873984818588553,33.89732271741141
2025-05-09,WS-a2f10ef43bc1,AOG,baseline,15.806586572405092,33.18094589345339
2025-05-10,WS-a2f10ef43bc1,AOG,baseline,15.7482084620327,32.56044420883383
2025-05-11,WS-a2f10ef43bc1,AOG,baseline,15.695394282827301,31.9990816200192
2025-05-12,WS-a2f10ef43bc1,AOG,baseline,15.70995037333174,32.153798492865256
2025-05-13,WS-a2f10ef43bc1,AOG,baseline,15.662212163102797,31.646388443467877
2025-05-14,WS-a2f10ef43bc1,AOG,baseline,15.99487676262643,35.18228474262822
2025-05-15,WS-a2f10ef43bc1,AOG,baseline,15.929755961699577,34.49011491354108
2025-05-16,WS-a2f10ef43bc1,AOG,baseline,15.883057797052839,33.99375952198925
2025-05-17,WS-a2f10ef43bc1,AOG,baseline,15.834144192923997,33.473856195739856
2025-05-18,WS-a2f10ef43bc1,AOG,baseline,15.770653052670717,32.79900805087404
2025-05-19,WS-a2f10ef43bc1,AOG,baseline,15.745189938348009,32.52836028183673
2025-05-20,WS-a2f10ef43bc1,AOG,baseline,15.693917074414877,31.983380352838807
2025-05-21,WS-a2f10ef43bc1,AOG,baseline,15.650824849367314,31.52535253958049
2025-05-22,WS-a2f10ef43bc1,AOG,baseline,15.886737362770003,34.03286967323609
2025-05-23,WS-a2f10ef43bc1,AOG,baseline,20.26627184443206,80.58299790428038
2025-05-24,WS-a2f10ef43bc1,AOG,baseline,20.60282676547769,84.16024448084288
2025-05-25,WS-a2f10ef43bc1,AOG,baseline,20.45860954332972,82.62735777513865
2025-05-26,WS-a2f10ef43bc1,AOG,baseline,20.366198076135472,81.64511510393156
2025-05-27,WS-a2f10ef43bc1,AOG,baseline,20.748992318970753,85.7138400254272
2025-05-28,WS-a2f10ef43bc1,AOG,baseline,20.633761450709383,84.48904964731702
2025-05-29,WS-a2f10ef43bc1,AOG,baseline,20.51219019805057,83.19686724204715
2025-05-30,WS-a2f10ef43bc1,AOG,baseline,20.38105104388465,81.80298748882338
2025-05-31,WS-a2f10ef43bc1,AOG,baseline,20.259599507918747,80.51207755381937
2025-06-01,WS-a2f10ef43bc1,AOG,baseline,20.158495334491253,79.43743999646018
2025-06-02,WS-a2f10ef43bc1,AOG,baseline,20.062377605229198,78.41580341815258
2025-06-03,WS-a2f10ef43bc1,AOG,baseline,19.945954965158304,77.17834568217874
2025-06-04,WS-a2f10ef43bc1,AOG,baseline,19.820768989392988,75.84774233860324
2025-06-05,WS-a2f10ef43bc1,AOG,baseline,19.708159106925944,74.65081045214977
2025-06-06,WS-a2f10ef43bc1,AOG,baseline,19.63150431480951,73.83604568263257
2025-06-07,WS-a2f10ef43bc1,AOG,baseline,19.742893638069187,75.02000422960111
2025-06-08,WS-a2f10ef43bc1,AOG,baseline,20.71738428649277,85.37787784242765
2025-06-09,WS-a2f10ef43bc1,AOG,baseline,21.518083397637515,93.88851897434213
2025-06-10,WS-a2f10ef43bc1,AOG,baseline,21.404480148993134,92.68102858603669
2025-06-11,WS-a2f10ef43bc1,AOG,baseline,21.275364757403597,91.30865943121879
2025-06-12,WS-a2f10ef43bc1,AOG,baseline,21.169063550954338,90.17878254315059
2025-06-13,WS-a2f10ef43bc1,AOG,baseline,21.068206476142837,89.10677140015312
2025-06-14,WS-a2f10ef43bc1,AOG,baseline,20.957423568724323,87.92925845494561
2025-06-15,WS-a2f10ef43bc1,AOG,baseline,20.973570772001047,88.10088728587537
2025-06-16,WS-a2f10ef43bc1,AOG,baseline,21.22230223032936,90.74465714971795
2025-06-17,WS-a2f10ef43bc1,AOG,baseline,21.157997755006708,90.06116405595803
2025-06-18,WS-a2f10ef43bc1,AOG,baseline,21.040778833859807,88.81524263820448
2025-06-19,WS-a2f10ef43bc1,AOG,baseline,20.929247844131023,87.62977831651706
2025-06-20,WS-a2f10ef43bc1,AOG,baseline,20.819205517892406,86.46013701817844
2025-06-21,WS-a2f10ef43bc1,AOG,baseline,20.69479806856934,85.13780864215249
2025-06-22,WS-a2f10ef43bc1,AOG,baseline,20.580089192597185,83.91856652678587
2025-06-23,WS-a2f10ef43bc1,AOG,baseline,20.507070075461048,83.14244539330983
2025-06-24,WS-a2f10ef43bc1,AOG,baseline,21.961260882277003,98.59905814818845
2025-06-25,WS-a2f10ef43bc1,AOG,baseline,22.553476998634597,104.89373085195832
2025-06-26,WS-a2f10ef43bc1,AOG,baseline,23.2241437078208,112.02225591406999
2025-06-27,WS-a2f10ef43bc1,AOG,baseline,23.06808374970692,110.36349261574435
2025-06-28,WS-a2f10ef43bc1,AOG,baseline,22.90928177357978,108.67558437275318
2025-06-29,WS-a2f10ef43bc1,AOG,baseline,22.767835292305477,107.17214790736654
2025-06-30,WS-a2f10ef43bc1,AOG,baseline,22.63815911571353,105.79381816155855
2025-07-01,WS-a2f10ef43bc1,AOG,baseline,22.529525289915,104.63914783248023
2025-07-02,WS-a2f10ef43bc1,AOG,baseline,22.961797694309123,109.2337767683967
2025-07-03,WS-a2f10ef43bc1,AOG,baseline,22.793862696210365,107.44879351761733
2025-07-04,WS-a2f10ef43bc1,AOG,baseline,23.028696923534046,109.94484953469588
2025-07-05,WS-a2f10ef43bc1,AOG,baseline,22.920834333030385,108.79837667546802
2025-07-06,WS-a2f10ef43bc1,AOG,baseline,22.80911529212313,107.61091355539041
2025-07-07,WS-a2f10ef43bc1,AOG,baseline,23.679589295682074,116.86319291456137
2025-07-08,WS-a2f10ef43bc1,AOG,baseline,23.55282938685861,115.51586021630426
2025-07-09,WS-a2f10ef43bc1,AOG,baseline,23.41175801538832,114.01641079784024
2025-07-10,WS-a2f10ef43bc1,AOG,baseline,23.79333655819308,118.072214028104
2025-07-11,WS-a2f10ef43bc1,AOG,baseline,24.310587691153692,123.57008296092987
2025-07-12,WS-a2f10ef43bc1,AOG,baseline,24.156382734746956,121.93103649956443
2025-07-13,WS-a2f10ef43bc1,AOG,baseline,24.008848595235047,120.36289423661555
2025-07-14,WS-a2f10ef43bc1,AOG,baseline,23.9393840719008,119.62455492629452
2025-07-15,WS-a2f10ef43bc1,AOG,baseline,23.805594478104492,118.20250361621237
2025-07-16,WS-a2f10ef43bc1,AOG,baseline,23.633944582859325,116.37803467597116
2025-07-17,WS-a2f10ef43bc1,AOG,baseline,23.466488285071772,114.59813953694527
2025-07-18,WS-a2f10ef43bc1,AOG,baseline,23.285852840660862,112.67816307926284
2025-07-19,WS-a2f10ef43bc1,AOG,baseline,23.108243761268557,110.79035389421635
2025-07-20,WS-a2f10ef43bc1,AOG,baseline,22.933610343195728,108.93417305153676
2025-07-21,WS-a2f10ef43bc1,AOG,baseline,22.771877586942875,107.21511350896334
2025-07-22,WS-a2f10ef43bc1,AOG,baseline,22.63724070065693,105.7840563161311
2025-07-23,WS-a2f10ef43bc1,AOG,baseline,24.14631261717862,121.82400109064814
2025-07-24,WS-a2f10ef43bc1,AOG,baseline,23.985866594297708,120.11861825360441
2025-07-25,WS-a2f10ef43bc1,AOG,baseline,23.835025950499073,118.51533111414231
2025-07-26,WS-a2f10ef43bc1,AOG,baseline,24.997027022106987,130.86625542229646
2025-07-27,WS-a2f10ef43bc1,AOG,baseline,25.907663320702483,140.5454203310236
2025-07-28,WS-a2f10ef43bc1,AOG,baseline,26.452721577441817,146.33885153948765
2025-07-29,WS-a2f10ef43bc1,AOG,baseline,26.844335570406436,150.50132169833796
2025-07-30,WS-a2f10ef43bc1,AOG,baseline,26.711037229663173,149.0844919232635
2025-07-31,WS-a2f10ef43bc1,AOG,baseline,26.435088649551425,146.15143092256514
2025-08-01,WS-a2f10ef43bc1,AOG,baseline,26.224791426310038,143.91617903688896
2025-08-02,WS-a2f10ef43bc1,AOG,baseline,26.163333042549088,143.2629370868771
2025-08-03,WS-a2f10ef43bc1,AOG,baseline,25.898159894344566,140.44440829025817
2025-08-04,WS-a2f10ef43bc1,AOG,baseline,25.644633801789,137.74967619765948
2025-08-05,WS-a2f10ef43bc1,AOG,baseline,25.548333395541626,136.72609794332965
2025-08-06,WS-a2f10ef43bc1,AOG,baseline,25.310747181244924,134.20079102138425
2025-08-07,WS-a2f10ef43bc1,AOG,baseline,25.1115014972213,132.0830060879358
2025-08-08,WS-a2f10ef43bc1,AOG,baseline,24.897258242160802,129.80581177939422
2025-08-09,WS-a2f10ef43bc1,AOG,baseline,24.698594699151197,127.69421443025745
2025-08-10,WS-a2f10ef43bc1,AOG,baseline,24.479777548570194,125.36840412750766
2025-08-11,WS-a2f10ef43bc1,AOG,baseline,24.26494591280292,123.08495591287998
2025-08-12,WS-a2f10ef43bc1,AOG,baseline,24.042756590316866,120.72330275165878
2025-08-13,WS-a2f10ef43bc1,AOG,baseline,23.874575067662608,118.93569918821407
2025-08-14,WS-a2f10ef43bc1,AOG,baseline,23.70080563800708,117.08870168951402
2025-08-15,WS-a2f10ef43bc1,AOG,baseline,23.51624444224383,115.12699837030794
2025-08-16,WS-a2f10ef43bc1,AOG,baseline,23.346673060489746,113.32462197664783
2025-08-17,WS-a2f10ef43bc1,AOG,baseline,23.232799103729782,112.11425422830649
2025-08-18,WS-a2f10ef43bc1,AOG,baseline,23.020147719975927,109.85397994032003
2025-08-19,WS-a2f10ef43bc1,AOG,baseline,22.81681302437419,107.69273285031217
2025-08-20,WS-a2f10ef43bc1,AOG,baseline,22.722397991753947,106.68919425646995
2025-08-21,WS-a2f10ef43bc1,AOG,baseline,22.6830811870926,106.27129543496643
2025-08-22,WS-a2f10ef43bc1,AOG,baseline,22.522716651799012,104.56677873053457
2025-08-23,WS-a2f10ef43bc1,AOG,baseline,22.32438085279838,102.45866497667683
2025-08-24,WS-a2f10ef43bc1,AOG,baseline,22.092515964993755,99.99417010746737
2025-08-25,WS-a2f10ef43bc1,AOG,baseline,21.875384490376746,97.68627687617999
2025-08-26,WS-a2f10ef43bc1,AOG,baseline,21.68115429135678,95.62180159722537
2025-08-27,WS-a2f10ef43bc1,AOG,baseline,22.812020984608722,107.6417981981237
2025-08-28,WS-a2f10ef43bc1,AOG,baseline,23.47880894475031,114.72909598684386
2025-08-29,WS-a2f10ef43bc1,AOG,baseline,24.179539115574467,122.17716596866694
2025-08-30,WS-a2f10ef43bc1,AOG,baseline,25.27527043864604,133.8237082688422
2025-08-31,WS-a2f10ef43bc1,AOG,baseline,25.003061005736132,130.93039071175627
2025-09-01,WS-a2f10ef43bc1,AOG,baseline,24.736736840404223,128.09962773931332
2025-09-02,WS-a2f10ef43bc1,AOG,baseline,24.499630284708932,125.57941911480026
2025-09-03,WS-a2f10ef43bc1,AOG,baseline,24.209693409624936,122.49767634725704
2025-09-04,WS-a2f10ef43bc1,AOG,baseline,23.876395887958363,118.95505271051375
2025-09-05,WS-a2f10ef43bc1,AOG,baseline,23.618091969035703,116.20953704012042
2025-09-06,WS-a2f10ef43bc1,AOG,baseline,23.333826646556762,113.18807727802898
2025-09-07,WS-a2f10ef43bc1,AOG,baseline,23.088045376488427,110.57566500307688
2025-09-08,WS-a2f10ef43bc1,AOG,baseline,23.133064388486993,111.05417265957396
2025-09-09,WS-a2f10ef43bc1,AOG,baseline,22.794237416593365,107.45277642537896
2025-09-10,WS-a2f10ef43bc1,AOG,baseline,23.0923975495656,110.62192430658834
2025-09-11,WS-a2f10ef43bc1,AOG,baseline,26.34240294029303,145.16627332893748
2025-09-12,WS-a2f10ef43bc1,AOG,baseline,26.083940921881673,142.4190772170491
2025-09-13,WS-a2f10ef43bc1,AOG,baseline,25.781206745820096,139.20131177312047
2025-09-14,WS-a2f10ef43bc1,AOG,baseline,25.49168561084257,136.12398791250627
2025-09-15,WS-a2f10ef43bc1,AOG,baseline,25.14000981702993,132.38602138517803
2025-09-16,WS-a2f10ef43bc1,AOG,baseline,24.870724768269636,129.52378714476225
2025-09-17,WS-a2f10ef43bc1,AOG,baseline,24.990179473889675,130.7934727443843
2025-09-18,WS-a2f10ef43bc1,AOG,baseline,24.66425150641542,127.32918019376315
2025-09-19,WS-a2f10ef43bc1,AOG,baseline,24.393593282757575,124.4523504597322
2025-09-20,WS-a2f10ef43bc1,AOG,baseline,25.159937815752816,132.59783633944375
2025-09-21,WS-a2f10ef43bc1,AOG,baseline,24.87808023377598,129.60196848206027
2025-09-22,WS-a2f10ef43bc1,AOG,baseline,24.531386694041025,125.91695839728709
2025-09-23,WS-a2f10ef43bc1,AOG,baseline,24.739407001655426,128.12800891753253
2025-09-24,WS-a2f10ef43bc1,AOG,baseline,24.467050741749706,125.23313073442306
2025-09-25,WS-a2f10ef43bc1,AOG,baseline,24.13777777852058,121.73328418097961
2025-09-26,WS-a2f10ef43bc1,AOG,baseline,23.734105590000706,117.44264730676664
2025-09-27,WS-a2f10ef43bc1,AOG,baseline,23.31777642521612,113.01747926934296
2025-09-28,WS-a2f10ef43bc1,AOG,baseline,22.994749945346452,109.58402666772093
2025-09-29,WS-a2f10ef43bc1,AOG,baseline,22.681536957291254,106.25488179658272
2025-09-30,WS-a2f10ef43bc1,AOG,baseline,22.397298364964044,103.23370614961723
2025-10-01,WS-a2f10ef43bc1,AOG,baseline,22.088056544690964,99.94677087181795
2025-10-02,WS-a2f10ef43bc1,AOG,baseline,21.852724197306795,97.44542033022148
2025-10-03,WS-a2f10ef43bc1,AOG,baseline,21.715495822085582,95.9868181682262
2025-10-04,WS-a2f10ef43bc1,AOG,baseline,21.449935660655647,93.16417580306575
2025-10-05,WS-a2f10ef43bc1,AOG,baseline,21.166592215020994,90.15251468178754
2025-10-06,WS-a2f10ef43bc1,AOG,baseline,20.908918360876243,87.41369597800748
2025-10-07,WS-a2f10ef43bc1,AOG,baseline,20.73174621516181,85.53053096663257
2025-10-08,WS-a2f10ef43bc1,AOG,baseline,20.471619238862736,82.7656379959805
2025-10-09,WS-a2f10ef43bc1,AOG,baseline,21.494130343031568,93.63392164942077
2025-10-10,WS-a2f10ef43bc1,AOG,baseline,21.37760097976952,92.39532955127805
2025-10-11,WS-a2f10ef43bc1,AOG,baseline,21.016221764257114,88.55422523012822
2025-10-12,WS-a2f10ef43bc1,AOG,baseline,20.771224849095276,85.95014987354702
2025-10-13,WS-a2f10ef43bc1,AOG,baseline,20.47440550154094,82.7952532177578
2025-10-14,WS-a2f10ef43bc1,AOG,baseline,20.211225360700176,79.99790812199491
2025-10-15,WS-a2f10ef43bc1,AOG,baseline,19.93496142248231,77.06149517593802
2025-10-16,WS-a2f10ef43bc1,AOG,baseline,19.640612677915858,73.93285859102518
2025-10-17,WS-a2f10ef43bc1,AOG,baseline,19.37852385436492,71.14711312074644
2025-10-18,WS-a2f10ef43bc1,AOG,baseline,19.12631037943342,68.46633285772563
2025-10-19,WS-a2f10ef43bc1,AOG,baseline,18.90240807554768,66.08647239521545
2025-10-20,WS-a2f10ef43bc1,AOG,baseline,18.592492004202914,62.79237049411904
2025-10-21,WS-a2f10ef43bc1,AOG,baseline,18.55897715885095,62.43614077260184
2025-10-22,WS-a2f10ef43bc1,AOG,baseline,18.665595190133885,63.56938519589464
2025-10-23,WS-a2f10ef43bc1,AOG,baseline,18.581869204013564,62.67946061452853
2025-10-24,WS-a2f10ef43bc1,AOG,baseline,18.531271604917915,62.14165808415744
2025-10-25,WS-a2f10ef43bc1,AOG,baseline,18.34796819099222,60.19332374425036
2025-10-26,WS-a2f10ef43bc1,AOG,baseline,18.233797217148943,58.97979899751727
2025-10-27,WS-a2f10ef43bc1,AOG,baseline,19.147540633703855,68.69198950292491
2025-10-28,WS-a2f10ef43bc1,AOG,baseline,19.191392421119946,69.15809071434977
2025-10-29,WS-a2f10ef43bc1,AOG,baseline,19.03488703479742,67.49459295387595
2025-10-30,WS-a2f10ef43bc1,AOG,baseline,18.86179773261433,65.65482453881214
2025-10-31,WS-a2f10ef43bc1,AOG,baseline,18.680155022334844,63.72414183928109
2025-11-01,WS-a2f10ef43bc1,AOG,baseline,18.79469958094888,64.94163742333873
2025-11-02,WS-a2f10ef43bc1,AOG,baseline,18.531778182125503,62.14704249980043
2025-11-03,WS-a2f10ef43bc1,AOG,baseline,18.345613553691322,60.16829627414975
2025-11-04,WS-a2f10ef43bc1,AOG,baseline,18.453345900346633,61.31338476984139
2025-11-05,WS-a2f10ef43bc1,AOG,baseline,19.49695803823299,72.40595158156506
2025-11-06,WS-a2f10ef43bc1,AOG,baseline,19.233651986296884,69.60726817515334
2025-11-07,WS-a2f10ef43bc1,AOG,baseline,18.958215188634018,66.67964691667454
2025-11-08,WS-a2f10ef43bc1,AOG,baseline,18.71878583855991,64.1347492808885
2025-11-09,WS-a2f10ef43bc1,AOG,baseline,18.49436723034079,61.749401012990404
2025-11-10,WS-a2f10ef43bc1,AOG,baseline,18.28112249548562,59.482819988530466
2025-11-11,WS-a2f10ef43bc1,AOG,baseline,18.083875207813612,57.38627603555924
2025-11-12,WS-a2f10ef43bc1,AOG,baseline,17.9385004937283,55.84108633319285
2025-11-13,WS-a2f10ef43bc1,AOG,baseline,17.704753539755853,53.35658695852325
2025-11-14,WS-a2f10ef43bc1,AOG,baseline,17.459420693159778,50.748940982414766
2025-11-15,WS-a2f10ef43bc1,AOG,baseline,17.6655797280633,52.940208011120795
2025-11-16,WS-a2f10ef43bc1,AOG,baseline,17.538811016771046,51.592781751309936
2025-11-17,WS-a2f10ef43bc1,AOG,baseline,17.41158818251125,50.240528612646926
2025-11-18,WS-a2f10ef43bc1,AOG,baseline,17.210274396973862,48.10076180165791
2025-11-19,WS-a2f10ef43bc1,AOG,baseline,17.00672567139444,45.93723978426951
2025-11-20,WS-a2f10ef43bc1,AOG,baseline,16.80181643317901,43.75925686060636
2025-11-21,WS-a2f10ef43bc1,AOG,baseline,16.70278883815122,42.70669128171723
2025-11-22,WS-a2f10ef43bc1,AOG,baseline,16.615919595282083,41.783356984014084
2025-11-23,WS-a2f10ef43bc1,AOG,baseline,18.137216774732234,57.95324423514843
2025-11-24,WS-a2f10ef43bc1,AOG,baseline,18.033009210125336,56.845620693101324
2025-11-25,WS-a2f10ef43bc1,AOG,baseline,17.80286518076888,54.39941685043022
2025-11-26,WS-a2f10ef43bc1,AOG,baseline,17.789802556453893,54.26057404888529
2025-11-27,WS-a2f10ef43bc1,AOG,baseline,17.51795486111204,51.37110140505431
2025-11-28,WS-a2f10ef43bc1,AOG,baseline,17.29351108712575,48.98548564989389
2025-11-29,WS-a2f10ef43bc1,AOG,baseline,17.119859634311364,47.139742128553
2025-11-30,WS-a2f10ef43bc1,AOG,baseline,17.201821147806594,48.01091210773433
2025-12-01,WS-a2f10ef43bc1,AOG,baseline,17.119825949451034,47.139384091740084
2025-12-02,WS-a2f10ef43bc1,AOG,baseline,17.29880341930164,49.04173791653557
2025-12-03,WS-a2f10ef43bc1,AOG,baseline,17.09127275077974,46.835891776490456
2025-12-04,WS-a2f10ef43bc1,AOG,baseline,16.869488985879368,44.47854929205406
2025-12-05,WS-a2f10ef43bc1,AOG,baseline,16.607958037558205,41.69873348475472
2025-12-06,WS-a2f10ef43bc1,AOG,baseline,16.370408740153163,39.17381895292468
2025-12-07,WS-a2f10ef43bc1,AOG,baseline,16.20755855865582,37.442882283081794
2025-12-08,WS-a2f10ef43bc1,AOG,baseline,16.055968063305773,35.83162496185297
2025-12-09,WS-a2f10ef43bc1,AOG,baseline,15.864966584979047,33.80146779659785
2025-12-10,WS-a2f10ef43bc1,AOG,baseline,15.700262534181672,32.05082632616451
2025-12-11,WS-a2f10ef43bc1,AOG,baseline,15.595448188848142,30.93675330398406
2025-12-12,WS-a2f10ef43bc1,AOG,baseline,15.502775569973082,29.951734848208933
2025-12-13,WS-a2f10ef43bc1,AOG,baseline,15.433623216295643,29.216713593177808
2025-12-14,WS-a2f10ef43bc1,AOG,baseline,15.820536749997089,33.329222510174276
2025-12-15,WS-a2f10ef43bc1,AOG,baseline,15.676445090813708,31.79767041483269
2025-12-16,WS-a2f10ef43bc1,AOG,baseline,15.53315148381968,30.274600826457302
2025-12-17,WS-a2f10ef43bc1,AOG,baseline,15.373157966165856,28.574027673281673
2025-12-18,WS-a2f10ef43bc1,AOG,baseline,15.219535083635758,26.94116808262384
2025-12-19,WS-a2f10ef43bc1,AOG,baseline,15.080858317278732,25.46717095265117
2025-12-20,WS-a2f10ef43bc1,AOG,baseline,15.389860699241403,28.751561237575153
2025-12-21,WS-a2f10ef43bc1,AOG,baseline,16.435806827956778,39.8689360677848
2025-12-22,WS-a2f10ef43bc1,AOG,baseline,18.760770251708255,64.58100214724767
2025-12-23,WS-a2f10ef43bc1,AOG,baseline,18.44608709291133,61.23623081242134
2025-12-24,WS-a2f10ef43bc1,AOG,baseline,18.15611285941752,58.15409096186054
2025-12-25,WS-a2f10ef43bc1,AOG,baseline,17.878071080024284,55.19878131912634
2025-12-26,WS-a2f10ef43bc1,AOG,baseline,17.62932227630052,52.55482709085281
2025-12-27,WS-a2f10ef43bc1,AOG,baseline,17.387675910452828,49.98636476594677
2025-12-28,WS-a2f10ef43bc1,AOG,baseline,17.146396454130453,47.421802327095804
2025-12-29,WS-a2f10ef43bc1,AOG,baseline,16.924009358244767,45.05804702987081
2025-12-30,WS-a2f10ef43bc1,AOG,baseline,16.692077905187414,42.592844637735524
2025-12-31,WS-a2f10ef43bc1,AOG,baseline,16.500136726457843,40.55269938483448
2026-01-01,WS-a2f10ef43bc1,AOG,baseline,17.57615601821808,51.98972225113404
2026-01-02,WS-a2f10ef43bc1,AOG,baseline,17.34900944842708,49.575378444666285
2026-01-03,WS-a2f10ef43bc1,AOG,baseline,17.109713784217192,47.031901757647304
2026-01-04,WS-a2f10ef43bc1,AOG,baseline,16.94083440060776,45.236880621150746
2026-01-05,WS-a2f10ef43bc1,AOG,baseline,16.789165237101574,43.62478713508035
2026-01-06,WS-a2f10ef43bc1,AOG,baseline,16.568605957903387,41.2804597248927
2026-01-07,WS-a2f10ef43bc1,AOG,baseline,16.34099939777915,38.861226675267496
2026-01-08,WS-a2f10ef43bc1,AOG,baseline,16.100043417681377,36.30010246936065
2026-01-09,WS-a2f10ef43bc1,AOG,baseline,15.871643568921659,33.8724375446445
2026-01-10,WS-a2f10ef43bc1,AOG,baseline,15.624400717821086,31.244490106136617
2026-01-11,WS-a2f10ef43bc1,AOG,baseline,15.487891453197673,29.793531379917443
2026-01-12,WS-a2f10ef43bc1,AOG,baseline,15.339988705360604,28.221471174348153
2026-01-13,WS-a2f10ef43bc1,AOG,baseline,15.194721716479716,26.67742648456259
2026-01-14,WS-a2f10ef43bc1,AOG,baseline,15.065952301291908,25.3087347173604
2026-01-15,WS-a2f10ef43bc1,AOG,baseline,15.279924216012866,27.583044945949496
2026-01-16,WS-a2f10ef43bc1,AOG,baseline,15.240153792585247,27.1603246047556
2026-01-17,WS-a2f10ef43bc1,AOG,baseline,15.166654231400926,26.37909682532341
2026-01-18,WS-a2f10ef43bc1,AOG,baseline,15.09785966350697,25.64787847997824
2026-01-19,WS-a2f10ef43bc1,AOG,baseline,15.005764771599178,24.669000691555187
2026-01-20,WS-a2f10ef43bc1,AOG,baseline,14.89911370168727,23.535405100250863
2026-01-21,WS-a2f10ef43bc1,AOG,baseline,14.782277901278189,22.293555877738207
2026-01-22,WS-a2f10ef43bc1,AOG,baseline,14.68079312576915,21.21487289596804
2026-01-23,WS-a2f10ef43bc1,AOG,baseline,14.581304836809231,20.157410595359806
2026-01-24,WS-a2f10ef43bc1,AOG,baseline,14.477546732820475,19.054564375993237
2026-01-25,WS-a2f10ef43bc1,AOG,baseline,14.379465411182874,18.012056749116873
2026-01-26,WS-a2f10ef43bc1,AOG,baseline,14.285925623923262,17.01782114944945
2026-01-27,WS-a2f10ef43bc1,AOG,baseline,14.19209508621973,16.02049515958086
2026-01-28,WS-a2f10ef43bc1,AOG,baseline,14.094228226115458,14.98026704709555
2026-01-29,WS-a2f10ef43bc1,AOG,baseline,14.018490620981176,14.175251069786707
2026-01-30,WS-a2f10ef43bc1,AOG,baseline,13.933194082475925,13.26863306695804
2026-01-31,WS-a2f10ef43bc1,AOG,baseline,13.849707987958716,12.381258296521192
2026-02-01,WS-a2f10ef43bc1,AOG,baseline,13.79618030515186,11.812311868766574
2026-02-02,WS-a2f10ef43bc1,AOG,baseline,13.908748289350417,13.008798417986375
2026-02-03,WS-a2f10ef43bc1,AOG,baseline,13.859654689718546,12.48698191722445
2026-02-04,WS-a2f10ef43bc1,AOG,baseline,13.800524613257931,11.858487575399236
2026-02-05,WS-a2f10ef43bc1,AOG,baseline,13.735140904275518,11.163523293214263
2026-02-06,WS-a2f10ef43bc1,AOG,baseline,13.676655649811394,10.541882772668117
2026-02-07,WS-a2f10ef43bc1,AOG,baseline,13.630597459706369,10.052329678736264
2026-02-08,WS-a2f10ef43bc1,AOG,baseline,16.174137316541426,37.087647471578435
2026-02-09,WS-a2f10ef43bc1,AOG,baseline,16.75529726256179,43.264803998892226
2026-02-10,WS-a2f10ef43bc1,AOG,baseline,17.496030479081192,51.138066866978214
2026-02-11,WS-a2f10ef43bc1,AOG,baseline,17.308490067529366,49.14469742490746
2026-02-12,WS-a2f10ef43bc1,AOG,baseline,17.27624909248198,48.802007687211834
2026-02-13,WS-a2f10ef43bc1,AOG,baseline,17.060795516103394,46.511948857841894
2026-02-14,WS-a2f10ef43bc1,AOG,baseline,16.904430632437467,44.84994450190887
2026-02-15,WS-a2f10ef43bc1,AOG,baseline,16.73517247744569,43.05089739952666
2026-02-16,WS-a2f10ef43bc1,AOG,baseline,16.566790594888392,41.2611642081003
2026-02-17,WS-a2f10ef43bc1,AOG,baseline,16.388406907457096,39.365121704262755
2026-02-18,WS-a2f10ef43bc1,AOG,baseline,16.216418060866683,37.537050045821395
2026-02-19,WS-a2f10ef43bc1,AOG,baseline,16.047260407906297,35.739071180821064
2026-02-20,WS-a2f10ef43bc1,AOG,baseline,15.899295382155888,34.16634902251135
2026-02-21,WS-a2f10ef43bc1,AOG,baseline,15.740634715880798,32.47994276375178
2026-02-22,WS-a2f10ef43bc1,AOG,baseline,15.670106425479567,31.73029665961889
2026-02-23,WS-a2f10ef43bc1,AOG,baseline,16.182659684418965,37.17823182916087
2026-02-24,WS-a2f10ef43bc1,AOG,baseline,16.01682117957874,35.41553223214176
2026-02-25,WS-a2f10ef43bc1,AOG,baseline,15.881545872152074,33.977689252808595
2026-02-26,WS-a2f10ef43bc1,AOG,baseline,16.300742906318064,38.43333991070561
2026-02-27,WS-a2f10ef43bc1,AOG,baseline,16.20206240985669,37.38446364693504
2026-02-28,WS-a2f10ef43bc1,AOG,baseline,16.201145768371084,37.374720652816485
2026-03-01,WS-a2f10ef43bc1,AOG,baseline,16.116566436668222,36.47572585029811
2026-03-02,WS-a2f10ef43bc1,AOG,baseline,16.50498943858669,40.60427892435221
2026-03-03,WS-a2f10ef43bc1,AOG,baseline,19.78171969099226,75.43268684457814
2026-03-04,WS-a2f10ef43bc1,AOG,baseline,21.414553453779465,92.78809787193401
2026-03-05,WS-a2f10ef43bc1,AOG,baseline,21.11650310756979,89.62011691563335
2026-03-06,WS-a2f10ef43bc1,AOG,baseline,20.798803623787524,86.24328502381353
2026-03-07,WS-a2f10ef43bc1,AOG,baseline,20.54440602545466,83.53928968511933
2026-03-08,WS-a2f10ef43bc1,AOG,baseline,21.169161786441858,90.1798266894086
2026-03-09,WS-a2f10ef43bc1,AOG,baseline,20.886637183655882,87.17686905928147
2026-03-10,WS-a2f10ef43bc1,AOG,baseline,20.545668557812224,83.5527091577566
2026-03-11,WS-a2f10ef43bc1,AOG,baseline,20.253303141055095,80.44515338959147
2026-03-12,WS-a2f10ef43bc1,AOG,baseline,19.93866379115623,77.10084770010496
2026-03-13,WS-a2f10ef43bc1,AOG,baseline,20.011022430245518,77.86994860394167
2026-03-14,WS-a2f10ef43bc1,AOG,baseline,19.75636791366556,75.16322247790075
2026-03-15,WS-a2f10ef43bc1,AOG,baseline,19.496800028225046,72.40427209116208
2026-03-16,WS-a2f10ef43bc1,AOG,baseline,19.279909346565628,70.09893825131232
2026-03-17,WS-a2f10ef43bc1,AOG,baseline,19.127693614236076,68.48103527820135
2026-03-18,WS-a2f10ef43bc1,AOG,baseline,19.01682286170595,67.30258862617472
2026-03-19,WS-a2f10ef43bc1,AOG,baseline,19.508558968712887,72.5292580205713
2026-03-20,WS-a2f10ef43bc1,AOG,baseline,20.87255742506216,87.02721512442963
2026-03-21,WS-a2f10ef43bc1,AOG,baseline,20.659676279487595,84.76449869510112
2026-03-22,WS-a2f10ef43bc1,AOG,baseline,20.535993538263984,83.44987325076823
2026-03-23,WS-a2f10ef43bc1,AOG,baseline,20.28983585386785,80.83346006309348
2026-03-24,WS-a2f10ef43bc1,AOG,baseline,20.029190770004075,78.06306012048462
2026-03-25,WS-a2f10ef43bc1,AOG,baseline,19.77033070117897,75.31163312563822
2026-03-26,WS-a2f10ef43bc1,AOG,baseline,19.61369202283746,73.6467186025834
2026-03-27,WS-a2f10ef43bc1,AOG,baseline,21.122413461107275,89.68293813926171
2026-03-28,WS-a2f10ef43bc1,AOG,baseline,21.004426949674762,88.42885799450794
2026-03-29,WS-a2f10ef43bc1,AOG,baseline,20.763825494265728,85.87150203606919
2026-03-30,WS-a2f10ef43bc1,AOG,baseline,20.52625068578564,83.34631634669496
2026-03-31,WS-a2f10ef43bc1,AOG,baseline,20.291846219347658,80.85482826358786
2026-04-01,WS-a2f10ef43bc1,AOG,baseline,20.045939620175563,78.24108386398291
2026-04-02,WS-a2f10ef43bc1,AOG,baseline,19.800817934409313,75.6356823190456
2026-04-03,WS-a2f10ef43bc1,AOG,baseline,19.598487655474642,73.4851111866869
2026-04-04,WS-a2f10ef43bc1,AOG,baseline,19.455741208905817,71.96785737349553
2026-04-05,WS-a2f10ef43bc1,AOG,baseline,19.31264709468942,70.44690819641474
2026-04-06,WS-a2f10ef43bc1,AOG,baseline,19.448809061122088,71.89417548570582
2026-04-07,WS-a2f10ef43bc1,AOG,baseline,19.562742519120135,73.10517567347064
2026-04-08,WS-a2f10ef43bc1,AOG,baseline,19.399783522662037,71.37308240801295
2026-04-09,WS-a2f10ef43bc1,AOG,baseline,19.176178615697822,68.9963829811997
2026-04-10,WS-a2f10ef43bc1,AOG,baseline,19.756440036809824,75.16398907572706
2026-04-11,WS-a2f10ef43bc1,AOG,baseline,19.574849901155165,73.23386519255828
2026-04-12,WS-a2f10ef43bc1,AOG,baseline,19.446003222735083,71.86435219346833
2026-04-13,WS-a2f10ef43bc1,AOG,baseline,19.270212631262684,69.99587173986866
2026-04-14,WS-a2f10ef43bc1,AOG,baseline,19.11822070181673,68.38034757048072
2026-04-15,WS-a2f10ef43bc1,AOG,baseline,18.972867504864013,66.83538657399293
2026-04-16,WS-a2f10ef43bc1,AOG,baseline,18.830798365801982,65.32533187098674
2026-04-17,WS-a2f10ef43bc1,AOG,baseline,18.68595739359731,63.785815317922
2026-04-18,WS-a2f10ef43bc1,AOG,baseline,18.547450237382666,62.31362097633022
2026-04-19,WS-a2f10ef43bc1,AOG,baseline,18.41499282316327,60.90572942007388
2026-04-20,WS-a2f10ef43bc1,AOG,baseline,18.279951104899055,59.470369262947294
2026-04-21,WS-a2f10ef43bc1,AOG,baseline,18.139923553469686,57.98201462109903
2026-04-22,WS-a2f10ef43bc1,AOG,baseline,18.02198293201212,56.72842224147807
2026-04-23,WS-a2f10ef43bc1,AOG,baseline,17.91438396905369,55.58475148281303
2026-04-24,WS-a2f10ef43bc1,AOG,baseline,17.806409365362537,54.437088033977275
2026-04-25,WS-a2f10ef43bc1,AOG,baseline,17.688202422038042,53.180664915813615
2026-04-26,WS-a2f10ef43bc1,AOG,baseline,17.570288911485815,51.927360698353574
2026-04-27,WS-a2f10ef43bc1,AOG,baseline,17.445644517767793,50.60251383731168
2026-04-28,WS-a2f10ef43bc1,AOG,baseline,17.33344734876341,49.409968687551356
2026-04-29,WS-a2f10ef43bc1,AOG,baseline,17.212583424507415,48.12530448495589
2026-04-30,WS-a2f10ef43bc1,AOG,baseline,17.112488873686424,47.06139821924298
2026-05-01,WS-a2f10ef43bc1,AOG,baseline,17.02322572403969,46.112619055667274
2026-05-02,WS-a2f10ef43bc1,AOG,baseline,16.956874298791362,45.40736890486814
2026-05-03,WS-a2f10ef43bc1,AOG,baseline,17.40099840229502,50.127969702774614
2026-05-04,WS-a2f10ef43bc1,AOG,baseline,18.6802151139305,63.72478055362278
2026-05-05,WS-a2f10ef43bc1,AOG,baseline,18.928087395512158,66.35941821679486
2026-05-06,WS-a2f10ef43bc1,AOG,baseline,18.81437371730677,65.15075407126774
2026-05-07,WS-a2f10ef43bc1,AOG,baseline,18.711968060397204,64.06228302926893
2026-05-08,WS-a2f10ef43bc1,AOG,baseline,18.634928388283193,63.243427365316286
2026-05-09,WS-a2f10ef43bc1,AOG,baseline,18.544491452142054,62.28217201002219
2026-05-10,WS-a2f10ef43bc1,AOG,baseline,18.43776455404384,61.14777043995215
2026-05-11,WS-a2f10ef43bc1,AOG,baseline,18.341380313140906,60.123301105992084
2026-05-12,WS-a2f10ef43bc1,AOG,baseline,18.260374278341594,59.26228692213629
2026-05-13,WS-a2f10ef43bc1,AOG,baseline,18.169675289402544,58.29824620428893
2026-05-14,WS-a2f10ef43bc1,AOG,baseline,18.444250832490294,61.216713176831796
2026-05-15,WS-a2f10ef43bc1,AOG,baseline,18.381142625108286,60.545935230370915
2026-05-16,WS-a2f10ef43bc1,AOG,baseline,18.28016297390239,59.47262122130376
2026-05-17,WS-a2f10ef43bc1,AOG,baseline,18.21476202860649,58.777473734121465
2026-05-18,WS-a2f10ef43bc1,AOG,baseline,18.877189616838255,65.81842507383271
2026-05-19,WS-a2f10ef43bc1,AOG,baseline,20.19612782858726,79.83743625934119
2026-05-20,WS-a2f10ef43bc1,AOG,baseline,20.77879176979638,86.03057877082495
2026-05-21,WS-a2f10ef43bc1,AOG,baseline,20.6510635993163,84.67295440698888
2026-05-22,WS-a2f10ef43bc1,AOG,baseline,20.53310438120995,83.41916436334924
2026-05-23,WS-a2f10ef43bc1,AOG,baseline,20.416891837638023,82.1839397457602
2026-05-24,WS-a2f10ef43bc1,AOG,baseline,20.31920355807274,81.14560976811649
2026-05-25,WS-a2f10ef43bc1,AOG,baseline,20.187582541217505,79.74660829018171
2026-05-26,WS-a2f10ef43bc1,AOG,baseline,21.761295514369255,96.47362368549621
2026-05-27,WS-a2f10ef43bc1,AOG,baseline,22.74974273521811,106.97984188580855
2026-05-28,WS-a2f10ef43bc1,AOG,baseline,22.625197195626885,105.65604574654952
2026-05-29,WS-a2f10ef43bc1,AOG,baseline,22.478006104542867,104.09154974974486
2026-05-30,WS-a2f10ef43bc1,AOG,baseline,22.366354530761765,102.90480373861722
2026-05-31,WS-a2f10ef43bc1,AOG,baseline,22.38114995715635,103.06206451571235
2026-06-01,WS-a2f10ef43bc1,AOG,baseline,22.24229116146363,101.58613259359363
2026-06-02,WS-a2f10ef43bc1,AOG,baseline,23.279561707554453,112.61129454470785
2026-06-03,WS-a2f10ef43bc1,AOG,baseline,24.744044348995338,128.17729934194375
2026-06-04,WS-a2f10ef43bc1,AOG,baseline,25.053767769548706,131.4693535553051
2026-06-05,WS-a2f10ef43bc1,AOG,baseline,24.950822756266195,130.3751496874938
2026-06-06,WS-a2f10ef43bc1,AOG,baseline,24.805009563242653,128.82529938686372
2026-06-07,WS-a2f10ef43bc1,AOG,baseline,24.679522482472294,127.49149559432394
2026-06-08,WS-a2f10ef43bc1,AOG,baseline,24.496075031146397,125.54163027904093
2026-06-09,WS-a2f10ef43bc1,AOG,baseline,24.378658830164504,124.29361197138854
2026-06-10,WS-a2f10ef43bc1,AOG,baseline,24.38350076039988,124.34507691002212
2026-06-11,WS-a2f10ef43bc1,AOG,baseline,24.654353892497884,127.22397832836585
2026-06-12,WS-a2f10ef43bc1,AOG,baseline,24.59422272118874,126.58484333654332
2026-06-13,WS-a2f10ef43bc1,AOG,baseline,24.477046094414998,125.33937146622509
2026-06-14,WS-a2f10ef43bc1,AOG,baseline,24.536798052163928,125.97447579224767
2026-06-15,WS-a2f10ef43bc1,AOG,baseline,24.372836234668004,124.23172352910441
2026-06-16,WS-a2f10ef43bc1,AOG,baseline,24.20691094563512,122.46810150178737
2026-06-17,WS-a2f10ef43bc1,AOG,baseline,24.44407077068862,124.98887632699271
2026-06-18,WS-a2f10ef43bc1,AOG,baseline,24.298559179246354,123.44223175344202
2026-06-19,WS-a2f10ef43bc1,AOG,baseline,25.064768797948798,131.5862836274034
2026-06-20,WS-a2f10ef43bc1,AOG,baseline,26.11288974305595,142.726774608962
2026-06-21,WS-a2f10ef43bc1,AOG,baseline,26.23215344399542,143.9944300173821
2026-06-22,WS-a2f10ef43bc1,AOG,baseline,26.311244194343896,144.8350866182211
2026-06-23,WS-a2f10ef43bc1,AOG,baseline,26.14925882755993,143.11334207506937
2026-06-24,WS-a2f10ef43bc1,AOG,baseline,25.962989954226867,141.13348782905018
2026-06-25,WS-a2f10ef43bc1,AOG,baseline,25.77929795607835,139.18102322244997
2026-06-26,WS-a2f10ef43bc1,AOG,baseline,25.59814718418603,137.25556934235175
2026-06-27,WS-a2f10ef43bc1,AOG,baseline,25.444638844030376,135.62392722406238
2026-06-28,WS-a2f10ef43bc1,AOG,baseline,25.33951383105477,134.50655211152588
2026-06-29,WS-a2f10ef43bc1,AOG,baseline,25.23535324460971,133.39942790096404
2026-06-30,WS-a2f10ef43bc1,AOG,baseline,25.67822496181689,138.10671706884688
2026-07-01,WS-a2f10ef43bc1,AOG,baseline,26.929939559815388,151.4112076007692
2026-07-02,WS-a2f10ef43bc1,AOG,baseline,29.197104134833882,175.50892897501444
2026-07-03,WS-a2f10ef43bc1,AOG,baseline,29.256708269564374,176.14246208827623
2026-07-04,WS-a2f10ef43bc1,AOG,baseline,29.07853017133984,174.2486047947568
2026-07-05,WS-a2f10ef43bc1,AOG,baseline,28.853032965272252,171.8517920964801
2026-07-06,WS-a2f10ef43bc1,AOG,baseline,28.613623543835995,169.30710628244157
2026-07-07,WS-a2f10ef43bc1,AOG,baseline,28.362256097008274,166.63531846299736
2026-07-08,WS-a2f10ef43bc1,AOG,baseline,28.160630661618658,164.49223912172803
2026-07-09,WS-a2f10ef43bc1,AOG,baseline,27.969129400083315,162.45676975433216
2026-07-10,WS-a2f10ef43bc1,AOG,baseline,27.757684128603355,160.20931524918922
2026-07-11,WS-a2f10ef43bc1,AOG,baseline,27.556499028357653,158.07091623581772
2026-07-12,WS-a2f10ef43bc1,AOG,baseline,28.188494750019803,164.78840687506928
2026-07-13,WS-a2f10ef43bc1,AOG,baseline,28.300067396502296,165.97431396692664
2026-07-14,WS-a2f10ef43bc1,AOG,baseline,28.28338475287273,165.79699393361244
2026-07-15,WS-a2f10ef43bc1,AOG,baseline,28.213163830126707,165.05061484423277
2026-07-16,WS-a2f10ef43bc1,AOG,baseline,27.968115925394766,162.44599751885633
2026-07-17,WS-a2f10ef43bc1,AOG,baseline,27.72875281197135,159.90180391328082
2026-07-18,WS-a2f10ef43bc1,AOG,baseline,27.462065571532836,157.0671818108685
2026-07-19,WS-a2f10ef43bc1,AOG,baseline,27.192914824750847,154.20637506790433
2026-07-20,WS-a2f10ef43bc1,AOG,baseline,26.937903215279906,151.49585339694076
2026-07-21,WS-a2f10ef43bc1,AOG,baseline,26.692171642981197,148.88396936022008
2026-07-22,WS-a2f10ef43bc1,AOG,baseline,26.471126088111088,146.53447331967263
2026-07-23,WS-a2f10ef43bc1,AOG,baseline,26.36137444302911,145.36792167507974
2026-07-24,WS-a2f10ef43bc1,AOG,baseline,26.152204610864842,143.14465284363595
2026-07-25,WS-a2f10ef43bc1,AOG,baseline,25.93968012383995,140.88572734261072
2026-07-26,WS-a2f10ef43bc1,AOG,baseline,25.730509425963273,138.66244930949864
2026-07-27,WS-a2f10ef43bc1,AOG,baseline,25.511942586611998,136.3392995680232
2026-07-28,WS-a2f10ef43bc1,AOG,baseline,25.30952189449101,134.1877674327464
2026-07-29,WS-a2f10ef43bc1,AOG,baseline,25.314009894243167,134.23547043973
2026-07-30,WS-a2f10ef43bc1,AOG,baseline,25.12700435928687,132.24778620786003
2026-07-31,WS-a2f10ef43bc1,AOG,baseline,24.918548639756498,130.03210768876983
2026-08-01,WS-a2f10ef43bc1,AOG,baseline,24.695725268976144,127.66371522008842
2026-08-02,WS-a2f10ef43bc1,AOG,baseline,24.500340134584047,125.5869641182361
2026-08-03,WS-a2f10ef43bc1,AOG,baseline,24.336882682103113,123.84957275731236
2026-08-04,WS-a2f10ef43bc1,AOG,baseline,24.181356839727403,122.19648658202482
2026-08-05,WS-a2f10ef43bc1,AOG,baseline,24.132014056083083,121.67202150119546
2026-08-06,WS-a2f10ef43bc1,AOG,baseline,24.02194217320325,120.50206604493792
2026-08-07,WS-a2f10ef43bc1,AOG,baseline,23.854068858867976,118.71773843167254
2026-08-08,WS-a2f10ef43bc1,AOG,baseline,23.67237524891616,116.78651471887089
2026-08-09,WS-a2f10ef43bc1,AOG,baseline,23.628350292316345,116.31857288996906
2026-08-10,WS-a2f10ef43bc1,AOG,baseline,25.627628602305567,137.56892771403344
2026-08-11,WS-a2f10ef43bc1,AOG,baseline,26.053044831493075,142.09068227565766
2026-08-12,WS-a2f10ef43bc1,AOG,baseline,25.93468258790364,140.83260846898418
2026-08-13,WS-a2f10ef43bc1,AOG,baseline,25.836177370121757,139.78559524454818
2026-08-14,WS-a2f10ef43bc1,AOG,baseline,25.622240095416487,137.51165320513056
2026-08-15,WS-a2f10ef43bc1,AOG,baseline,25.39289557006452,135.07394730078744
2026-08-16,WS-a2f10ef43bc1,AOG,baseline,25.186169318202456,132.87665131574695
2026-08-17,WS-a2f10ef43bc1,AOG,baseline,25.066210861239238,131.60161133663098
2026-08-18,WS-a2f10ef43bc1,AOG,baseline,24.840697984770753,129.20463207746195
2026-08-19,WS-a2f10ef43bc1,AOG,baseline,24.607461603846428,126.72555959027565
2026-08-20,WS-a2f10ef43bc1,AOG,baseline,24.409790849463814,124.62451460420081
2026-08-21,WS-a2f10ef43bc1,AOG,baseline,24.486841056175958,125.44348224053228
2026-08-22,WS-a2f10ef43bc1,AOG,baseline,24.243164329749508,122.85343918696836
2026-08-23,WS-a2f10ef43bc1,AOG,baseline,24.032642344693937,120.61579830508366
2026-08-24,WS-a2f10ef43bc1,AOG,baseline,23.792821243318123,118.06673673968237
2026-08-25,WS-a2f10ef43bc1,AOG,baseline,24.38099741756697,124.31846884691268
2026-08-26,WS-a2f10ef43bc1,AOG,baseline,26.11951500040202,142.79719455434997
2026-08-27,WS-a2f10ef43bc1,AOG,baseline,26.9470414944852,151.59298428393316
2026-08-28,WS-a2f10ef43bc1,AOG,baseline,26.67567292566731,148.70860428207646
2026-08-29,WS-a2f10ef43bc1,AOG,baseline,26.379994732892087,145.56583697508484
2026-08-30,WS-a2f10ef43bc1,AOG,baseline,26.07057162342897,142.27697477215722
2026-08-31,WS-a2f10ef43bc1,AOG,baseline,25.748597539536334,138.854708100886
2026-09-01,WS-a2f10ef43bc1,AOG,baseline,25.462635637005523,135.8152153676421
2026-09-02,WS-a2f10ef43bc1,AOG,baseline,25.179539297529423,132.80618074089557
2026-09-03,WS-a2f10ef43bc1,AOG,baseline,25.35990289835729,134.72326776964385
2026-09-04,WS-a2f10ef43bc1,AOG,baseline,25.141377046514254,132.40055368491971
2026-09-05,WS-a2f10ef43bc1,AOG,baseline,25.027903919451628,131.1944463605773
2026-09-06,WS-a2f10ef43bc1,AOG,baseline,25.283704594837076,133.91335502327638
2026-09-07,WS-a2f10ef43bc1,AOG,baseline,25.017443883206408,131.08326650103854
2026-09-08,WS-a2f10ef43bc1,AOG,baseline,24.69995278902816,127.70864958499514
2026-09-09,WS-a2f10ef43bc1,AOG,baseline,24.492804893194734,125.50687194076993
2026-09-10,WS-a2f10ef43bc1,AOG,baseline,24.191543135421654,122.304756849733
2026-09-11,WS-a2f10ef43bc1,AOG,baseline,23.925965530458118,119.48192907702997
2026-09-12,WS-a2f10ef43bc1,AOG,baseline,23.650106497267874,116.54981987170994
2026-09-13,WS-a2f10ef43bc1,AOG,baseline,23.381017097082687,113.68966518251075
2026-09-14,WS-a2f10ef43bc1,AOG,baseline,23.13935181046317,111.12100174847814
2026-09-15,WS-a2f10ef43bc1,AOG,baseline,22.92761864977526,108.87048726524789
2026-09-16,WS-a2f10ef43bc1,AOG,baseline,22.636383145833957,105.77494135490825
2026-09-17,WS-a2f10ef43bc1,AOG,baseline,22.37279956691263,102.9733081106076
2026-09-18,WS-a2f10ef43bc1,AOG,baseline,22.092624877771737,99.99532774278279
2026-09-19,WS-a2f10ef43bc1,AOG,baseline,21.802240129771267,96.90882452826044
2026-09-20,WS-a2f10ef43bc1,AOG,baseline,21.50750795382969,93.77611244633881
2026-09-21,WS-a2f10ef43bc1,AOG,baseline,21.19654280738855,90.47085991257477
2026-09-22,WS-a2f10ef43bc1,AOG,baseline,20.995948536672724,88.33874083386145
2026-09-23,WS-a2f10ef43bc1,AOG,baseline,20.767725743000785,85.91295782994636
2026-09-24,WS-a2f10ef43bc1,AOG,baseline,20.518235960102157,83.26112772451035
2026-09-25,WS-a2f10ef43bc1,AOG,baseline,20.29550712788438,80.89374010742429
2026-09-26,WS-a2f10ef43bc1,AOG,baseline,20.027260416835542,78.04254237187396
2026-09-27,WS-a2f10ef43bc1,AOG,baseline,19.879234148978,76.46916927042133
2026-09-28,WS-a2f10ef43bc1,AOG,baseline,19.678175293276805,74.3321121119341
2025-03-01,WS-a84d3fd5d4ca,AOR,baseline,15.594828788173649,49.35120734221171
2025-03-02,WS-a84d3fd5d4ca,AOR,baseline,15.375189661050127,47.016660240238785
2025-03-03,WS-a84d3fd5d4ca,AOR,baseline,15.196359943198951,45.115876873342124
2025-03-04,WS-a84d3fd5d4ca,AOR,baseline,15.024759929700691,43.29193812682917
2025-03-05,WS-a84d3fd5d4ca,AOR,baseline,14.854095289385254,41.477941473885
2025-03-06,WS-a84d3fd5d4ca,AOR,baseline,14.707833416006773,39.923322144001965
2025-03-07,WS-a84d3fd5d4ca,AOR,baseline,14.587348604443653,38.642687535086175
2025-03-08,WS-a84d3fd5d4ca,AOR,baseline,14.456442036148372,37.251279940067406
2025-03-09,WS-a84d3fd5d4ca,AOR,baseline,14.325084456765824,35.85507854241187
2025-03-10,WS-a84d3fd5d4ca,AOR,baseline,14.210249227862684,34.634493420119625
2025-03-11,WS-a84d3fd5d4ca,AOR,baseline,14.702938177363817,39.871290589619804
2025-03-12,WS-a84d3fd5d4ca,AOR,baseline,14.578925187655406,38.55315492990219
2025-03-13,WS-a84d3fd5d4ca,AOR,baseline,14.428723372936384,36.95665791292867
2025-03-14,WS-a84d3fd5d4ca,AOR,baseline,14.279617739433176,35.37181222017111
2025-03-15,WS-a84d3fd5d4ca,AOR,baseline,14.130367679619413,33.785431418304455
2025-03-16,WS-a84d3fd5d4ca,AOR,baseline,14.01279292396899,32.535727831044696
2025-03-17,WS-a84d3fd5d4ca,AOR,baseline,13.905610958370252,31.396489342669284
2025-03-18,WS-a84d3fd5d4ca,AOR,baseline,13.797800773779587,30.250573506563477
2025-03-19,WS-a84d3fd5d4ca,AOR,baseline,13.688333497649042,29.087044423206155
2025-03-20,WS-a84d3fd5d4ca,AOR,baseline,13.643348994986722,28.608903566887086
2025-03-21,WS-a84d3fd5d4ca,AOR,baseline,13.868995623231251,31.007304475400854
2025-03-22,WS-a84d3fd5d4ca,AOR,baseline,14.243183283329193,34.98454991848805
2025-03-23,WS-a84d3fd5d4ca,AOR,baseline,14.139219986963047,33.87952270670785
2025-03-24,WS-a84d3fd5d4ca,AOR,baseline,14.016620689250503,32.576413197363635
2025-03-25,WS-a84d3fd5d4ca,AOR,baseline,13.912286240172739,31.4674409986467
2025-03-26,WS-a84d3fd5d4ca,AOR,baseline,13.804232419707871,30.31893555370613
2025-03-27,WS-a84d3fd5d4ca,AOR,baseline,13.715535042782525,29.376169995649576
2025-03-28,WS-a84d3fd5d4ca,AOR,baseline,13.65642002947268,28.747835760247266
2025-03-29,WS-a84d3fd5d4ca,AOR,baseline,14.77057429988715,40.59019580424821
2025-03-30,WS-a84d3fd5d4ca,AOR,baseline,15.643445052182821,49.86795023651183
2025-03-31,WS-a84d3fd5d4ca,AOR,baseline,15.710928335825242,50.585230924712846
2025-04-01,WS-a84d3fd5d4ca,AOR,baseline,15.551253690556775,48.888047070214974
2025-04-02,WS-a84d3fd5d4ca,AOR,baseline,15.412751388533023,47.41590432388048
2025-04-03,WS-a84d3fd5d4ca,AOR,baseline,15.28280227551121,46.03467353325543
2025-04-04,WS-a84d3fd5d4ca,AOR,baseline,15.158766030543402,44.716290693087124
2025-04-05,WS-a84d3fd5d4ca,AOR,baseline,15.01968347726975,43.23798044876807
2025-04-06,WS-a84d3fd5d4ca,AOR,baseline,14.911175426194783,42.08464698084122
2025-04-07,WS-a84d3fd5d4ca,AOR,baseline,14.795837279111462,40.85871633475529
2025-04-08,WS-a84d3fd5d4ca,AOR,baseline,14.687635415394114,39.708637336183486
2025-04-09,WS-a84d3fd5d4ca,AOR,baseline,14.565963416872828,38.41538410184799
2025-04-10,WS-a84d3fd5d4ca,AOR,baseline,14.467782612912506,37.371819076086275
2025-04-11,WS-a84d3fd5d4ca,AOR,baseline,14.35499799636902,36.17302993889104
2025-04-12,WS-a84d3fd5d4ca,AOR,baseline,14.250846287200732,35.066000085018025
2025-04-13,WS-a84d3fd5d4ca,AOR,baseline,14.154743604498636,34.04452343678938
2025-04-14,WS-a84d3fd5d4ca,AOR,baseline,14.066160380326702,33.10297120981435
2025-04-15,WS-a84d3fd5d4ca,AOR,baseline,13.989205934214121,32.28502141412505
2025-04-16,WS-a84d3fd5d4ca,AOR,baseline,13.908184926382562,31.423848081717328
2025-04-17,WS-a84d3fd5d4ca,AOR,baseline,13.824968437157706,30.53933894939413
2025-04-18,WS-a84d3fd5d4ca,AOR,baseline,13.744094300928188,29.67972671713004
2025-04-19,WS-a84d3fd5d4ca,AOR,baseline,13.662753362341926,28.815152836623234
2025-04-20,WS-a84d3fd5d4ca,AOR,baseline,13.590440177422613,28.046535065742777
2025-04-21,WS-a84d3fd5d4ca,AOR,baseline,13.916301948216612,31.510124010999586
2025-04-22,WS-a84d3fd5d4ca,AOR,baseline,14.015920409749947,32.568969917561844
2025-04-23,WS-a84d3fd5d4ca,AOR,baseline,13.96146114477036,31.990121690933393
2025-04-24,WS-a84d3fd5d4ca,AOR,baseline,13.931281051404019,31.66933709108368
2025-04-25,WS-a84d3fd5d4ca,AOR,baseline,13.870831405291385,31.0268170264862
2025-04-26,WS-a84d3fd5d4ca,AOR,baseline,13.830894930082296,30.602331718775254
2025-04-27,WS-a84d3fd5d4ca,AOR,baseline,13.89378162477629,31.270755204031403
2025-04-28,WS-a84d3fd5d4ca,AOR,baseline,13.842346776342376,30.724053539695046
2025-04-29,WS-a84d3fd5d4ca,AOR,baseline,13.795060456189118,30.221446635713544
2025-04-30,WS-a84d3fd5d4ca,AOR,baseline,14.720249696120488,40.055294944733674
2025-05-01,WS-a84d3fd5d4ca,AOR,baseline,14.645644247158922,39.26231266991947
2025-05-02,WS-a84d3fd5d4ca,AOR,baseline,14.558000103871906,38.330741945726366
2025-05-03,WS-a84d3fd5d4ca,AOR,baseline,14.477749702455332,37.47775939879674
2025-05-04,WS-a84d3fd5d4ca,AOR,baseline,14.401017119268518,36.662167786993756
2025-05-05,WS-a84d3fd5d4ca,AOR,baseline,14.33273157820767,35.93635989439271
2025-05-06,WS-a84d3fd5d4ca,AOR,baseline,14.257494127519683,35.13666006511465
2025-05-07,WS-a84d3fd5d4ca,AOR,baseline,14.182307155444397,34.337496773659
2025-05-08,WS-a84d3fd5d4ca,AOR,baseline,14.113590862601017,33.60711041483132
2025-05-09,WS-a84d3fd5d4ca,AOR,baseline,14.046336220944754,32.89225996523657
2025-05-10,WS-a84d3fd5d4ca,AOR,baseline,13.988112514904719,32.27339944624785
2025-05-11,WS-a84d3fd5d4ca,AOR,baseline,13.935458700226041,31.713741374046574
2025-05-12,WS-a84d3fd5d4ca,AOR,baseline,13.95016554973976,31.87006066633774
2025-05-13,WS-a84d3fd5d4ca,AOR,baseline,13.902588285267369,31.36436131145297
2025-05-14,WS-a84d3fd5d4ca,AOR,baseline,14.235381932412428,34.901629259438245
2025-05-15,WS-a84d3fd5d4ca,AOR,baseline,14.17037550257629,34.21067508214263
2025-05-16,WS-a84d3fd5d4ca,AOR,baseline,14.123806099050986,33.7156882942036
2025-05-17,WS-a84d3fd5d4ca,AOR,baseline,14.07503171550801,33.19726474534867
2025-05-18,WS-a84d3fd5d4ca,AOR,baseline,14.011665598939414,32.52374547883247
2025-05-19,WS-a84d3fd5d4ca,AOR,baseline,13.986338533010874,32.254543769923416
2025-05-20,WS-a84d3fd5d4ca,AOR,baseline,13.935206084953817,31.711056323074946
2025-05-21,WS-a84d3fd5d4ca,AOR,baseline,13.892262651714207,31.254610019853597
2025-05-22,WS-a84d3fd5d4ca,AOR,baseline,14.128318742178484,33.763653235940104
2025-05-23,WS-a84d3fd5d4ca,AOR,baseline,18.50772425817705,80.31241068929137
2025-05-24,WS-a84d3fd5d4ca,AOR,baseline,18.8440583189887,83.88730973959152
2025-05-25,WS-a84d3fd5d4ca,AOR,baseline,18.69944329203218,82.35019476147004
2025-05-26,WS-a84d3fd5d4ca,AOR,baseline,18.606952385706713,81.36710773071745
2025-05-27,WS-a84d3fd5d4ca,AOR,baseline,18.989475239112075,85.43294805047832
2025-05-28,WS-a84d3fd5d4ca,AOR,baseline,18.873865155106742,84.20412698335706
2025-05-29,WS-a84d3fd5d4ca,AOR,baseline,18.752052296073572,82.90937654083238
2025-05-30,WS-a84d3fd5d4ca,AOR,baseline,18.620617809830108,81.51235769916478
2025-05-31,WS-a84d3fd5d4ca,AOR,baseline,18.498931973062383,80.2189573779303
2025-06-01,WS-a84d3fd5d4ca,AOR,baseline,18.397713088726135,79.14310055684923
2025-06-02,WS-a84d3fd5d4ca,AOR,baseline,18.301509202006862,78.12054820982274
2025-06-03,WS-a84d3fd5d4ca,AOR,baseline,18.184886832761336,76.88096754988761
2025-06-04,WS-a84d3fd5d4ca,AOR,baseline,18.05945609763127,75.5477626558819
2025-06-05,WS-a84d3fd5d4ca,AOR,baseline,17.946674514884776,74.34900576495386
2025-06-06,WS-a84d3fd5d4ca,AOR,baseline,17.870041968640024,73.53447744709229
2025-06-07,WS-a84d3fd5d4ca,AOR,baseline,17.981504961153846,74.71921902550892
2025-06-08,WS-a84d3fd5d4ca,AOR,baseline,18.955971655855492,85.0768380339175
2025-06-09,WS-a84d3fd5d4ca,AOR,baseline,19.75664084017071,93.58716107317674
2025-06-10,WS-a84d3fd5d4ca,AOR,baseline,19.642879203604615,92.377987177618
2025-06-11,WS-a84d3fd5d4ca,AOR,baseline,19.513510864868387,91.00292944433046
2025-06-12,WS-a84d3fd5d4ca,AOR,baseline,19.407096127220427,89.87184583169379
2025-06-13,WS-a84d3fd5d4ca,AOR,baseline,19.306157343794446,88.798966206784
2025-06-14,WS-a84d3fd5d4ca,AOR,baseline,19.19517767594038,87.61936189238091
2025-06-15,WS-a84d3fd5d4ca,AOR,baseline,19.211323786220547,87.79097910583624
2025-06-16,WS-a84d3fd5d4ca,AOR,baseline,19.46004497482138,90.43463981261363
2025-06-17,WS-a84d3fd5d4ca,AOR,baseline,19.39565768338627,89.75026646533112
2025-06-18,WS-a84d3fd5d4ca,AOR,baseline,19.278264661904345,88.50249453288149
2025-06-19,WS-a84d3fd5d4ca,AOR,baseline,19.166593754547748,87.31554302493174
2025-06-20,WS-a84d3fd5d4ca,AOR,baseline,19.056420521946876,86.14451032118815
2025-06-21,WS-a84d3fd5d4ca,AOR,baseline,18.9318006313528,84.81992390416522
2025-06-22,WS-a84d3fd5d4ca,AOR,baseline,18.81693663242266,83.59903298488669
2025-06-23,WS-a84d3fd5d4ca,AOR,baseline,18.743943142485236,82.82318424323478
2025-06-24,WS-a84d3fd5d4ca,AOR,baseline,20.19821824547089,98.28069298318339
2025-06-25,WS-a84d3fd5d4ca,AOR,baseline,20.790383244255892,104.5748223576179
2025-06-26,WS-a84d3fd5d4ca,AOR,baseline,21.460734583194046,111.69999534531424
2025-06-27,WS-a84d3fd5d4ca,AOR,baseline,21.304307242913467,110.03732713722225
2025-06-28,WS-a84d3fd5d4ca,AOR,baseline,21.145123104330786,108.34535688458477
2025-06-29,WS-a84d3fd5d4ca,AOR,baseline,21.003407772341973,106.83906280150207
2025-06-30,WS-a84d3fd5d4ca,AOR,baseline,20.873537537000793,105.45867040275708
2025-07-01,WS-a84d3fd5d4ca,AOR,baseline,20.764839830106105,104.30332108068767
2025-07-02,WS-a84d3fd5d4ca,AOR,baseline,21.19703108019732,108.89708742647655
2025-07-03,WS-a84d3fd5d4ca,AOR,baseline,21.028611342276854,107.10695186990914
2025-07-04,WS-a84d3fd5d4ca,AOR,baseline,21.263432139342463,109.60286513660216
2025-07-05,WS-a84d3fd5d4ca,AOR,baseline,21.155528114180477,108.45595186785901
2025-07-06,WS-a84d3fd5d4ca,AOR,baseline,21.04374106791777,107.26776591798524
2025-07-07,WS-a84d3fd5d4ca,AOR,baseline,21.91407643330224,116.51857169021986
2025-07-08,WS-a84d3fd5d4ca,AOR,baseline,21.787116125743836,115.16910895123634
2025-07-09,WS-a84d3fd5d4ca,AOR,baseline,21.645752762705378,113.66655595064562
2025-07-10,WS-a84d3fd5d4ca,AOR,baseline,22.02726538897796,117.72165855324259
2025-07-11,WS-a84d3fd5d4ca,AOR,baseline,22.544432187858753,123.21863109805133
2025-07-12,WS-a84d3fd5d4ca,AOR,baseline,22.38962720501805,121.57320694801602
2025-07-13,WS-a84d3fd5d4ca,AOR,baseline,22.241846603208998,120.00244503414669
2025-07-14,WS-a84d3fd5d4ca,AOR,baseline,22.171855143612447,119.25850491152868
2025-07-15,WS-a84d3fd5d4ca,AOR,baseline,22.037910989160395,117.83481077425236
2025-07-16,WS-a84d3fd5d4ca,AOR,baseline,21.865809843028096,116.00554548253851
2025-07-17,WS-a84d3fd5d4ca,AOR,baseline,21.697991855179076,114.2218059352059
2025-07-18,WS-a84d3fd5d4ca,AOR,baseline,21.516918434930872,112.29717422672601
2025-07-19,WS-a84d3fd5d4ca,AOR,baseline,21.33889609274363,110.40497246612657
2025-07-20,WS-a84d3fd5d4ca,AOR,baseline,21.163873418104856,108.54465421041022
2025-07-21,WS-a84d3fd5d4ca,AOR,baseline,21.00183237982445,106.82231793420813
2025-07-22,WS-a84d3fd5d4ca,AOR,baseline,20.867045838127417,105.38967005209011
2025-07-23,WS-a84d3fd5d4ca,AOR,baseline,22.37551740902505,121.42323374526167
2025-07-24,WS-a84d3fd5d4ca,AOR,baseline,22.214741582585766,119.7143454219619
2025-07-25,WS-a84d3fd5d4ca,AOR,baseline,22.06368810496989,118.10879606912393
2025-07-26,WS-a84d3fd5d4ca,AOR,baseline,23.22571106065348,130.45995298339938
2025-07-27,WS-a84d3fd5d4ca,AOR,baseline,24.13617375129939,140.13727261100155
2025-07-28,WS-a84d3fd5d4ca,AOR,baseline,24.68089964930354,145.92717117420244
2025-07-29,WS-a84d3fd5d4ca,AOR,baseline,25.071926509533192,150.08340069167505
2025-07-30,WS-a84d3fd5d4ca,AOR,baseline,24.938246085483186,148.66250974822793
2025-07-31,WS-a84d3fd5d4ca,AOR,baseline,24.66135302305978,145.71940983291353
2025-08-01,WS-a84d3fd5d4ca,AOR,baseline,24.45054984078962,143.47878010222482
2025-08-02,WS-a84d3fd5d4ca,AOR,baseline,24.388641267161162,142.82075307833165
2025-08-03,WS-a84d3fd5d4ca,AOR,baseline,24.122628835617725,139.99330352832843
2025-08-04,WS-a84d3fd5d4ca,AOR,baseline,23.868352319499934,137.29059517405275
2025-08-05,WS-a84d3fd5d4ca,AOR,baseline,23.771641601981152,136.26265571595147
2025-08-06,WS-a84d3fd5d4ca,AOR,baseline,23.533367816122023,133.7300405870418
2025-08-07,WS-a84d3fd5d4ca,AOR,baseline,23.333728738696806,131.6080742700774
2025-08-08,WS-a84d3fd5d4ca,AOR,baseline,23.119011130024198,129.32583805090286
2025-08-09,WS-a84d3fd5d4ca,AOR,baseline,22.919970239333708,127.21022986842141
2025-08-10,WS-a84d3fd5d4ca,AOR,baseline,22.70066995567131,124.87928433794694
2025-08-11,WS-a84d3fd5d4ca,AOR,baseline,22.485388036071008,122.5910500506772
2025-08-12,WS-a84d3fd5d4ca,AOR,baseline,22.262720063186144,120.22430930822199
2025-08-13,WS-a84d3fd5d4ca,AOR,baseline,22.094355070116848,118.43475563538037
2025-08-14,WS-a84d3fd5d4ca,AOR,baseline,21.919987268465682,116.58139803305674
2025-08-15,WS-a84d3fd5d4ca,AOR,baseline,21.73517323662366,114.61700731592332
2025-08-16,WS-a84d3fd5d4ca,AOR,baseline,21.565290121790433,112.81131750736297
2025-08-17,WS-a84d3fd5d4ca,AOR,baseline,21.451200503825277,111.59865749330291
2025-08-18,WS-a84d3fd5d4ca,AOR,baseline,21.238183750973363,109.33449969248248
2025-08-19,WS-a84d3fd5d4ca,AOR,baseline,21.03454152470089,107.16998385502721
2025-08-20,WS-a84d3fd5d4ca,AOR,baseline,20.940067134877083,106.16581435270629
2025-08-21,WS-a84d3fd5d4ca,AOR,baseline,20.900558677107163,105.74587844785128
2025-08-22,WS-a84d3fd5d4ca,AOR,baseline,20.739890211951867,104.0381312690174
2025-08-23,WS-a84d3fd5d4ca,AOR,baseline,20.541304804264172,101.9273644212203
2025-08-24,WS-a84d3fd5d4ca,AOR,baseline,20.309064802518556,99.45888246111627
2025-08-25,WS-a84d3fd5d4ca,AOR,baseline,20.091641938357753,97.14789204662696
2025-08-26,WS-a84d3fd5d4ca,AOR,baseline,19.897229309999986,95.08147772389881
2025-08-27,WS-a84d3fd5d4ca,AOR,baseline,21.02798679823475,107.10031358326755
2025-08-28,WS-a84d3fd5d4ca,AOR,baseline,21.694554077700346,114.18526575424946
2025-08-29,WS-a84d3fd5d4ca,AOR,baseline,22.394850573813407,121.62872620200065
2025-08-30,WS-a84d3fd5d4ca,AOR,baseline,23.489984755917213,133.26892148316335
2025-08-31,WS-a84d3fd5d4ca,AOR,baseline,23.217127766386177,130.368721038438
2025-09-01,WS-a84d3fd5d4ca,AOR,baseline,22.950208695115293,127.53163480313205
2025-09-02,WS-a84d3fd5d4ca,AOR,baseline,22.712673186154035,125.00686682884808
2025-09-03,WS-a84d3fd5d4ca,AOR,baseline,22.422069840124742,121.91804013307093
2025-09-04,WS-a84d3fd5d4ca,AOR,baseline,22.087938467907698,118.36655348812158
2025-09-05,WS-a84d3fd5d4ca,AOR,baseline,21.829182342326938,115.61623130735377
2025-09-06,WS-a84d3fd5d4ca,AOR,baseline,21.5443802158103,112.58906584825402
2025-09-07,WS-a84d3fd5d4ca,AOR,baseline,21.29825401205482,109.97298726871294
2025-09-08,WS-a84d3fd5d4ca,AOR,baseline,21.342774811515326,110.44619941774677
2025-09-09,WS-a84d3fd5d4ca,AOR,baseline,21.003238778637538,106.83726656524804
2025-09-10,WS-a84d3fd5d4ca,AOR,baseline,21.301560808301858,110.00813524847611
2025-09-11,WS-a84d3fd5d4ca,AOR,baseline,24.550772598263812,144.54404907810056
2025-09-12,WS-a84d3fd5d4ca,AOR,baseline,24.29164460548173,141.7897743160758
2025-09-13,WS-a84d3fd5d4ca,AOR,baseline,23.988236604200225,138.5648467752339
2025-09-14,WS-a84d3fd5d4ca,AOR,baseline,23.698133047329783,135.4813323448426
2025-09-15,WS-a84d3fd5d4ca,AOR,baseline,23.34561311100292,131.73439341589335
2025-09-16,WS-a84d3fd5d4ca,AOR,baseline,23.07589793956516,128.86758739601675
2025-09-17,WS-a84d3fd5d4ca,AOR,baseline,23.194429605880025,130.12746199901392
2025-09-18,WS-a84d3fd5d4ca,AOR,baseline,22.86786770020602,126.656431311129
2025-09-19,WS-a84d3fd5d4ca,AOR,baseline,22.596842692521804,123.77570302497287
2025-09-20,WS-a84d3fd5d4ca,AOR,baseline,23.362254800880407,131.911278151251
2025-09-21,WS-a84d3fd5d4ca,AOR,baseline,23.079985240586588,128.91103137104722
2025-09-22,WS-a84d3fd5d4ca,AOR,baseline,22.732646179853568,125.21916003529826
2025-09-23,WS-a84d3fd5d4ca,AOR,baseline,22.94017407562781,127.42497670377287
2025-09-24,WS-a84d3fd5d4ca,AOR,baseline,22.667504500677715,124.52676829103443
2025-09-25,WS-a84d3fd5d4ca,AOR,baseline,22.33773328854771,121.02162584362685
2025-09-26,WS-a84d3fd5d4ca,AOR,baseline,21.933351414041738,116.72344570795657
2025-09-27,WS-a84d3fd5d4ca,AOR,baseline,21.51636034008338,112.29124222942708
2025-09-28,WS-a84d3fd5d4ca,AOR,baseline,21.193044189277586,108.85471071170615
2025-09-29,WS-a84d3fd5d4ca,AOR,baseline,20.879622720553613,105.523349896863
2025-09-30,WS-a84d3fd5d4ca,AOR,baseline,20.595299642468227,102.5012762496892
2025-10-01,WS-a84d3fd5d4ca,AOR,baseline,20.285960482030177,99.2133063420268
2025-10-02,WS-a84d3fd5d4ca,AOR,baseline,20.05073438199971,96.71308510491684
2025-10-03,WS-a84d3fd5d4ca,AOR,baseline,19.913558374491927,95.2550395600199
2025-10-04,WS-a84d3fd5d4ca,AOR,baseline,19.64809813864435,92.43345930515723
2025-10-05,WS-a84d3fd5d4ca,AOR,baseline,19.364871000209,89.42303441459354
2025-10-06,WS-a84d3fd5d4ca,AOR,baseline,19.107398460888177,86.68635548866158
2025-10-07,WS-a84d3fd5d4ca,AOR,baseline,18.93050797405766,84.80618423317982
2025-10-08,WS-a84d3fd5d4ca,AOR,baseline,18.670651715701176,82.04416872701506
2025-10-09,WS-a84d3fd5d4ca,AOR,baseline,19.69340621263025,92.91503940522867
2025-10-10,WS-a84d3fd5d4ca,AOR,baseline,19.576912984430507,91.6768313871271
2025-10-11,WS-a84d3fd5d4ca,AOR,baseline,19.21550635467635,87.83543567964975
2025-10-12,WS-a84d3fd5d4ca,AOR,baseline,18.970723342890366,85.23363390479668
2025-10-13,WS-a84d3fd5d4ca,AOR,baseline,18.67410662796736,82.08089103384727
2025-10-14,WS-a84d3fd5d4ca,AOR,baseline,18.411221193222147,79.28667837295748
2025-10-15,WS-a84d3fd5d4ca,AOR,baseline,18.135300139540306,76.35390995103604
2025-10-16,WS-a84d3fd5d4ca,AOR,baseline,17.841356436447455,73.22957855714611
2025-10-17,WS-a84d3fd5d4ca,AOR,baseline,17.579745922614066,70.44891704699582
2025-10-18,WS-a84d3fd5d4ca,AOR,baseline,17.32806924017504,67.77384235826902
2025-10-19,WS-a84d3fd5d4ca,AOR,baseline,17.10474168756658,65.4000909344639
2025-10-20,WS-a84d3fd5d4ca,AOR,baseline,16.795542186193508,62.11360546479607
2025-10-21,WS-a84d3fd5d4ca,AOR,baseline,16.762625267350252,61.76373111181621
2025-10-22,WS-a84d3fd5d4ca,AOR,baseline,16.869767311895885,62.90254527880564
2025-10-23,WS-a84d3fd5d4ca,AOR,baseline,16.786621633365392,62.018788794261965
2025-10-24,WS-a84d3fd5d4ca,AOR,baseline,16.73659583882494,61.48706398184896
2025-10-25,WS-a84d3fd5d4ca,AOR,baseline,16.553875241580634,59.54492440793075
2025-10-26,WS-a84d3fd5d4ca,AOR,baseline,16.440217364943983,58.336853377994125
2025-10-27,WS-a84d3fd5d4ca,AOR,baseline,17.35431815961698,68.05284246000704
2025-10-28,WS-a84d3fd5d4ca,AOR,baseline,17.398532432192958,68.52279653084996
2025-10-29,WS-a84d3fd5d4ca,AOR,baseline,17.242404247418413,66.86330805047218
2025-10-30,WS-a84d3fd5d4ca,AOR,baseline,17.069690810836555,65.0275347157093
2025-10-31,WS-a84d3fd5d4ca,AOR,baseline,16.888469693487252,63.10133313284573
2025-11-01,WS-a84d3fd5d4ca,AOR,baseline,17.00337357893136,64.3226480063933
2025-11-02,WS-a84d3fd5d4ca,AOR,baseline,16.740884307172777,61.53264616697447
2025-11-03,WS-a84d3fd5d4ca,AOR,baseline,16.555184598825186,59.55884158289288
2025-11-04,WS-a84d3fd5d4ca,AOR,baseline,16.663329587824023,60.70831605935149
2025-11-05,WS-a84d3fd5d4ca,AOR,baseline,17.707065161988353,71.80219487685848
2025-11-06,WS-a84d3fd5d4ca,AOR,baseline,17.44391743562644,69.00519431500742
2025-11-07,WS-a84d3fd5d4ca,AOR,baseline,17.168697505151826,66.0798781406568
2025-11-08,WS-a84d3fd5d4ca,AOR,baseline,16.929575286013517,63.538245003530335
2025-11-09,WS-a84d3fd5d4ca,AOR,baseline,16.7055231171939,61.15679162471394
2025-11-10,WS-a84d3fd5d4ca,AOR,baseline,16.492694849808096,58.89463723833263
2025-11-11,WS-a84d3fd5d4ca,AOR,baseline,16.295904204840568,56.8029469465298
2025-11-12,WS-a84d3fd5d4ca,AOR,baseline,16.151019244768477,55.26296284585752
2025-11-13,WS-a84d3fd5d4ca,AOR,baseline,15.917839206977638,52.784489230560396
2025-11-14,WS-a84d3fd5d4ca,AOR,baseline,15.6731626702404,50.183819180367365
2025-11-15,WS-a84d3fd5d4ca,AOR,baseline,15.879845619442383,52.380654900877914
2025-11-16,WS-a84d3fd5d4ca,AOR,baseline,15.753623866457323,51.03904226793618
2025-11-17,WS-a84d3fd5d4ca,AOR,baseline,15.626912125161928,49.69222154295331
2025-11-18,WS-a84d3fd5d4ca,AOR,baseline,15.42622389037267,47.55910371889713
2025-11-19,WS-a84d3fd5d4ca,AOR,baseline,15.223352117655358,45.402777042170925
2025-11-20,WS-a84d3fd5d4ca,AOR,baseline,15.019187372888341,43.232707348928955
2025-11-21,WS-a84d3fd5d4ca,AOR,baseline,14.92068228461106,42.18569550099904
2025-11-22,WS-a84d3fd5d4ca,AOR,baseline,14.834310595341181,41.267649706890154
2025-11-23,WS-a84d3fd5d4ca,AOR,baseline,16.35578736376099,57.43944581148852
2025-11-24,WS-a84d3fd5d4ca,AOR,baseline,16.251747108374957,56.333600601298016
2025-11-25,WS-a84d3fd5d4ca,AOR,baseline,16.02185971636486,53.89012456027612
2025-11-26,WS-a84d3fd5d4ca,AOR,baseline,16.009059027793025,53.75406587710793
2025-11-27,WS-a84d3fd5d4ca,AOR,baseline,15.737530530861273,50.867985997275845
2025-11-28,WS-a84d3fd5d4ca,AOR,baseline,15.513491732672241,48.486674735063644
2025-11-29,WS-a84d3fd5d4ca,AOR,baseline,15.340274514419184,46.645546698449934
2025-11-30,WS-a84d3fd5d4ca,AOR,baseline,15.422620785731452,47.520806273408134
2025-12-01,WS-a84d3fd5d4ca,AOR,baseline,15.341025905892563,46.653533248067
2025-12-02,WS-a84d3fd5d4ca,AOR,baseline,15.520336335478666,48.559426106165716
2025-12-03,WS-a84d3fd5d4ca,AOR,baseline,15.313197510606768,46.35774487730701
2025-12-04,WS-a84d3fd5d4ca,AOR,baseline,15.091884324288449,44.005404178660676
2025-12-05,WS-a84d3fd5d4ca,AOR,baseline,14.830959900079025,41.232035123931695
2025-12-06,WS-a84d3fd5d4ca,AOR,baseline,14.59410176289226,38.714466942935005
2025-12-07,WS-a84d3fd5d4ca,AOR,baseline,14.431975875002871,36.99122879914975
2025-12-08,WS-a84d3fd5d4ca,AOR,baseline,14.281021257774137,35.38673023463586
2025-12-09,WS-a84d3fd5d4ca,AOR,baseline,14.090824406062092,33.36512545599815
2025-12-10,WS-a84d3fd5d4ca,AOR,baseline,13.926912569014304,31.622904435679846
2025-12-11,WS-a84d3fd5d4ca,AOR,baseline,13.822709153533468,30.515324994746916
2025-12-12,WS-a84d3fd5d4ca,AOR,baseline,13.730616787860141,29.536474057702407
2025-12-13,WS-a84d3fd5d4ca,AOR,baseline,13.661953374330805,28.806649753782597
2025-12-14,WS-a84d3fd5d4ca,AOR,baseline,14.04937535970417,32.92456301012753
2025-12-15,WS-a84d3fd5d4ca,AOR,baseline,13.905886674366469,31.399419931532766
2025-12-16,WS-a84d3fd5d4ca,AOR,baseline,13.763240380955727,29.883230647544504
2025-12-17,WS-a84d3fd5d4ca,AOR,baseline,13.604004794764757,28.190713557618075
2025-12-18,WS-a84d3fd5d4ca,AOR,baseline,13.4511823462973,26.566361790888156
2025-12-19,WS-a84d3fd5d4ca,AOR,baseline,13.31330420002246,25.100853204021924
2025-12-20,WS-a84d3fd5d4ca,AOR,baseline,13.622860486328927,28.391130945327284
2025-12-21,WS-a84d3fd5d4ca,AOR,baseline,14.668995621777674,39.510514730532456
2025-12-22,WS-a84d3fd5d4ca,AOR,baseline,16.993053056491583,64.21295104088375
2025-12-23,WS-a84d3fd5d4ca,AOR,baseline,16.677596044910693,60.85995441488168
2025-12-24,WS-a84d3fd5d4ca,AOR,baseline,16.387048899738012,57.77172507873104
2025-12-25,WS-a84d3fd5d4ca,AOR,baseline,16.108575200236025,54.81182455161578
2025-12-26,WS-a84d3fd5d4ca,AOR,baseline,15.85956730058639,52.16511638941987
2025-12-27,WS-a84d3fd5d4ca,AOR,baseline,15.617761796683387,49.59496258408091
2025-12-28,WS-a84d3fd5d4ca,AOR,baseline,15.37641010206311,47.02963232343412
2025-12-29,WS-a84d3fd5d4ca,AOR,baseline,15.154062722168232,44.666299167985294
2025-12-30,WS-a84d3fd5d4ca,AOR,baseline,14.92224676713778,42.20232440586074
2025-12-31,WS-a84d3fd5d4ca,AOR,baseline,14.73052331610141,40.16449338340596
2026-01-01,WS-a84d3fd5d4ca,AOR,baseline,15.806436997263889,51.600393713306104
2026-01-02,WS-a84d3fd5d4ca,AOR,baseline,15.579172442417365,49.184795842168455
2026-01-03,WS-a84d3fd5d4ca,AOR,baseline,15.339816806128004,46.640681711146826
2026-01-04,WS-a84d3fd5d4ca,AOR,baseline,15.171038902374105,44.846739205337585
2026-01-05,WS-a84d3fd5d4ca,AOR,baseline,15.019454960052473,43.23555153633185
2026-01-06,WS-a84d3fd5d4ca,AOR,baseline,14.79906067150574,40.89297781389672
2026-01-07,WS-a84d3fd5d4ca,AOR,baseline,14.571709527830512,38.47645958898711
2026-01-08,WS-a84d3fd5d4ca,AOR,baseline,14.331121281562007,35.91924403067262
2026-01-09,WS-a84d3fd5d4ca,AOR,baseline,14.103203041579482,33.49669813183225
2026-01-10,WS-a84d3fd5d4ca,AOR,baseline,13.856600389076883,30.875555372441244
2026-01-11,WS-a84d3fd5d4ca,AOR,baseline,13.720614617604996,29.430160861650347
2026-01-12,WS-a84d3fd5d4ca,AOR,baseline,13.573313804696658,27.864498630166363
2026-01-13,WS-a84d3fd5d4ca,AOR,baseline,13.428698390352539,26.32737953449715
2026-01-14,WS-a84d3fd5d4ca,AOR,baseline,13.300577360826816,24.96557946682138
2026-01-15,WS-a84d3fd5d4ca,AOR,baseline,13.515017301496998,27.24486434923339
2026-01-16,WS-a84d3fd5d4ca,AOR,baseline,13.475732265093674,26.82730319295224
2026-01-17,WS-a84d3fd5d4ca,AOR,baseline,13.402632009491315,26.050319637677084
2026-01-18,WS-a84d3fd5d4ca,AOR,baseline,13.334285407832878,25.323862731200375
2026-01-19,WS-a84d3fd5d4ca,AOR,baseline,13.242646342752446,24.349829931977343
2026-01-20,WS-a84d3fd5d4ca,AOR,baseline,13.13652724000046,23.221888626445313
2026-01-21,WS-a84d3fd5d4ca,AOR,baseline,13.020299432479382,21.9865017681448
2026-01-22,WS-a84d3fd5d4ca,AOR,baseline,12.919399566261378,20.914035794738236
2026-01-23,WS-a84d3fd5d4ca,AOR,baseline,12.820521883569592,19.86306363599312
2026-01-24,WS-a84d3fd5d4ca,AOR,baseline,12.717433533910468,18.767336243994627
2026-01-25,WS-a84d3fd5d4ca,AOR,baseline,12.620031956976208,17.732053632296804
2026-01-26,WS-a84d3fd5d4ca,AOR,baseline,12.527183982390403,16.745171318420937
2026-01-27,WS-a84d3fd5d4ca,AOR,baseline,12.434086486101277,15.755636835157002
2026-01-28,WS-a84d3fd5d4ca,AOR,baseline,12.33702481357142,14.723967071737336
2026-01-29,WS-a84d3fd5d4ca,AOR,baseline,12.261969028874555,13.926198172611171
2026-01-30,WS-a84d3fd5d4ca,AOR,baseline,12.177464669391911,13.028000250783988
2026-01-31,WS-a84d3fd5d4ca,AOR,baseline,12.094798149876217,12.149336753560126
2026-02-01,WS-a84d3fd5d4ca,AOR,baseline,12.041850071022226,11.586550943661615
2026-02-02,WS-a84d3fd5d4ca,AOR,baseline,12.15497438364366,12.788950714830413
2026-02-03,WS-a84d3fd5d4ca,AOR,baseline,12.106331106212645,12.271920694522715
2026-02-04,WS-a84d3fd5d4ca,AOR,baseline,12.047744609429015,11.6492040680628
2026-02-05,WS-a84d3fd5d4ca,AOR,baseline,11.982978969718618,10.960809252104974
2026-02-06,WS-a84d3fd5d4ca,AOR,baseline,11.92507981386324,10.34539838119567
2026-02-07,WS-a84d3fd5d4ca,AOR,baseline,11.879515387148293,9.861093504676036
2026-02-08,WS-a84d3fd5d4ca,AOR,baseline,14.423085144072951,36.89672910595438
2026-02-09,WS-a84d3fd5d4ca,AOR,baseline,15.00382229085409,43.06939169472651
2026-02-10,WS-a84d3fd5d4ca,AOR,baseline,15.743615176007852,50.932659768654894
2026-02-11,WS-a84d3fd5d4ca,AOR,baseline,15.55516265234734,48.92959547527101
2026-02-12,WS-a84d3fd5d4ca,AOR,baseline,15.522180823528993,48.579031193332604
2026-02-13,WS-a84d3fd5d4ca,AOR,baseline,15.305978291059565,46.28101170005784
2026-02-14,WS-a84d3fd5d4ca,AOR,baseline,15.14919601722348,44.614570898647635
2026-02-15,WS-a84d3fd5d4ca,AOR,baseline,14.979502740731922,42.810898884258066
2026-02-16,WS-a84d3fd5d4ca,AOR,baseline,14.810734444005229,41.017058491664315
2026-02-17,WS-a84d3fd5d4ca,AOR,baseline,14.631977817908835,39.11705201796757
2026-02-18,WS-a84d3fd5d4ca,AOR,baseline,14.459693872496237,37.285843750356676
2026-02-19,WS-a84d3fd5d4ca,AOR,baseline,14.290305794013326,35.485415689519186
2026-02-20,WS-a84d3fd5d4ca,AOR,baseline,14.142216303003066,33.911370588364626
2026-02-21,WS-a84d3fd5d4ca,AOR,baseline,13.983456803706003,32.22391383214565
2026-02-22,WS-a84d3fd5d4ca,AOR,baseline,13.913013466052425,31.47517069185818
2026-02-23,WS-a84d3fd5d4ca,AOR,baseline,14.425360778721918,36.92091685585339
2026-02-24,WS-a84d3fd5d4ca,AOR,baseline,14.259336802711859,35.15624588338894
2026-02-25,WS-a84d3fd5d4ca,AOR,baseline,14.12399393541884,33.71768480936898
2026-02-26,WS-a84d3fd5d4ca,AOR,baseline,14.543038043024529,38.171710008893264
2026-02-27,WS-a84d3fd5d4ca,AOR,baseline,14.444278972057104,37.12199857568914
2026-02-28,WS-a84d3fd5d4ca,AOR,baseline,14.443296344317693,37.11155421283171
2026-03-01,WS-a84d3fd5d4ca,AOR,baseline,14.358738213494716,36.21278475473783
2026-03-02,WS-a84d3fd5d4ca,AOR,baseline,14.747211013967485,40.34186713826491
2026-03-03,WS-a84d3fd5d4ca,AOR,baseline,18.023728108200636,75.16800939753963
2026-03-04,WS-a84d3fd5d4ca,AOR,baseline,19.655097664686693,92.50785735732275
2026-03-05,WS-a84d3fd5d4ca,AOR,baseline,19.355571131872566,89.32418599465178
2026-03-06,WS-a84d3fd5d4ca,AOR,baseline,19.036463106724312,85.93238269856965
2026-03-07,WS-a84d3fd5d4ca,AOR,baseline,18.78109855892376,83.2181096415695
2026-03-08,WS-a84d3fd5d4ca,AOR,baseline,19.40468880695574,89.84625839369467
2026-03-09,WS-a84d3fd5d4ca,AOR,baseline,19.121084893808366,86.8318287598798
2026-03-10,WS-a84d3fd5d4ca,AOR,baseline,18.778778139608036,83.19344587487264
2026-03-11,WS-a84d3fd5d4ca,AOR,baseline,18.485416684962765,80.0753032072071
2026-03-12,WS-a84d3fd5d4ca,AOR,baseline,18.169745374984196,76.72002880078487
2026-03-13,WS-a84d3fd5d4ca,AOR,baseline,18.24120143147561,77.47953614260125
2026-03-14,WS-a84d3fd5d4ca,AOR,baseline,17.985891793097785,74.7658467185602
2026-03-15,WS-a84d3fd5d4ca,AOR,baseline,17.72570342817523,72.00030124744107
2026-03-16,WS-a84d3fd5d4ca,AOR,baseline,17.508413326489915,69.69072196700816
2026-03-17,WS-a84d3fd5d4ca,AOR,baseline,17.35606538128326,68.0714137015291
2026-03-18,WS-a84d3fd5d4ca,AOR,baseline,17.244888549212504,66.88971372613562
2026-03-19,WS-a84d3fd5d4ca,AOR,baseline,17.736347626882072,72.11343857214872
2026-03-20,WS-a84d3fd5d4ca,AOR,baseline,19.09975377271887,86.6050999999658
2026-03-21,WS-a84d3fd5d4ca,AOR,baseline,18.886415936255354,84.33752939731546
2026-03-22,WS-a84d3fd5d4ca,AOR,baseline,18.762149614410518,83.01670106706742
2026-03-23,WS-a84d3fd5d4ca,AOR,baseline,18.515449573492894,80.3945231649629
2026-03-24,WS-a84d3fd5d4ca,AOR,baseline,18.25424983798191,77.6182278228751
2026-03-25,WS-a84d3fd5d4ca,AOR,baseline,17.994896154340267,74.86155418980657
2026-03-26,WS-a84d3fd5d4ca,AOR,baseline,17.83816373880532,73.19564333291926
2026-03-27,WS-a84d3fd5d4ca,AOR,baseline,19.346720325941988,89.230110664787
2026-03-28,WS-a84d3fd5d4ca,AOR,baseline,19.22803922114835,87.96864767828043
2026-03-29,WS-a84d3fd5d4ca,AOR,baseline,18.98695033119622,85.40611077182534
2026-03-30,WS-a84d3fd5d4ca,AOR,baseline,18.74893745111099,82.87626881373602
2026-03-31,WS-a84d3fd5d4ca,AOR,baseline,18.514144803383502,80.38065474671919
2026-04-01,WS-a84d3fd5d4ca,AOR,baseline,18.2678488949472,77.76277237394697
2026-04-02,WS-a84d3fd5d4ca,AOR,baseline,18.02238707008408,75.1537554861822
2026-04-03,WS-a84d3fd5d4ca,AOR,baseline,17.819892104653277,73.00143389894187
2026-04-04,WS-a84d3fd5d4ca,AOR,baseline,17.677175105352035,71.48449308113571
2026-04-05,WS-a84d3fd5d4ca,AOR,baseline,17.53412014148256,69.96396003359494
2026-04-06,WS-a84d3fd5d4ca,AOR,baseline,17.670406429636714,71.41254874005975
2026-04-07,WS-a84d3fd5d4ca,AOR,baseline,17.78422496763323,72.62232744165296
2026-04-08,WS-a84d3fd5d4ca,AOR,baseline,17.62121488054428,70.88969113322398
2026-04-09,WS-a84d3fd5d4ca,AOR,baseline,17.397448257797507,68.51127282728181
2026-04-10,WS-a84d3fd5d4ca,AOR,baseline,17.977745177976033,74.679256241843
2026-04-11,WS-a84d3fd5d4ca,AOR,baseline,17.796034969811885,72.74785610642937
2026-04-12,WS-a84d3fd5d4ca,AOR,baseline,17.66726151996501,71.37912145478417
2026-04-13,WS-a84d3fd5d4ca,AOR,baseline,17.49143045066498,69.5102107618349
2026-04-14,WS-a84d3fd5d4ca,AOR,baseline,17.33947711338343,67.89509678905792
2026-04-15,WS-a84d3fd5d4ca,AOR,baseline,17.194192196237992,66.35086153951823
2026-04-16,WS-a84d3fd5d4ca,AOR,baseline,17.05221170166344,64.84174903990746
2026-04-17,WS-a84d3fd5d4ca,AOR,baseline,16.907467310480683,63.30325904776463
2026-04-18,WS-a84d3fd5d4ca,AOR,baseline,16.769082728306643,61.832367547224074
2026-04-19,WS-a84d3fd5d4ca,AOR,baseline,16.636771106100475,60.42602561614806
2026-04-20,WS-a84d3fd5d4ca,AOR,baseline,16.50188380865852,58.992306799923746
2026-04-21,WS-a84d3fd5d4ca,AOR,baseline,16.362018192120054,57.505673366109875
2026-04-22,WS-a84d3fd5d4ca,AOR,baseline,16.24428012730339,56.254233963625545
2026-04-23,WS-a84d3fd5d4ca,AOR,baseline,16.13690343906839,55.11292576584939
2026-04-24,WS-a84d3fd5d4ca,AOR,baseline,16.029158276159638,53.96770104603537
2026-04-25,WS-a84d3fd5d4ca,AOR,baseline,15.911181763220325,52.71372717539419
2026-04-26,WS-a84d3fd5d4ca,AOR,baseline,15.793510410119099,51.46299685258969
2026-04-27,WS-a84d3fd5d4ca,AOR,baseline,15.669117832516624,50.14082654827281
2026-04-28,WS-a84d3fd5d4ca,AOR,baseline,15.557189892268388,48.951143034418024
2026-04-29,WS-a84d3fd5d4ca,AOR,baseline,15.436606566951715,47.669461321550976
2026-04-30,WS-a84d3fd5d4ca,AOR,baseline,15.336804340013797,46.60866217014417
2026-05-01,WS-a84d3fd5d4ca,AOR,baseline,15.24783888027382,45.663047156409185
2026-05-02,WS-a84d3fd5d4ca,AOR,baseline,15.18178099777374,44.96091707524973
2026-05-03,WS-a84d3fd5d4ca,AOR,baseline,15.626151071793641,49.684132296931224
2026-05-04,WS-a84d3fd5d4ca,AOR,baseline,16.90557597715715,63.28315604158743
2026-05-05,WS-a84d3fd5d4ca,AOR,baseline,17.153476012593742,65.9180887008399
2026-05-06,WS-a84d3fd5d4ca,AOR,baseline,17.039838488586987,64.7102339992678
2026-05-07,WS-a84d3fd5d4ca,AOR,baseline,16.937519029091035,63.62267915068483
2026-05-08,WS-a84d3fd5d4ca,AOR,baseline,16.860633343834074,62.80546021501269
2026-05-09,WS-a84d3fd5d4ca,AOR,baseline,16.770318855723858,61.84550636141129
2026-05-10,WS-a84d3fd5d4ca,AOR,baseline,16.663702138638044,60.71227590673661
2026-05-11,WS-a84d3fd5d4ca,AOR,baseline,16.56745624793902,59.68927709887002
2026-05-12,WS-a84d3fd5d4ca,AOR,baseline,16.486624425116688,58.830114616354145
2026-05-13,WS-a84d3fd5d4ca,AOR,baseline,16.396081045780107,57.86772787496923
2026-05-14,WS-a84d3fd5d4ca,AOR,baseline,16.67079125265459,60.78762619063004
2026-05-15,WS-a84d3fd5d4ca,AOR,baseline,16.60782113904755,60.11831604467626
2026-05-16,WS-a84d3fd5d4ca,AOR,baseline,16.506960253611474,59.04626439850123
2026-05-17,WS-a84d3fd5d4ca,AOR,baseline,16.441738737963014,58.35302407134512
2026-05-18,WS-a84d3fd5d4ca,AOR,baseline,17.10433721421321,65.3957917819982
2026-05-19,WS-a84d3fd5d4ca,AOR,baseline,18.423398735585614,79.41611362707683
2026-05-20,WS-a84d3fd5d4ca,AOR,baseline,19.006051220627157,85.60913437080832
2026-05-21,WS-a84d3fd5d4ca,AOR,baseline,18.878249505096868,84.25072829568941
2026-05-22,WS-a84d3fd5d4ca,AOR,baseline,18.760262773734397,82.99664581329729
2026-05-23,WS-a84d3fd5d4ca,AOR,baseline,18.644032289421062,81.76123050333749
2026-05-24,WS-a84d3fd5d4ca,AOR,baseline,18.546366309652377,80.72313755051809
2026-05-25,WS-a84d3fd5d4ca,AOR,baseline,18.414667102323897,79.32330498503933
2026-05-26,WS-a84d3fd5d4ca,AOR,baseline,19.988528885972457,96.05190208903485
2026-05-27,WS-a84d3fd5d4ca,AOR,baseline,20.97688307721149,106.55713147643011
2026-05-28,WS-a84d3fd5d4ca,AOR,baseline,20.852279954434884,105.23272328475437
2026-05-29,WS-a84d3fd5d4ca,AOR,baseline,20.704909536351806,103.66632121897449
2026-05-30,WS-a84d3fd5d4ca,AOR,baseline,20.593268418072945,102.47968633951446
2026-05-31,WS-a84d3fd5d4ca,AOR,baseline,20.607997122998142,102.63623793325478
2026-06-01,WS-a84d3fd5d4ca,AOR,baseline,20.469006091392416,101.15890047391913
2026-06-02,WS-a84d3fd5d4ca,AOR,baseline,21.50636452062048,112.18499653602733
2026-06-03,WS-a84d3fd5d4ca,AOR,baseline,22.97060318165341,127.74840806237472
2026-06-04,WS-a84d3fd5d4ca,AOR,baseline,23.27987581199597,131.03567082079815
2026-06-05,WS-a84d3fd5d4ca,AOR,baseline,23.176608304397007,129.938039156757
2026-06-06,WS-a84d3fd5d4ca,AOR,baseline,23.0306695237715,128.3868539838933
2026-06-07,WS-a84d3fd5d4ca,AOR,baseline,22.905064737888658,127.05179910220178
2026-06-08,WS-a84d3fd5d4ca,AOR,baseline,22.721266823838604,125.09820871412444
2026-06-09,WS-a84d3fd5d4ca,AOR,baseline,22.60388889081075,123.85059715704683
2026-06-10,WS-a84d3fd5d4ca,AOR,baseline,22.608768550924836,123.9024631270456
2026-06-11,WS-a84d3fd5d4ca,AOR,baseline,22.879404104790652,126.7790519035661
2026-06-12,WS-a84d3fd5d4ca,AOR,baseline,22.818992115232334,126.13693209096783
2026-06-13,WS-a84d3fd5d4ca,AOR,baseline,22.701752814168152,124.89079405481192
2026-06-14,WS-a84d3fd5d4ca,AOR,baseline,22.761542768572845,125.52630224777641
2026-06-15,WS-a84d3fd5d4ca,AOR,baseline,22.59735482265726,123.78114646275745
2026-06-16,WS-a84d3fd5d4ca,AOR,baseline,22.43108581825529,122.0138710803697
2026-06-17,WS-a84d3fd5d4ca,AOR,baseline,22.66822489924178,124.53442541662048
2026-06-18,WS-a84d3fd5d4ca,AOR,baseline,22.522599936509614,122.98657581817396
2026-06-19,WS-a84d3fd5d4ca,AOR,baseline,23.288873383736565,131.13130612634177
2026-06-20,WS-a84d3fd5d4ca,AOR,baseline,24.336739344531203,142.26908687636913
2026-06-21,WS-a84d3fd5d4ca,AOR,baseline,24.455827973445977,143.53488144199113
2026-06-22,WS-a84d3fd5d4ca,AOR,baseline,24.534615086612547,144.37231067932544
2026-06-23,WS-a84d3fd5d4ca,AOR,baseline,24.37246457923719,142.64881085470773
2026-06-24,WS-a84d3fd5d4ca,AOR,baseline,24.18588045445906,140.66560579703165
2026-06-25,WS-a84d3fd5d4ca,AOR,baseline,24.00189035466947,138.7099726642614
2026-06-26,WS-a84d3fd5d4ca,AOR,baseline,23.820458215891108,136.7815281319192
2026-06-27,WS-a84d3fd5d4ca,AOR,baseline,23.66683323003471,135.14864618497907
2026-06-28,WS-a84d3fd5d4ca,AOR,baseline,23.561708666653814,134.03127585119051
2026-06-29,WS-a84d3fd5d4ca,AOR,baseline,23.457660763086167,132.9253493483794
2026-06-30,WS-a84d3fd5d4ca,AOR,baseline,23.900442467087373,137.6316817647403
2026-07-01,WS-a84d3fd5d4ca,AOR,baseline,25.1520985222474,150.93555004408088
2026-07-02,WS-a84d3fd5d4ca,AOR,baseline,27.369461307658504,174.50392755722248
2026-07-03,WS-a84d3fd5d4ca,AOR,baseline,27.369461307658504,174.50392755722248
2026-07-04,WS-a84d3fd5d4ca,AOR,baseline,27.192283212810047,172.6206993124256
2026-07-05,WS-a84d3fd5d4ca,AOR,baseline,26.967791306102193,170.2345719539498
2026-07-06,WS-a84d3fd5d4ca,AOR,baseline,26.72939074724598,167.70060935322658
2026-07-07,WS-a84d3fd5d4ca,AOR,baseline,26.47903865890475,165.03961379217063
2026-07-08,WS-a84d3fd5d4ca,AOR,baseline,26.278421647469244,162.90725300205594
2026-07-09,WS-a84d3fd5d4ca,AOR,baseline,26.087925223947323,160.8824640708051
2026-07-10,WS-a84d3fd5d4ca,AOR,baseline,25.877491547206937,158.6457618191362
2026-07-11,WS-a84d3fd5d4ca,AOR,baseline,25.67731508592042,156.51808364221097
2026-07-12,WS-a84d3fd5d4ca,AOR,baseline,26.31026622341625,163.24572940862453
2026-07-13,WS-a84d3fd5d4ca,AOR,baseline,26.42277847717878,164.44162359832433
2026-07-14,WS-a84d3fd5d4ca,AOR,baseline,26.407022071998092,164.27414856537456
2026-07-15,WS-a84d3fd5d4ca,AOR,baseline,26.33770477980824,163.53737417677746
2026-07-16,WS-a84d3fd5d4ca,AOR,baseline,26.093567782901083,160.942438902365
2026-07-17,WS-a84d3fd5d4ca,AOR,baseline,25.85512118850037,158.40798698924834
2026-07-18,WS-a84d3fd5d4ca,AOR,baseline,25.589359090040908,155.5831982328085
2026-07-19,WS-a84d3fd5d4ca,AOR,baseline,25.321146073360964,152.7323586351378
2026-07-20,WS-a84d3fd5d4ca,AOR,baseline,25.0670834960263,150.0319242389346
2026-07-21,WS-a84d3fd5d4ca,AOR,baseline,24.822307511149987,147.43019715319457
2026-07-22,WS-a84d3fd5d4ca,AOR,baseline,24.602216135905664,145.0908431001396
2026-07-23,WS-a84d3fd5d4ca,AOR,baseline,24.493399300463864,143.93422755921347
2026-07-24,WS-a84d3fd5d4ca,AOR,baseline,24.285178630054403,141.72104738024706
2026-07-25,WS-a84d3fd5d4ca,AOR,baseline,24.073610167003558,139.4722834703157
2026-07-26,WS-a84d3fd5d4ca,AOR,baseline,23.865398774289012,137.25920190408758
2026-07-27,WS-a84d3fd5d4ca,AOR,baseline,23.64780465602221,134.9463912275071
2026-07-28,WS-a84d3fd5d4ca,AOR,baseline,23.446349747848558,132.80512442220547
2026-07-29,WS-a84d3fd5d4ca,AOR,baseline,23.451787811049734,132.86292566578584
2026-07-30,WS-a84d3fd5d4ca,AOR,baseline,23.265723397890675,130.88524462958102
2026-07-31,WS-a84d3fd5d4ca,AOR,baseline,23.05823377967762,128.67983481379562
2026-08-01,WS-a84d3fd5d4ca,AOR,baseline,22.836400014378363,126.32196087447758
2026-08-02,WS-a84d3fd5d4ca,AOR,baseline,22.641982286373157,124.25549234753126
2026-08-03,WS-a84d3fd5d4ca,AOR,baseline,22.479456555176185,122.52800426409642
2026-08-04,WS-a84d3fd5d4ca,AOR,baseline,22.324852851800557,120.88471951607943
2026-08-05,WS-a84d3fd5d4ca,AOR,baseline,22.276408450348256,120.36980335110269
2026-08-06,WS-a84d3fd5d4ca,AOR,baseline,22.167237286607403,119.20942165013697
2026-08-07,WS-a84d3fd5d4ca,AOR,baseline,22.000293566444583,117.43497470526492
2026-08-08,WS-a84d3fd5d4ca,AOR,baseline,21.81955348916511,115.5138861034793
2026-08-09,WS-a84d3fd5d4ca,AOR,baseline,21.7763690741209,115.05487840156302
2026-08-10,WS-a84d3fd5d4ca,AOR,baseline,23.776413383785204,136.31337504600802
2026-08-11,WS-a84d3fd5d4ca,AOR,baseline,24.202524759203655,140.84251832584528
2026-08-12,WS-a84d3fd5d4ca,AOR,baseline,24.084857072312587,139.59182697123566
2026-08-13,WS-a84d3fd5d4ca,AOR,baseline,23.986998125883034,138.55168297330053
2026-08-14,WS-a84d3fd5d4ca,AOR,baseline,23.773758058768074,136.2851515623112
2026-08-15,WS-a84d3fd5d4ca,AOR,baseline,23.54511158357156,133.85486524203213
2026-08-16,WS-a84d3fd5d4ca,AOR,baseline,23.339100224955473,131.66516786648114
2026-08-17,WS-a84d3fd5d4ca,AOR,baseline,23.219849574694898,130.39765117389456
2026-08-18,WS-a84d3fd5d4ca,AOR,baseline,22.995054431089514,128.00830070654183
2026-08-19,WS-a84d3fd5d4ca,AOR,baseline,22.76254684738762,125.53697461438918
2026-08-20,WS-a84d3fd5d4ca,AOR,baseline,22.565614336740857,123.44377643046052
2026-08-21,WS-a84d3fd5d4ca,AOR,baseline,22.6433772669031,124.27031961349313
2026-08-22,WS-a84d3fd5d4ca,AOR,baseline,22.400430160658644,121.68803170221065
2026-08-23,WS-a84d3fd5d4ca,AOR,baseline,22.190649705908925,119.45827255546678
2026-08-24,WS-a84d3fd5d4ca,AOR,baseline,21.95158948280661,116.91729837500283
2026-08-25,WS-a84d3fd5d4ca,AOR,baseline,22.540466295334873,123.17647757550004
2026-08-26,WS-a84d3fd5d4ca,AOR,baseline,24.279441412549723,141.66006642173411
2026-08-27,WS-a84d3fd5d4ca,AOR,baseline,25.107200889462625,150.4583325288055
2026-08-28,WS-a84d3fd5d4ca,AOR,baseline,24.836184952000586,147.57770065015737
2026-08-29,WS-a84d3fd5d4ca,AOR,baseline,24.540852052171722,144.43860346632547
2026-08-30,WS-a84d3fd5d4ca,AOR,baseline,24.231775969661584,141.15342981733627
2026-08-31,WS-a84d3fd5d4ca,AOR,baseline,23.910159954440125,137.734969062568
2026-09-01,WS-a84d3fd5d4ca,AOR,baseline,23.62462283097075,134.6999913114216
2026-09-02,WS-a84d3fd5d4ca,AOR,baseline,23.34194537513148,131.69540900422857
2026-09-03,WS-a84d3fd5d4ca,AOR,baseline,23.522721489079167,133.61688064022334
2026-09-04,WS-a84d3fd5d4ca,AOR,baseline,23.304726527535344,131.29980939530526
2026-09-05,WS-a84d3fd5d4ca,AOR,baseline,23.191828530395448,130.09981513429517
2026-09-06,WS-a84d3fd5d4ca,AOR,baseline,23.447932064906603,132.82194289052958
2026-09-07,WS-a84d3fd5d4ca,AOR,baseline,23.18212842802955,129.99671262171594
2026-09-08,WS-a84d3fd5d4ca,AOR,baseline,22.865051901004406,126.6265021452652
2026-09-09,WS-a84d3fd5d4ca,AOR,baseline,22.658461690745632,124.43065214817265
2026-09-10,WS-a84d3fd5d4ca,AOR,baseline,22.35769705401443,121.23382096307198
2026-09-11,WS-a84d3fd5d4ca,AOR,baseline,22.092672916052145,118.41687599823078
2026-09-12,WS-a84d3fd5d4ca,AOR,baseline,21.81738931552372,115.4908830740608
2026-09-13,WS-a84d3fd5d4ca,AOR,baseline,21.548907768000802,112.63718925861264
2026-09-14,WS-a84d3fd5d4ca,AOR,baseline,21.307881751648317,110.0753206364553
2026-09-15,WS-a84d3fd5d4ca,AOR,baseline,21.096806808842807,107.83180235954748
2026-09-16,WS-a84d3fd5d4ca,AOR,baseline,20.80626381535059,104.74361715166177
2026-09-17,WS-a84d3fd5d4ca,AOR,baseline,20.543404041565907,101.94967724145094
2026-09-18,WS-a84d3fd5d4ca,AOR,baseline,20.263998421884118,98.97987132278037
2026-09-19,WS-a84d3fd5d4ca,AOR,baseline,19.974434992482465,95.90209791418917
2026-09-20,WS-a84d3fd5d4ca,AOR,baseline,19.68057953184769,92.778704450519
2026-09-21,WS-a84d3fd5d4ca,AOR,baseline,19.3705686048055,89.48359432699685
2026-09-22,WS-a84d3fd5d4ca,AOR,baseline,19.17081692362037,87.36043114322271
2026-09-23,WS-a84d3fd5d4ca,AOR,baseline,18.943506687655834,84.94434772689519
2026-09-24,WS-a84d3fd5d4ca,AOR,baseline,18.695003872817104,82.30300811763878
2026-09-25,WS-a84d3fd5d4ca,AOR,baseline,18.473245895776337,79.94593973269319
2026-09-26,WS-a84d3fd5d4ca,AOR,baseline,18.20611439144487,77.10659554365914
2026-09-27,WS-a84d3fd5d4ca,AOR,baseline,18.058935231989828,75.54222636829196
2026-09-28,WS-a84d3fd5d4ca,AOR,baseline,17.858884657335466,73.4158862419961
2025-03-01,WS-f575dcdea0dc,AEG?,baseline,16.547335815453913,54.01914254274566
2025-03-02,WS-f575dcdea0dc,AEG?,baseline,16.32389114515242,51.644146273477695
2025-03-03,WS-f575dcdea0dc,AEG?,baseline,16.140947345841123,49.699634281923885
2025-03-04,WS-f575dcdea0dc,AEG?,baseline,15.964891769827343,47.82833730423194
2025-03-05,WS-f575dcdea0dc,AEG?,baseline,15.789377133581077,45.96278998227364
2025-03-06,WS-f575dcdea0dc,AEG?,baseline,15.638259858659357,44.356562527052766
2025-03-07,WS-f575dcdea0dc,AEG?,baseline,15.513125623085735,43.02650913063903
2025-03-08,WS-f575dcdea0dc,AEG?,baseline,15.377139021144242,41.581105792775986
2025-03-09,WS-f575dcdea0dc,AEG?,baseline,15.240427925101997,40.128001797814875
2025-03-10,WS-f575dcdea0dc,AEG?,baseline,15.120412510347911,38.85235641360854
2025-03-11,WS-f575dcdea0dc,AEG?,baseline,15.609271888980537,44.048449025182435
2025-03-12,WS-f575dcdea0dc,AEG?,baseline,15.481269007640826,42.68790475609259
2025-03-13,WS-f575dcdea0dc,AEG?,baseline,15.326429313440983,41.042111658575315
2025-03-14,WS-f575dcdea0dc,AEG?,baseline,15.17233519321088,39.404243276354265
2025-03-15,WS-f575dcdea0dc,AEG?,baseline,15.017702977746435,37.760655472979145
2025-03-16,WS-f575dcdea0dc,AEG?,baseline,14.895154973224649,36.45809115961798
2025-03-17,WS-f575dcdea0dc,AEG?,baseline,14.782815721393789,35.264035809670936
2025-03-18,WS-f575dcdea0dc,AEG?,baseline,14.669866436304112,34.063496408384204
2025-03-19,WS-f575dcdea0dc,AEG?,baseline,14.554981308551941,32.842380910585
2025-03-20,WS-f575dcdea0dc,AEG?,baseline,14.505130853667563,32.31251978562751
2025-03-21,WS-f575dcdea0dc,AEG?,baseline,14.727103955757787,34.671874737485574
2025-03-22,WS-f575dcdea0dc,AEG?,baseline,15.098097321659235,38.61516798654915
2025-03-23,WS-f575dcdea0dc,AEG?,baseline,14.990798529491958,37.4746877470769
2025-03-24,WS-f575dcdea0dc,AEG?,baseline,14.864408559487703,36.13128713327854
2025-03-25,WS-f575dcdea0dc,AEG?,baseline,14.756346577414739,34.98269493850073
2025-03-26,WS-f575dcdea0dc,AEG?,baseline,14.64429841579365,33.791733590130434
2025-03-27,WS-f575dcdea0dc,AEG?,baseline,14.551836103863383,32.80895048957147
2025-03-28,WS-f575dcdea0dc,AEG?,baseline,14.489349335520181,32.14477782663227
2025-03-29,WS-f575dcdea0dc,AEG?,baseline,15.601711893421918,43.96809373533294
2025-03-30,WS-f575dcdea0dc,AEG?,baseline,16.47491131610595,53.249341609374
2025-03-31,WS-f575dcdea0dc,AEG?,baseline,16.54338065531584,53.977103094860865
2025-04-01,WS-f575dcdea0dc,AEG?,baseline,16.384235340968445,52.2855455055187
2025-04-02,WS-f575dcdea0dc,AEG?,baseline,16.24560635888412,50.81205627519408
2025-04-03,WS-f575dcdea0dc,AEG?,baseline,16.11519597108045,49.42592258899068
2025-04-04,WS-f575dcdea0dc,AEG?,baseline,15.990440222409543,48.099892134724975
2025-04-05,WS-f575dcdea0dc,AEG?,baseline,15.850664023210015,46.61420911895461
2025-04-06,WS-f575dcdea0dc,AEG?,baseline,15.740916487168324,45.4477011494037
2025-04-07,WS-f575dcdea0dc,AEG?,baseline,15.62427384827216,44.20790504309167
2025-04-08,WS-f575dcdea0dc,AEG?,baseline,15.51456457192085,43.04180373628099
2025-04-09,WS-f575dcdea0dc,AEG?,baseline,15.391313179305822,41.7317631018465
2025-04-10,WS-f575dcdea0dc,AEG?,baseline,15.29129013636404,40.66861689429977
2025-04-11,WS-f575dcdea0dc,AEG?,baseline,15.176559958979333,39.449148365945646
2025-04-12,WS-f575dcdea0dc,AEG?,baseline,15.070291387675809,38.319618357260424
2025-04-13,WS-f575dcdea0dc,AEG?,baseline,14.971943147970762,37.274273654818465
2025-04-14,WS-f575dcdea0dc,AEG?,baseline,14.88102234285791,36.30787525001198
2025-04-15,WS-f575dcdea0dc,AEG?,baseline,14.801701856557955,35.46477678279535
2025-04-16,WS-f575dcdea0dc,AEG?,baseline,14.718204314891036,34.57728034045728
2025-04-17,WS-f575dcdea0dc,AEG?,baseline,14.632395037101233,33.665212425190454
2025-04-18,WS-f575dcdea0dc,AEG?,baseline,14.548849207689486,32.777202731792684
2025-04-19,WS-f575dcdea0dc,AEG?,baseline,14.464725713528527,31.883053032359317
2025-04-20,WS-f575dcdea0dc,AEG?,baseline,14.389660908656289,31.0851882576733
2025-04-21,WS-f575dcdea0dc,AEG?,baseline,14.713458511570426,34.526837136034814
2025-04-22,WS-f575dcdea0dc,AEG?,baseline,14.811162418375641,35.565333215812394
2025-04-23,WS-f575dcdea0dc,AEG?,baseline,14.754759840322716,34.96582948957875
2025-04-24,WS-f575dcdea0dc,AEG?,baseline,14.722632938599034,34.62435223870526
2025-04-25,WS-f575dcdea0dc,AEG?,baseline,14.660212076863989,33.96088009795025
2025-04-26,WS-f575dcdea0dc,AEG?,baseline,14.618331441811637,33.51573029030571
2025-04-27,WS-f575dcdea0dc,AEG?,baseline,14.679349508816916,34.16429210786861
2025-04-28,WS-f575dcdea0dc,AEG?,baseline,14.626007606236502,33.59732034052596
2025-04-29,WS-f575dcdea0dc,AEG?,baseline,14.576842288781343,33.07474155009954
2025-04-30,WS-f575dcdea0dc,AEG?,baseline,15.500938509851515,42.89697214761157
2025-05-01,WS-f575dcdea0dc,AEG?,baseline,15.425423826083946,42.09432560437143
2025-05-02,WS-f575dcdea0dc,AEG?,baseline,15.337033934738812,41.1548283144945
2025-05-03,WS-f575dcdea0dc,AEG?,baseline,15.255855280948051,40.291979361162475
2025-05-04,WS-f575dcdea0dc,AEG?,baseline,15.178088161414372,39.465391649247096
2025-05-05,WS-f575dcdea0dc,AEG?,baseline,15.108614340280777,38.72695351249739
2025-05-06,WS-f575dcdea0dc,AEG?,baseline,15.032224714073664,37.91500719483464
2025-05-07,WS-f575dcdea0dc,AEG?,baseline,14.95582797058394,37.102985227483586
2025-05-08,WS-f575dcdea0dc,AEG?,baseline,14.885790137606588,36.35855220160574
2025-05-09,WS-f575dcdea0dc,AEG?,baseline,14.817157541313286,35.62905545448336
2025-05-10,WS-f575dcdea0dc,AEG?,baseline,14.757460515158591,34.994534997081125
2025-05-11,WS-f575dcdea0dc,AEG?,baseline,14.70328098833101,34.418660110861694
2025-05-12,WS-f575dcdea0dc,AEG?,baseline,14.716548691329447,34.55968269636587
2025-05-13,WS-f575dcdea0dc,AEG?,baseline,14.667441414664836,34.03772082224735
2025-05-14,WS-f575dcdea0dc,AEG?,baseline,14.998986624590628,37.56171911500129
2025-05-15,WS-f575dcdea0dc,AEG?,baseline,14.932863977729326,36.85890065261497
2025-05-16,WS-f575dcdea0dc,AEG?,baseline,14.885051375971276,36.35069989469962
2025-05-17,WS-f575dcdea0dc,AEG?,baseline,14.834941493472684,35.81808131030004
2025-05-18,WS-f575dcdea0dc,AEG?,baseline,14.77036857422582,35.131734922623316
2025-05-19,WS-f575dcdea0dc,AEG?,baseline,14.743736796402292,34.84866541423222
2025-05-20,WS-f575dcdea0dc,AEG?,baseline,14.691261703416966,34.290906977204024
2025-05-21,WS-f575dcdea0dc,AEG?,baseline,14.646901129135145,33.81939786365142
2025-05-22,WS-f575dcdea0dc,AEG?,baseline,14.881584865391911,36.31385430924769
2025-05-23,WS-f575dcdea0dc,AEG?,baseline,19.262019142227516,82.87354647474336
2025-05-24,WS-f575dcdea0dc,AEG?,baseline,19.600194042872026,86.46801183526006
2025-05-25,WS-f575dcdea0dc,AEG?,baseline,19.45898432173623,84.96709189642519
2025-05-26,WS-f575dcdea0dc,AEG?,baseline,19.367091639018348,83.99036339207771
2025-05-27,WS-f575dcdea0dc,AEG?,baseline,19.75190935129273,88.08059579621927
2025-05-28,WS-f575dcdea0dc,AEG?,baseline,19.639550751202442,86.88633479337442
2025-05-29,WS-f575dcdea0dc,AEG?,baseline,19.51977688055232,85.61325678455007
2025-05-30,WS-f575dcdea0dc,AEG?,baseline,19.390860505788908,84.24300298213207
2025-05-31,WS-f575dcdea0dc,AEG?,baseline,19.271156152862766,82.97066387808846
2025-06-01,WS-f575dcdea0dc,AEG?,baseline,19.170861535370033,81.90463110115311
2025-06-02,WS-f575dcdea0dc,AEG?,baseline,19.07533066673492,80.88923227198354
2025-06-03,WS-f575dcdea0dc,AEG?,baseline,18.960391824753426,79.66754584495126
2025-06-04,WS-f575dcdea0dc,AEG?,baseline,18.837048281604353,78.35652574130738
2025-06-05,WS-f575dcdea0dc,AEG?,baseline,18.725708266655065,77.17309129300298
2025-06-06,WS-f575dcdea0dc,AEG?,baseline,18.64879362248689,76.3555645526918
2025-06-07,WS-f575dcdea0dc,AEG?,baseline,18.75951706604181,77.5324454557297
2025-06-08,WS-f575dcdea0dc,AEG?,baseline,19.7341100048492,87.89140631435896
2025-06-09,WS-f575dcdea0dc,AEG?,baseline,20.53495706165698,96.40361996262521
2025-06-10,WS-f575dcdea0dc,AEG?,baseline,20.42251504915069,95.20847236813981
2025-06-11,WS-f575dcdea0dc,AEG?,baseline,20.29530861190294,93.85639351352833
2025-06-12,WS-f575dcdea0dc,AEG?,baseline,20.189819834602197,92.73515194530982
2025-06-13,WS-f575dcdea0dc,AEG?,baseline,20.0895259242858,91.66912668496087
2025-06-14,WS-f575dcdea0dc,AEG?,baseline,19.980216623693394,90.50727672562653
2025-06-15,WS-f575dcdea0dc,AEG?,baseline,19.99629326502037,90.67815555268655
2025-06-16,WS-f575dcdea0dc,AEG?,baseline,20.245026580425872,93.32194515542643
2025-06-17,WS-f575dcdea0dc,AEG?,baseline,20.18129828996927,92.64457633800492
2025-06-18,WS-f575dcdea0dc,AEG?,baseline,20.065379066697517,91.41246942565216
2025-06-19,WS-f575dcdea0dc,AEG?,baseline,19.954880027319177,90.23797371748802
2025-06-20,WS-f575dcdea0dc,AEG?,baseline,19.845800713808888,89.07856829380216
2025-06-21,WS-f575dcdea0dc,AEG?,baseline,19.723004822580506,87.77336918945413
2025-06-22,WS-f575dcdea0dc,AEG?,baseline,19.609456438850586,86.56646196102889
2025-06-23,WS-f575dcdea0dc,AEG?,baseline,19.536165600391126,85.78745269811887
2025-06-24,WS-f575dcdea0dc,AEG?,baseline,20.989615841858296,101.23619397439768
2025-06-25,WS-f575dcdea0dc,AEG?,baseline,21.58216043433528,107.53435805505757
2025-06-26,WS-f575dcdea0dc,AEG?,baseline,22.255239476864986,114.68852383924744
2025-06-27,WS-f575dcdea0dc,AEG?,baseline,22.102006070762396,113.05980399853775
2025-06-28,WS-f575dcdea0dc,AEG?,baseline,21.9461517540617,111.40322646543292
2025-06-29,WS-f575dcdea0dc,AEG?,baseline,21.806761236102773,109.92164286052035
2025-06-30,WS-f575dcdea0dc,AEG?,baseline,21.678552246170383,108.55890786055285
2025-07-01,WS-f575dcdea0dc,AEG?,baseline,21.570356894273974,107.40889807620945
2025-07-02,WS-f575dcdea0dc,AEG?,baseline,22.00320338717923,112.00962900628099
2025-07-03,WS-f575dcdea0dc,AEG?,baseline,21.83904030660243,110.2647375152673
2025-07-04,WS-f575dcdea0dc,AEG?,baseline,22.073914841709442,112.76122196429232
2025-07-05,WS-f575dcdea0dc,AEG?,baseline,21.966315596176294,111.61754820213693
2025-07-06,WS-f575dcdea0dc,AEG?,baseline,21.855071847104526,110.43513696508062
2025-07-07,WS-f575dcdea0dc,AEG?,baseline,22.72657705767903,119.69837703685884
2025-07-08,WS-f575dcdea0dc,AEG?,baseline,22.601339307935742,118.36722338700675
2025-07-09,WS-f575dcdea0dc,AEG?,baseline,22.462518350841858,116.89169365184088
2025-07-10,WS-f575dcdea0dc,AEG?,baseline,22.844555546606273,120.95237191030111
2025-07-11,WS-f575dcdea0dc,AEG?,baseline,23.362409791852052,126.45665133134892
2025-07-12,WS-f575dcdea0dc,AEG?,baseline,23.212892977936114,124.86743519670563
2025-07-13,WS-f575dcdea0dc,AEG?,baseline,23.067251707250854,123.31941226081626
2025-07-14,WS-f575dcdea0dc,AEG?,baseline,23.001906642734234,122.62485873115429
2025-07-15,WS-f575dcdea0dc,AEG?,baseline,22.869286742662297,121.21524011068529
2025-07-16,WS-f575dcdea0dc,AEG?,baseline,22.7011658466524,119.4282809486219
2025-07-17,WS-f575dcdea0dc,AEG?,baseline,22.536532506918086,117.67839106698565
2025-07-18,WS-f575dcdea0dc,AEG?,baseline,22.359332478159402,115.79492968637538
2025-07-19,WS-f575dcdea0dc,AEG?,baseline,22.184968564067006,113.94161340496375
2025-07-20,WS-f575dcdea0dc,AEG?,baseline,22.013395372174216,112.1179597456397
2025-07-21,WS-f575dcdea0dc,AEG?,baseline,21.854082345006873,110.42461953458121
2025-07-22,WS-f575dcdea0dc,AEG?,baseline,21.720601492132488,109.00584983572183
2025-07-23,WS-f575dcdea0dc,AEG?,baseline,23.23440274971749,125.09606283711716
2025-07-24,WS-f575dcdea0dc,AEG?,baseline,23.07653860906058,123.4181228593792
2025-07-25,WS-f575dcdea0dc,AEG?,baseline,22.927351259637412,121.83240860705928
2025-07-26,WS-f575dcdea0dc,AEG?,baseline,24.08912794774072,134.18094794006228
2025-07-27,WS-f575dcdea0dc,AEG?,baseline,25.001089482958918,143.87419880586583
2025-07-28,WS-f575dcdea0dc,AEG?,baseline,25.5487306009092,149.69508327930038
2025-07-29,WS-f575dcdea0dc,AEG?,baseline,25.944947518896917,153.90647798731462
2025-07-30,WS-f575dcdea0dc,AEG?,baseline,25.814629954610155,152.5213309234641
2025-07-31,WS-f575dcdea0dc,AEG?,baseline,25.546135478289976,149.6674996876639
2025-08-01,WS-f575dcdea0dc,AEG?,baseline,25.33981700725827,147.4745380103045
2025-08-02,WS-f575dcdea0dc,AEG?,baseline,25.28189780611754,146.85891407779985
2025-08-03,WS-f575dcdea0dc,AEG?,baseline,25.023371297139896,144.11103249485438
2025-08-04,WS-f575dcdea0dc,AEG?,baseline,24.775796574191965,141.47955758622035
2025-08-05,WS-f575dcdea0dc,AEG?,baseline,24.682739243320157,140.4904500216927
2025-08-06,WS-f575dcdea0dc,AEG?,baseline,24.45062089629257,138.02326113114844
2025-08-07,WS-f575dcdea0dc,AEG?,baseline,24.254497959341187,135.93866791642142
2025-08-08,WS-f575dcdea0dc,AEG?,baseline,24.04403387670949,133.70164248014342
2025-08-09,WS-f575dcdea0dc,AEG?,baseline,23.84837887713848,131.6220229778398
2025-08-10,WS-f575dcdea0dc,AEG?,baseline,23.633428761303257,129.33731543704883
2025-08-11,WS-f575dcdea0dc,AEG?,baseline,23.42220976993666,127.0922660661359
2025-08-12,WS-f575dcdea0dc,AEG?,baseline,23.203872339308155,124.77155471291998
2025-08-13,WS-f575dcdea0dc,AEG?,baseline,23.037167165387046,122.99964327911368
2025-08-14,WS-f575dcdea0dc,AEG?,baseline,22.868235789433744,121.20406951532664
2025-08-15,WS-f575dcdea0dc,AEG?,baseline,22.68572679683917,119.26417908994704
2025-08-16,WS-f575dcdea0dc,AEG?,baseline,22.51869281432299,117.48877274536231
2025-08-17,WS-f575dcdea0dc,AEG?,baseline,22.406581733195345,116.29714262474907
2025-08-18,WS-f575dcdea0dc,AEG?,baseline,22.19692097738067,114.06865575952251
2025-08-19,WS-f575dcdea0dc,AEG?,baseline,21.996117563148285,111.93431369168665
2025-08-20,WS-f575dcdea0dc,AEG?,baseline,21.90221162949925,110.93618631734532
2025-08-21,WS-f575dcdea0dc,AEG?,baseline,21.864487367319985,110.53521465032931
2025-08-22,WS-f575dcdea0dc,AEG?,baseline,21.70664277002237,108.85748239920815
2025-08-23,WS-f575dcdea0dc,AEG?,baseline,21.510394250748398,106.77155436836209
2025-08-24,WS-f575dcdea0dc,AEG?,baseline,21.28166455497923,104.34038349554781
2025-08-25,WS-f575dcdea0dc,AEG?,baseline,21.066997115794223,102.058680528501
2025-08-26,WS-f575dcdea0dc,AEG?,baseline,20.87434499422183,100.01097865499636
2025-08-27,WS-f575dcdea0dc,AEG?,baseline,22.006130575767905,112.04074213136994
2025-08-28,WS-f575dcdea0dc,AEG?,baseline,22.674724299012905,119.14723339929907
2025-08-29,WS-f575dcdea0dc,AEG?,baseline,23.378965927737774,126.63262671222971
2025-08-30,WS-f575dcdea0dc,AEG?,baseline,24.479494429316507,138.33015828434486
2025-08-31,WS-f575dcdea0dc,AEG?,baseline,24.212504866505896,135.49232279355823
2025-09-01,WS-f575dcdea0dc,AEG?,baseline,23.950992579702273,132.7127053397684
2025-09-02,WS-f575dcdea0dc,AEG?,baseline,23.71736867866829,130.2295138963615
2025-09-03,WS-f575dcdea0dc,AEG?,baseline,23.432861025666405,127.20547840003061
2025-09-04,WS-f575dcdea0dc,AEG?,baseline,23.106385047621842,123.73536103802218
2025-09-05,WS-f575dcdea0dc,AEG?,baseline,22.851814839991746,121.0295310328918
2025-09-06,WS-f575dcdea0dc,AEG?,baseline,22.57200056265129,118.05538148672082
2025-09-07,WS-f575dcdea0dc,AEG?,baseline,22.329116210718222,115.47376059181977
2025-09-08,WS-f575dcdea0dc,AEG?,baseline,22.37829423346142,115.99647442691587
2025-09-09,WS-f575dcdea0dc,AEG?,baseline,22.045405269639126,112.45819335674454
2025-09-10,WS-f575dcdea0dc,AEG?,baseline,22.342283433747436,115.61371517444108
2025-09-11,WS-f575dcdea0dc,AEG?,baseline,25.598673508611714,150.22592708644882
2025-09-12,WS-f575dcdea0dc,AEG?,baseline,25.345584859298416,147.5358445836882
2025-09-13,WS-f575dcdea0dc,AEG?,baseline,25.04830789937908,144.37608396019644
2025-09-14,WS-f575dcdea0dc,AEG?,baseline,24.76352342534585,141.3491061295695
2025-09-15,WS-f575dcdea0dc,AEG?,baseline,24.4187393887662,137.68439217834862
2025-09-16,WS-f575dcdea0dc,AEG?,baseline,24.15299621222779,134.85980454325068
2025-09-17,WS-f575dcdea0dc,AEG?,baseline,24.280014160046008,136.20987994129575
2025-09-18,WS-f575dcdea0dc,AEG?,baseline,23.959324417784288,132.80126455370817
2025-09-19,WS-f575dcdea0dc,AEG?,baseline,23.691736860934157,129.95707297659828
2025-09-20,WS-f575dcdea0dc,AEG?,baseline,24.465733120441257,138.18388915563904
2025-09-21,WS-f575dcdea0dc,AEG?,baseline,24.187299858382573,135.22441843862785
2025-09-22,WS-f575dcdea0dc,AEG?,baseline,23.845980512637944,131.59653073077288
2025-09-23,WS-f575dcdea0dc,AEG?,baseline,24.058105497212914,133.85120991512898
2025-09-24,WS-f575dcdea0dc,AEG?,baseline,23.788402355733126,130.9845317618301
2025-09-25,WS-f575dcdea0dc,AEG?,baseline,23.463342433106206,127.52946567103547
2025-09-26,WS-f575dcdea0dc,AEG?,baseline,23.06569259410508,123.30284042717358
2025-09-27,WS-f575dcdea0dc,AEG?,baseline,22.655063713935647,118.93826078810585
2025-09-28,WS-f575dcdea0dc,AEG?,baseline,22.334666453897736,115.5327541978301
2025-09-29,WS-f575dcdea0dc,AEG?,baseline,22.023442986828844,112.2247559707973
2025-09-30,WS-f575dcdea0dc,AEG?,baseline,21.740176985565263,109.21391800673344
2025-10-01,WS-f575dcdea0dc,AEG?,baseline,21.432073756523614,105.93908482975057
2025-10-02,WS-f575dcdea0dc,AEG?,baseline,21.196137624264523,103.431316650967
2025-10-03,WS-f575dcdea0dc,AEG?,baseline,21.058800440648607,101.97155796314749
2025-10-04,WS-f575dcdea0dc,AEG?,baseline,20.79276138543548,99.14382542981735
2025-10-05,WS-f575dcdea0dc,AEG?,baseline,20.508860305725246,96.12623720879074
2025-10-06,WS-f575dcdea0dc,AEG?,baseline,20.24991433816717,93.37389719520881
2025-10-07,WS-f575dcdea0dc,AEG?,baseline,20.070746581120844,91.46952080536708
2025-10-08,WS-f575dcdea0dc,AEG?,baseline,19.808821084453342,88.68551133862915
2025-10-09,WS-f575dcdea0dc,AEG?,baseline,20.82948927660901,99.53420665662183
2025-10-10,WS-f575dcdea0dc,AEG?,baseline,20.712963295684922,98.29565050939266
2025-10-11,WS-f575dcdea0dc,AEG?,baseline,20.352249829230807,94.46162244353052
2025-10-12,WS-f575dcdea0dc,AEG?,baseline,20.10580384673579,91.84214493166144
2025-10-13,WS-f575dcdea0dc,AEG?,baseline,19.807740387524134,88.67402459709437
2025-10-14,WS-f575dcdea0dc,AEG?,baseline,19.542532817669162,85.85512993231089
2025-10-15,WS-f575dcdea0dc,AEG?,baseline,19.263899549274438,82.89353334538619
2025-10-16,WS-f575dcdea0dc,AEG?,baseline,18.966741087322806,79.73503223831446
2025-10-17,WS-f575dcdea0dc,AEG?,baseline,18.701203757567363,76.91263255131535
2025-10-18,WS-f575dcdea0dc,AEG?,baseline,18.445065715118268,74.19013800976553
2025-10-19,WS-f575dcdea0dc,AEG?,baseline,18.216881136648194,71.76476119572169
2025-10-20,WS-f575dcdea0dc,AEG?,baseline,17.901764078379145,68.41537793783563
2025-10-21,WS-f575dcdea0dc,AEG?,baseline,17.863687227739945,68.0106586035523
2025-10-22,WS-f575dcdea0dc,AEG?,baseline,17.966230131476873,69.1005884438412
2025-10-23,WS-f575dcdea0dc,AEG?,baseline,17.878117089323936,68.16403378758238
2025-10-24,WS-f575dcdea0dc,AEG?,baseline,17.823177785487832,67.58008322178517
2025-10-25,WS-f575dcdea0dc,AEG?,baseline,17.63539506480182,65.58413827281633
2025-10-26,WS-f575dcdea0dc,AEG?,baseline,17.517159829701498,64.32741444100422
2025-10-27,WS-f575dcdea0dc,AEG?,baseline,18.428160446115204,74.01045168849828
2025-10-28,WS-f575dcdea0dc,AEG?,baseline,18.46914504137096,74.44607747764127
2025-10-29,WS-f575dcdea0dc,AEG?,baseline,18.309664093908847,72.75095243961384
2025-10-30,WS-f575dcdea0dc,AEG?,baseline,18.13374557855587,70.88111228144523
2025-10-31,WS-f575dcdea0dc,AEG?,baseline,17.948820051080588,68.91553647579454
2025-11-01,WS-f575dcdea0dc,AEG?,baseline,18.060665642542325,70.10434470334043
2025-11-02,WS-f575dcdea0dc,AEG?,baseline,17.7944818396111,67.27507364465633
2025-11-03,WS-f575dcdea0dc,AEG?,baseline,17.604692224860212,65.25779739290697
2025-11-04,WS-f575dcdea0dc,AEG?,baseline,17.709118908521827,66.36774995419972
2025-11-05,WS-f575dcdea0dc,AEG?,baseline,18.751781684692816,77.4502259880627
2025-11-06,WS-f575dcdea0dc,AEG?,baseline,18.487281050355097,74.63884534996787
2025-11-07,WS-f575dcdea0dc,AEG?,baseline,18.2102136082151,71.69389195040709
2025-11-08,WS-f575dcdea0dc,AEG?,baseline,17.96841335855706,69.12379399250528
2025-11-09,WS-f575dcdea0dc,AEG?,baseline,17.74114692446056,66.70817614679544
2025-11-10,WS-f575dcdea0dc,AEG?,baseline,17.524652963492972,64.40705905627235
2025-11-11,WS-f575dcdea0dc,AEG?,baseline,17.323825205535233,62.27245823866716
2025-11-12,WS-f575dcdea0dc,AEG?,baseline,17.174625144508667,60.686608874551546
2025-11-13,WS-f575dcdea0dc,AEG?,baseline,16.936475544388635,58.15531371745705
2025-11-14,WS-f575dcdea0dc,AEG?,baseline,16.68605213415971,55.493560075141204
2025-11-15,WS-f575dcdea0dc,AEG?,baseline,16.888106953703698,57.64120334609992
2025-11-16,WS-f575dcdea0dc,AEG?,baseline,16.75704233298533,56.248115809847
2025-11-17,WS-f575dcdea0dc,AEG?,baseline,16.625739158022586,54.85249267746804
2025-11-18,WS-f575dcdea0dc,AEG?,baseline,16.41949989137032,52.66037286447456
2025-11-19,WS-f575dcdea0dc,AEG?,baseline,16.210612943507325,50.4401108139007
2025-11-20,WS-f575dcdea0dc,AEG?,baseline,15.999832448642554,48.1997222279352
2025-11-21,WS-f575dcdea0dc,AEG?,baseline,15.896577346039862,47.102222416758735
2025-11-22,WS-f575dcdea0dc,AEG?,baseline,15.805665849035655,46.13592294795858
2025-11-23,WS-f575dcdea0dc,AEG?,baseline,17.32544651508285,62.28969115866352
2025-11-24,WS-f575dcdea0dc,AEG?,baseline,17.219837039905286,61.16716669116279
2025-11-25,WS-f575dcdea0dc,AEG?,baseline,16.98758739670156,58.69858225187672
2025-11-26,WS-f575dcdea0dc,AEG?,baseline,16.972367062266407,58.536805121763344
2025-11-27,WS-f575dcdea0dc,AEG?,baseline,16.697947977394335,55.6200011456036
2025-11-28,WS-f575dcdea0dc,AEG?,baseline,16.470241420540983,53.19970522946081
2025-11-29,WS-f575dcdea0dc,AEG?,baseline,16.293073276579044,51.316582752764496
2025-11-30,WS-f575dcdea0dc,AEG?,baseline,16.371889908100545,52.154325741072356
2025-12-01,WS-f575dcdea0dc,AEG?,baseline,16.286632944352558,51.248128378846715
2025-12-02,WS-f575dcdea0dc,AEG?,baseline,16.46287667430886,53.12142524720929
2025-12-03,WS-f575dcdea0dc,AEG?,baseline,16.252160878304544,50.88172434626218
2025-12-04,WS-f575dcdea0dc,AEG?,baseline,16.026581789202794,48.484041312164095
2025-12-05,WS-f575dcdea0dc,AEG?,baseline,15.760204341483465,45.65271200054118
2025-12-06,WS-f575dcdea0dc,AEG?,baseline,15.517130572498672,43.06907778936557
2025-12-07,WS-f575dcdea0dc,AEG?,baseline,15.348479097704349,41.27647909859077
2025-12-08,WS-f575dcdea0dc,AEG?,baseline,15.191753716066902,39.61064300509031
2025-12-09,WS-f575dcdea0dc,AEG?,baseline,14.994295524863123,37.51185735577224
2025-12-10,WS-f575dcdea0dc,AEG?,baseline,14.823215644724328,35.69344711341465
2025-12-11,WS-f575dcdea0dc,AEG?,baseline,14.713434285608294,34.52657963797228
2025-12-12,WS-f575dcdea0dc,AEG?,baseline,14.616031400807778,33.49128312494725
2025-12-13,WS-f575dcdea0dc,AEG?,baseline,14.542864220244674,32.71358822340514
2025-12-14,WS-f575dcdea0dc,AEG?,baseline,14.925597106720929,36.78166098737298
2025-12-15,WS-f575dcdea0dc,AEG?,baseline,14.776574738790696,35.197700325459536
2025-12-16,WS-f575dcdea0dc,AEG?,baseline,14.627996236146146,33.61845751336602
2025-12-17,WS-f575dcdea0dc,AEG?,baseline,14.46183535681968,31.852331393793932
2025-12-18,WS-f575dcdea0dc,AEG?,baseline,14.301700716791611,30.150258249090697
2025-12-19,WS-f575dcdea0dc,AEG?,baseline,14.156519319856042,28.60712331719081
2025-12-20,WS-f575dcdea0dc,AEG?,baseline,14.460933740234925,31.84274809953939
2025-12-21,WS-f575dcdea0dc,AEG?,baseline,15.505191656197532,42.94217889472625
2025-12-22,WS-f575dcdea0dc,AEG?,baseline,17.836954846460372,67.72651977973533
2025-12-23,WS-f575dcdea0dc,AEG?,baseline,17.52807531601633,64.44343528518006
2025-12-24,WS-f575dcdea0dc,AEG?,baseline,17.24237172367559,61.406688134262694
2025-12-25,WS-f575dcdea0dc,AEG?,baseline,16.967525824183433,58.48534754002651
2025-12-26,WS-f575dcdea0dc,AEG?,baseline,16.72064420169692,55.86123960509504
2025-12-27,WS-f575dcdea0dc,AEG?,baseline,16.480099336106697,53.30448514056695
2025-12-28,WS-f575dcdea0dc,AEG?,baseline,16.23925586354482,50.74455677870354
2025-12-29,WS-f575dcdea0dc,AEG?,baseline,16.016437934677732,48.37622215218812
2025-12-30,WS-f575dcdea0dc,AEG?,baseline,15.783493743868629,45.90025535748771
2025-12-31,WS-f575dcdea0dc,AEG?,baseline,15.589737016896176,43.84081261900467
2026-01-01,WS-f575dcdea0dc,AEG?,baseline,16.666453591714777,55.28524691588347
2026-01-02,WS-f575dcdea0dc,AEG?,baseline,16.440117508278746,52.87951777928788
2026-01-03,WS-f575dcdea0dc,AEG?,baseline,16.20119414834428,50.339998319192034
2026-01-04,WS-f575dcdea0dc,AEG?,baseline,16.031413657562915,48.53539930299647
2026-01-05,WS-f575dcdea0dc,AEG?,baseline,15.878990867564063,46.91529551126026
2026-01-06,WS-f575dcdea0dc,AEG?,baseline,15.657062560748095,44.556416688947316
2026-01-07,WS-f575dcdea0dc,AEG?,baseline,15.42738785670949,42.11520131110499
2026-01-08,WS-f575dcdea0dc,AEG?,baseline,15.183493275880188,39.52284268029633
2026-01-09,WS-f575dcdea0dc,AEG?,baseline,14.95125754903481,37.05440615816179
2026-01-10,WS-f575dcdea0dc,AEG?,baseline,14.698938323756714,34.37250187334939
2026-01-11,WS-f575dcdea0dc,AEG?,baseline,14.558218368869863,32.876787666262324
2026-01-12,WS-f575dcdea0dc,AEG?,baseline,14.405487736519426,31.25341181421898
2026-01-13,WS-f575dcdea0dc,AEG?,baseline,14.254994365991571,29.653815846810357
2026-01-14,WS-f575dcdea0dc,AEG?,baseline,14.12101074408016,28.229702209401772
2026-01-15,WS-f575dcdea0dc,AEG?,baseline,14.331167808005493,30.463464339908274
2026-01-16,WS-f575dcdea0dc,AEG?,baseline,14.287440662111877,29.998687944825974
2026-01-17,WS-f575dcdea0dc,AEG?,baseline,14.210660450117174,29.18259008581249
2026-01-18,WS-f575dcdea0dc,AEG?,baseline,14.138198951064698,28.41239588210655
2026-01-19,WS-f575dcdea0dc,AEG?,baseline,14.042373152927965,27.39386224347787
2026-01-20,WS-f575dcdea0dc,AEG?,baseline,13.931385826399154,26.214176524922614
2026-01-21,WS-f575dcdea0dc,AEG?,baseline,13.809606661176574,24.919784214343238
2026-01-22,WS-f575dcdea0dc,AEG?,baseline,13.703356551460722,23.790450434110404
2026-01-23,WS-f575dcdea0dc,AEG?,baseline,13.598893349315496,22.6801097173865
2026-01-24,WS-f575dcdea0dc,AEG?,baseline,13.48968267575447,21.519308066034913
2026-01-25,WS-f575dcdea0dc,AEG?,baseline,13.386061566432527,20.41791796474067
2026-01-26,WS-f575dcdea0dc,AEG?,baseline,13.286877627079555,19.363690600011957
2026-01-27,WS-f575dcdea0dc,AEG?,baseline,13.18706372286234,18.302767330653623
2026-01-28,WS-f575dcdea0dc,AEG?,baseline,13.082623165392043,17.19266730447025
2026-01-29,WS-f575dcdea0dc,AEG?,baseline,13.00129490127367,16.328228141045322
2026-01-30,WS-f575dcdea0dc,AEG?,baseline,12.90950718144762,15.35261528862266
2026-01-31,WS-f575dcdea0dc,AEG?,baseline,12.819295406971484,14.393753179556544
2026-02-01,WS-f575dcdea0dc,AEG?,baseline,12.760978541320494,13.773902465867025
2026-02-02,WS-f575dcdea0dc,AEG?,baseline,12.868915806642626,14.921169044699099
2026-02-03,WS-f575dcdea0dc,AEG?,baseline,12.816059180051333,14.359355282074862
2026-02-04,WS-f575dcdea0dc,AEG?,baseline,12.752398399560178,13.682704028942817
2026-02-05,WS-f575dcdea0dc,AEG?,baseline,12.681868244044445,12.93303810048394
2026-02-06,WS-f575dcdea0dc,AEG?,baseline,12.618494803323653,12.259440985460014
2026-02-07,WS-f575dcdea0dc,AEG?,baseline,12.568305032769025,11.725973269887199
2026-02-08,WS-f575dcdea0dc,AEG?,baseline,15.11147560793751,38.75736596315443
2026-02-09,WS-f575dcdea0dc,AEG?,baseline,15.695720976780049,44.967317489256494
2026-02-10,WS-f575dcdea0dc,AEG?,baseline,16.44354942649627,52.91599568208168
2026-02-11,WS-f575dcdea0dc,AEG?,baseline,16.262908242128653,50.99595821432573
2026-02-12,WS-f575dcdea0dc,AEG?,baseline,16.236271757938027,50.71283868189831
2026-02-13,WS-f575dcdea0dc,AEG?,baseline,16.026503276138026,48.48320679579072
2026-02-14,WS-f575dcdea0dc,AEG?,baseline,15.87327061384213,46.85449486101193
2026-02-15,WS-f575dcdea0dc,AEG?,baseline,15.707293636329634,45.090323436181464
2026-02-16,WS-f575dcdea0dc,AEG?,baseline,15.541826631574956,43.33157251834099
2026-02-17,WS-f575dcdea0dc,AEG?,baseline,15.366267035583881,41.46554731867793
2026-02-18,WS-f575dcdea0dc,AEG?,baseline,15.196508372989495,39.66118031456192
2026-02-19,WS-f575dcdea0dc,AEG?,baseline,15.02908837879201,37.881671046860944
2026-02-20,WS-f575dcdea0dc,AEG?,baseline,14.882038403664527,36.31867497336994
2026-02-21,WS-f575dcdea0dc,AEG?,baseline,14.724105083625432,34.639999687090565
2026-02-22,WS-f575dcdea0dc,AEG?,baseline,14.652837566897215,33.88249633683781
2026-02-23,WS-f575dcdea0dc,AEG?,baseline,15.166950285623024,39.34700702447024
2026-02-24,WS-f575dcdea0dc,AEG?,baseline,15.002525951928263,37.59933867071171
2026-02-25,WS-f575dcdea0dc,AEG?,baseline,14.867739060853978,36.166687075058405
2026-02-26,WS-f575dcdea0dc,AEG?,baseline,15.288085631956392,40.634556175810715
2026-02-27,WS-f575dcdea0dc,AEG?,baseline,15.189971176479524,39.59169636893144
2026-02-28,WS-f575dcdea0dc,AEG?,baseline,15.189523068207318,39.58693342035322
2026-03-01,WS-f575dcdea0dc,AEG?,baseline,15.104718577992323,38.68554540511872
2026-03-02,WS-f575dcdea0dc,AEG?,baseline,15.492677274931243,42.809163375584376
2026-03-03,WS-f575dcdea0dc,AEG?,baseline,18.770993995733686,77.6544338887681
2026-03-04,WS-f575dcdea0dc,AEG?,baseline,20.41522475077204,95.1309836930786
2026-03-05,WS-f575dcdea0dc,AEG?,baseline,20.12869987595311,92.08550712015678
2026-03-06,WS-f575dcdea0dc,AEG?,baseline,19.82203241770491,88.8259347693702
2026-03-07,WS-f575dcdea0dc,AEG?,baseline,19.57521449586646,86.20250390944477
2026-03-08,WS-f575dcdea0dc,AEG?,baseline,20.209122489325424,92.94032011017487
2026-03-09,WS-f575dcdea0dc,AEG?,baseline,19.93509858638481,90.02771652783802
2026-03-10,WS-f575dcdea0dc,AEG?,baseline,19.604725782121193,86.51617974991895
2026-03-11,WS-f575dcdea0dc,AEG?,baseline,19.320276354105886,83.49276312771786
2026-03-12,WS-f575dcdea0dc,AEG?,baseline,19.013884729903214,80.23612262054242
2026-03-13,WS-f575dcdea0dc,AEG?,baseline,19.093471303743414,81.08204933564042
2026-03-14,WS-f575dcdea0dc,AEG?,baseline,18.844089462093418,78.4313665391219
2026-03-15,WS-f575dcdea0dc,AEG?,baseline,18.589549191515648,75.72585473530496
2026-03-16,WS-f575dcdea0dc,AEG?,baseline,18.375919090227207,73.45517764607837
2026-03-17,WS-f575dcdea0dc,AEG?,baseline,18.224794143663857,71.84886864888017
2026-03-18,WS-f575dcdea0dc,AEG?,baseline,18.116453323478716,70.69731268022822
2026-03-19,WS-f575dcdea0dc,AEG?,baseline,18.610444713727937,75.94795350916087
2026-03-20,WS-f575dcdea0dc,AEG?,baseline,19.979174834496686,90.49620353488001
2026-03-21,WS-f575dcdea0dc,AEG?,baseline,19.76995209705349,88.2723723725473
2026-03-22,WS-f575dcdea0dc,AEG?,baseline,19.65096775475403,87.00768627069831
2026-03-23,WS-f575dcdea0dc,AEG?,baseline,19.409202144686837,84.43795649745228
2026-03-24,WS-f575dcdea0dc,AEG?,baseline,19.153081250213475,81.71564422195672
2026-03-25,WS-f575dcdea0dc,AEG?,baseline,18.898283564064975,79.00739634473376
2026-03-26,WS-f575dcdea0dc,AEG?,baseline,18.7424400254705,77.35093337225837
2026-03-27,WS-f575dcdea0dc,AEG?,baseline,20.25246707506745,93.4010302684945
2026-03-28,WS-f575dcdea0dc,AEG?,baseline,20.140082245042386,92.20649046733612
2026-03-29,WS-f575dcdea0dc,AEG?,baseline,19.90343202733153,89.69113226511821
2026-03-30,WS-f575dcdea0dc,AEG?,baseline,19.669432031985465,87.2039433104398
2026-03-31,WS-f575dcdea0dc,AEG?,baseline,19.438221019879084,84.7463984944216
2026-04-01,WS-f575dcdea0dc,AEG?,baseline,19.195547369454413,82.16701714855833
2026-04-02,WS-f575dcdea0dc,AEG?,baseline,18.953287318000477,79.5920319514649
2026-04-03,WS-f575dcdea0dc,AEG?,baseline,18.75238942850806,77.45668570487727
2026-04-04,WS-f575dcdea0dc,AEG?,baseline,18.609463926997034,75.93752871440653
2026-04-05,WS-f575dcdea0dc,AEG?,baseline,18.46611966722376,74.41392073699026
2026-04-06,WS-f575dcdea0dc,AEG?,baseline,18.601300912025756,75.85076392347815
2026-04-07,WS-f575dcdea0dc,AEG?,baseline,18.716248183450276,77.07253994716856
2026-04-08,WS-f575dcdea0dc,AEG?,baseline,18.553786016523258,75.3457274891751
2026-04-09,WS-f575dcdea0dc,AEG?,baseline,18.33163775738225,72.98451079077552
2026-04-10,WS-f575dcdea0dc,AEG?,baseline,18.911641247888483,79.14937533758281
2026-04-11,WS-f575dcdea0dc,AEG?,baseline,18.73110388588449,77.23044139906273
2026-04-12,WS-f575dcdea0dc,AEG?,baseline,18.601703102694255,75.85503881325708
2026-04-13,WS-f575dcdea0dc,AEG?,baseline,18.42633001244907,73.99099598556143
2026-04-14,WS-f575dcdea0dc,AEG?,baseline,18.27410268589677,72.37296977730806
2026-04-15,WS-f575dcdea0dc,AEG?,baseline,18.128274961817638,70.8229650259015
2026-04-16,WS-f575dcdea0dc,AEG?,baseline,17.985570415713717,69.30615657328957
2026-04-17,WS-f575dcdea0dc,AEG?,baseline,17.840040975317464,67.75932228297778
2026-04-18,WS-f575dcdea0dc,AEG?,baseline,17.700634546971152,66.27756956635346
2026-04-19,WS-f575dcdea0dc,AEG?,baseline,17.5670887334292,64.85810939972455
2026-04-20,WS-f575dcdea0dc,AEG?,baseline,17.4308993264157,63.410550444147546
2026-04-21,WS-f575dcdea0dc,AEG?,baseline,17.28967817050091,61.90950896489997
2026-04-22,WS-f575dcdea0dc,AEG?,baseline,17.170187287692972,60.639438837483304
2026-04-23,WS-f575dcdea0dc,AEG?,baseline,17.060866368090785,59.47746537954485
2026-04-24,WS-f575dcdea0dc,AEG?,baseline,16.951116686825493,58.31093460838474
2026-04-25,WS-f575dcdea0dc,AEG?,baseline,16.831149147992356,57.03579809795682
2026-04-26,WS-f575dcdea0dc,AEG?,baseline,16.71138507232944,55.76282420017728
2026-04-27,WS-f575dcdea0dc,AEG?,baseline,16.584830147996165,54.41767028469804
2026-04-28,WS-f575dcdea0dc,AEG?,baseline,16.470563631199415,53.203130010685896
2026-04-29,WS-f575dcdea0dc,AEG?,baseline,16.34756063144273,51.89572954713164
2026-04-30,WS-f575dcdea0dc,AEG?,baseline,16.245195352940474,50.80768768774247
2026-05-01,WS-f575dcdea0dc,AEG?,baseline,16.153599136890872,49.83411033141822
2026-05-02,WS-f575dcdea0dc,AEG?,baseline,16.084902208898754,49.10392980184325
2026-05-03,WS-f575dcdea0dc,AEG?,baseline,16.527067880411998,53.8037144009808
2026-05-04,WS-f575dcdea0dc,AEG?,baseline,17.804566473937196,67.38226335237722
2026-05-05,WS-f575dcdea0dc,AEG?,baseline,18.052206822548005,70.01443579702452
2026-05-06,WS-f575dcdea0dc,AEG?,baseline,17.937867210192692,68.799118589382
2026-05-07,WS-f575dcdea0dc,AEG?,baseline,17.83475721845585,67.70316116346162
2026-05-08,WS-f575dcdea0dc,AEG?,baseline,17.756451588733352,66.87084961983574
2026-05-09,WS-f575dcdea0dc,AEG?,baseline,17.66501514744631,65.89897051151398
2026-05-10,WS-f575dcdea0dc,AEG?,baseline,17.557396444858398,64.7550899400737
2026-05-11,WS-f575dcdea0dc,AEG?,baseline,17.459888281332262,63.71867441812244
2026-05-12,WS-f575dcdea0dc,AEG?,baseline,17.37745835343495,62.842525656247794
2026-05-13,WS-f575dcdea0dc,AEG?,baseline,17.285496473967832,61.86506165876432
2026-05-14,WS-f575dcdea0dc,AEG?,baseline,17.55896843447641,64.7717986379051
2026-05-15,WS-f575dcdea0dc,AEG?,baseline,17.494729869738386,64.08900610859536
2026-05-16,WS-f575dcdea0dc,AEG?,baseline,17.392786228326468,63.005445835252466
2026-05-17,WS-f575dcdea0dc,AEG?,baseline,17.325912820970892,62.29464752993407
2026-05-18,WS-f575dcdea0dc,AEG?,baseline,17.986919359734056,69.3204945165998
2026-05-19,WS-f575dcdea0dc,AEG?,baseline,19.30480441561763,83.32831169489398
2026-05-20,WS-f575dcdea0dc,AEG?,baseline,19.887490516151125,89.52168973812094
2026-05-21,WS-f575dcdea0dc,AEG?,baseline,19.76028545978307,88.16962556089749
2026-05-22,WS-f575dcdea0dc,AEG?,baseline,19.642483507266675,86.91750709523252
2026-05-23,WS-f575dcdea0dc,AEG?,baseline,19.526354489154834,85.68317027083104
2026-05-24,WS-f575dcdea0dc,AEG?,baseline,19.428428641093312,84.64231517459086
2026-05-25,WS-f575dcdea0dc,AEG?,baseline,19.297383019651768,83.24942958189523
2026-05-26,WS-f575dcdea0dc,AEG?,baseline,20.869832304557054,99.96301321861453
2026-05-27,WS-f575dcdea0dc,AEG?,baseline,21.85893612341159,110.47621040755882
2026-05-28,WS-f575dcdea0dc,AEG?,baseline,21.734767700564255,109.15642264701212
2026-05-29,WS-f575dcdea0dc,AEG?,baseline,21.58892564174048,107.60626553142073
2026-05-30,WS-f575dcdea0dc,AEG?,baseline,21.477114114330377,106.41781937111693
2026-05-31,WS-f575dcdea0dc,AEG?,baseline,21.492365489574162,106.57992643438381
2026-06-01,WS-f575dcdea0dc,AEG?,baseline,21.35448792492746,105.11442402965052
2026-06-02,WS-f575dcdea0dc,AEG?,baseline,22.390979502295625,116.13130631221098
2026-06-03,WS-f575dcdea0dc,AEG?,baseline,23.857308831636324,131.71693957884222
2026-06-04,WS-f575dcdea0dc,AEG?,baseline,24.170517141153116,135.0460347217356
2026-06-05,WS-f575dcdea0dc,AEG?,baseline,24.070045045310728,133.97811552514324
2026-06-06,WS-f575dcdea0dc,AEG?,baseline,23.925146494750713,132.43798697100036
2026-06-07,WS-f575dcdea0dc,AEG?,baseline,23.800513728257393,131.11326369587908
2026-06-08,WS-f575dcdea0dc,AEG?,baseline,23.619772497501465,129.19216283377736
2026-06-09,WS-f575dcdea0dc,AEG?,baseline,23.501975981524946,127.94010215316455
2026-06-10,WS-f575dcdea0dc,AEG?,baseline,23.506442503309486,127.98757687055465
2026-06-11,WS-f575dcdea0dc,AEG?,baseline,23.77894887881185,130.884050634268
2026-06-12,WS-f575dcdea0dc,AEG?,baseline,23.720976335006448,130.2678597218957
2026-06-13,WS-f575dcdea0dc,AEG?,baseline,23.60422620323422,129.02692107242396
2026-06-14,WS-f575dcdea0dc,AEG?,baseline,23.663603963792408,129.65804805170214
2026-06-15,WS-f575dcdea0dc,AEG?,baseline,23.501372554084735,127.9336883151556
2026-06-16,WS-f575dcdea0dc,AEG?,baseline,23.33811854134743,126.19845931787869
2026-06-17,WS-f575dcdea0dc,AEG?,baseline,23.57537601789793,128.7202720820993
2026-06-18,WS-f575dcdea0dc,AEG?,baseline,23.430702398899317,127.18253432841028
2026-06-19,WS-f575dcdea0dc,AEG?,baseline,24.196334329296256,135.32044594595595
2026-06-20,WS-f575dcdea0dc,AEG?,baseline,25.246405723016565,146.48166827086413
2026-06-21,WS-f575dcdea0dc,AEG?,baseline,25.36698628183749,147.76332057861234
2026-06-22,WS-f575dcdea0dc,AEG?,baseline,25.44841584227715,148.62883642193668
2026-06-23,WS-f575dcdea0dc,AEG?,baseline,25.287672403809257,146.92029235080068
2026-06-24,WS-f575dcdea0dc,AEG?,baseline,25.103842040010864,144.9663570539316
2026-06-25,WS-f575dcdea0dc,AEG?,baseline,24.922456489183606,143.03840770551977
2026-06-26,WS-f575dcdea0dc,AEG?,baseline,24.743483237055408,141.1360987109499
2026-06-27,WS-f575dcdea0dc,AEG?,baseline,24.59084326257335,139.51368646255347
2026-06-28,WS-f575dcdea0dc,AEG?,baseline,24.485654592902307,138.3956347421839
2026-06-29,WS-f575dcdea0dc,AEG?,baseline,24.38053591318431,137.27832694592385
2026-06-30,WS-f575dcdea0dc,AEG?,baseline,24.82406385283378,141.99259111057046
2026-07-01,WS-f575dcdea0dc,AEG?,baseline,26.076176983344034,155.30131764967666
2026-07-02,WS-f575dcdea0dc,AEG?,baseline,28.349619751514986,179.46577001954026
2026-07-03,WS-f575dcdea0dc,AEG?,baseline,28.54912606561141,181.5863251933786
2026-07-04,WS-f575dcdea0dc,AEG?,baseline,28.374497632297242,179.7301973337628
2026-07-05,WS-f575dcdea0dc,AEG?,baseline,28.1512677617867,177.35748417423042
2026-07-06,WS-f575dcdea0dc,AEG?,baseline,27.91430341271289,174.83878706572276
2026-07-07,WS-f575dcdea0dc,AEG?,baseline,27.66586777852102,172.1981615204243
2026-07-08,WS-f575dcdea0dc,AEG?,baseline,27.465021504918994,170.0633638997983
2026-07-09,WS-f575dcdea0dc,AEG?,baseline,27.27388080954531,168.0317269947638
2026-07-10,WS-f575dcdea0dc,AEG?,baseline,27.063635287916718,165.7970246461937
2026-07-11,WS-f575dcdea0dc,AEG?,baseline,26.863220485972313,163.66681314335585
2026-07-12,WS-f575dcdea0dc,AEG?,baseline,27.495318603570063,170.38539215032154
2026-07-13,WS-f575dcdea0dc,AEG?,baseline,27.606707941863,171.56935085707877
2026-07-14,WS-f575dcdea0dc,AEG?,baseline,27.590495144991756,171.3970248309908
2026-07-15,WS-f575dcdea0dc,AEG?,baseline,27.52300628130208,170.67968483239588
2026-07-16,WS-f575dcdea0dc,AEG?,baseline,27.28048048678793,168.10187504890376
2026-07-17,WS-f575dcdea0dc,AEG?,baseline,27.04374708633491,165.5856326962514
2026-07-18,WS-f575dcdea0dc,AEG?,baseline,26.780357101257763,162.78605716340596
2026-07-19,WS-f575dcdea0dc,AEG?,baseline,26.514513429720182,159.96040136567157
2026-07-20,WS-f575dcdea0dc,AEG?,baseline,26.262529200609322,157.28205775942152
2026-07-21,WS-f575dcdea0dc,AEG?,baseline,26.019020679390664,154.69380256117068
2026-07-22,WS-f575dcdea0dc,AEG?,baseline,25.7992098834579,152.3574307892204
2026-07-23,WS-f575dcdea0dc,AEG?,baseline,25.689339465050928,151.18961670143133
2026-07-24,WS-f575dcdea0dc,AEG?,baseline,25.480922737178773,148.97435262517695
2026-07-25,WS-f575dcdea0dc,AEG?,baseline,25.269238943245533,146.72436286181588
2026-07-26,WS-f575dcdea0dc,AEG?,baseline,25.060752252444647,144.5083551486938
2026-07-27,WS-f575dcdea0dc,AEG?,baseline,24.843151684863443,142.19547592226766
2026-07-28,WS-f575dcdea0dc,AEG?,baseline,24.64110027606086,140.0478689041232
2026-07-29,WS-f575dcdea0dc,AEG?,baseline,24.64595507121866,140.09947058418234
2026-07-30,WS-f575dcdea0dc,AEG?,baseline,24.45877052692306,138.10988365974677
2026-07-31,WS-f575dcdea0dc,AEG?,baseline,24.250804772679913,135.89941298798476
2026-08-01,WS-f575dcdea0dc,AEG?,baseline,24.028869310036065,133.54045810628543
2026-08-02,WS-f575dcdea0dc,AEG?,baseline,23.833450182874792,131.4633456948531
2026-08-03,WS-f575dcdea0dc,AEG?,baseline,23.668959939365504,129.7149767848298
2026-08-04,WS-f575dcdea0dc,AEG?,baseline,23.512160977278988,128.04835860379154
2026-08-05,WS-f575dcdea0dc,AEG?,baseline,23.461200723566257,127.50670141283965
2026-08-06,WS-f575dcdea0dc,AEG?,baseline,23.349647398391753,126.32099968741291
2026-08-07,WS-f575dcdea0dc,AEG?,baseline,23.180872037122676,124.52708420570744
2026-08-08,WS-f575dcdea0dc,AEG?,baseline,22.998642812747473,122.59016744032324
2026-08-09,WS-f575dcdea0dc,AEG?,baseline,22.952085175103377,122.0953057120866
2026-08-10,WS-f575dcdea0dc,AEG?,baseline,24.949582293204674,143.32672822470693
2026-08-11,WS-f575dcdea0dc,AEG?,baseline,25.37601941808058,147.85933389970958
2026-08-12,WS-f575dcdea0dc,AEG?,baseline,25.258581173222165,146.61108128741066
2026-08-13,WS-f575dcdea0dc,AEG?,baseline,25.16329989341693,145.5983353411181
2026-08-14,WS-f575dcdea0dc,AEG?,baseline,24.950235628010187,143.3336725287424
2026-08-15,WS-f575dcdea0dc,AEG?,baseline,24.72224088442243,140.91031347209983
2026-08-16,WS-f575dcdea0dc,AEG?,baseline,24.516036930525384,138.71856899883494
2026-08-17,WS-f575dcdea0dc,AEG?,baseline,24.39712383746128,137.4546402060233
2026-08-18,WS-f575dcdea0dc,AEG?,baseline,24.172648554633057,135.06868954297747
2026-08-19,WS-f575dcdea0dc,AEG?,baseline,23.94060807297364,132.6023282844311
2026-08-20,WS-f575dcdea0dc,AEG?,baseline,23.744107173137273,130.5137176973472
2026-08-21,WS-f575dcdea0dc,AEG?,baseline,23.82256640370565,131.34766186633587
2026-08-22,WS-f575dcdea0dc,AEG?,baseline,23.580199585738832,128.77154184660634
2026-08-23,WS-f575dcdea0dc,AEG?,baseline,23.369904551443028,126.53631322726082
2026-08-24,WS-f575dcdea0dc,AEG?,baseline,23.131046973891134,123.99749296895392
2026-08-25,WS-f575dcdea0dc,AEG?,baseline,23.71676433064941,130.22309027351008
2026-08-26,WS-f575dcdea0dc,AEG?,baseline,25.457593453683728,148.72638537140142
2026-08-27,WS-f575dcdea0dc,AEG?,baseline,26.290343769307874,157.5776991672082
2026-08-28,WS-f575dcdea0dc,AEG?,baseline,26.02218037150783,154.7273869692489
2026-08-29,WS-f575dcdea0dc,AEG?,baseline,25.730107622667482,151.6229419721286
2026-08-30,WS-f575dcdea0dc,AEG?,baseline,25.424595376672695,148.3756483872144
2026-08-31,WS-f575dcdea0dc,AEG?,baseline,25.106739959881864,144.9971590814446
2026-09-01,WS-f575dcdea0dc,AEG?,baseline,24.82378503428975,141.9896275446864
2026-09-02,WS-f575dcdea0dc,AEG?,baseline,24.544303020525604,139.01900963233373
2026-09-03,WS-f575dcdea0dc,AEG?,baseline,24.72761475856695,140.96743244937298
2026-09-04,WS-f575dcdea0dc,AEG?,baseline,24.509365000744964,138.6476529715431
2026-09-05,WS-f575dcdea0dc,AEG?,baseline,24.39495481048228,137.43158559041703
2026-09-06,WS-f575dcdea0dc,AEG?,baseline,24.655405235722128,140.1999165040131
2026-09-07,WS-f575dcdea0dc,AEG?,baseline,24.39075541643285,137.38695017715287
2026-09-08,WS-f575dcdea0dc,AEG?,baseline,24.076467177674246,134.0463764524839
2026-09-09,WS-f575dcdea0dc,AEG?,baseline,23.868932794098264,131.84049082508122
2026-09-10,WS-f575dcdea0dc,AEG?,baseline,23.56971797526961,128.6601326743637
2026-09-11,WS-f575dcdea0dc,AEG?,baseline,23.305015658859325,125.84660835493028
2026-09-12,WS-f575dcdea0dc,AEG?,baseline,23.03008317919268,122.9243474989079
2026-09-13,WS-f575dcdea0dc,AEG?,baseline,22.76153485587225,120.06994392265071
2026-09-14,WS-f575dcdea0dc,AEG?,baseline,22.519600239862623,117.49841778307284
2026-09-15,WS-f575dcdea0dc,AEG?,baseline,22.30702258431043,115.23892715308835
2026-09-16,WS-f575dcdea0dc,AEG?,baseline,22.01614852713667,112.14722306508129
2026-09-17,WS-f575dcdea0dc,AEG?,baseline,21.752111409743947,109.34076915454554
2026-09-18,WS-f575dcdea0dc,AEG?,baseline,21.471485645831354,106.3579943071813
2026-09-19,WS-f575dcdea0dc,AEG?,baseline,21.180464588279563,103.26472775026889
2026-09-20,WS-f575dcdea0dc,AEG?,baseline,20.884763191070135,100.12171380304817
2026-09-21,WS-f575dcdea0dc,AEG?,baseline,20.572573508749986,96.80344566170528
2026-09-22,WS-f575dcdea0dc,AEG?,baseline,20.3693051128077,94.64290327162894
2026-09-23,WS-f575dcdea0dc,AEG?,baseline,20.138448596504745,92.18912639605641
2026-09-24,WS-f575dcdea0dc,AEG?,baseline,19.886196969973795,89.50794061919527
2026-09-25,WS-f575dcdea0dc,AEG?,baseline,19.660270380058684,87.1065639944907
2026-09-26,WS-f575dcdea0dc,AEG?,baseline,19.38866325800189,84.21964840719514
2026-09-27,WS-f575dcdea0dc,AEG?,baseline,19.236831882432558,82.60583076702301
2026-09-28,WS-f575dcdea0dc,AEG?,baseline,19.031831760689286,80.42688184117563
2025-03-01,WS-201f28e185df,EOG,moderate_1m,16.344043909771692,53.53437625240904
2025-03-02,WS-201f28e185df,EOG,moderate_1m,16.120965059787117,51.163268291986064
2025-03-03,WS-201f28e185df,EOG,moderate_1m,15.938422234536157,49.22301825886736
2025-03-04,WS-201f28e185df,EOG,moderate_1m,15.762801928791133,47.35634777445014
2025-03-05,WS-201f28e185df,EOG,moderate_1m,15.587761356621028,45.495839285643484
2025-03-06,WS-201f28e185df,EOG,moderate_1m,15.437121837941897,43.894689907658645
2025-03-07,WS-201f28e185df,EOG,moderate_1m,15.31244845810277,42.569534952763405
2025-03-08,WS-201f28e185df,EOG,moderate_1m,15.176963780562835,41.129466575808365
2025-03-09,WS-201f28e185df,EOG,moderate_1m,15.040781590151758,39.68198432559116
2025-03-10,WS-201f28e185df,EOG,moderate_1m,14.92128025816565,38.411803133725556
2025-03-11,WS-201f28e185df,EOG,moderate_1m,15.410523086888118,43.61197144122724
2025-03-12,WS-201f28e185df,EOG,moderate_1m,15.282919700952958,42.25567341392116
2025-03-13,WS-201f28e185df,EOG,moderate_1m,15.128540917638238,40.61477934411913
2025-03-14,WS-201f28e185df,EOG,moderate_1m,14.974942361660508,38.98217832069867
2025-03-15,WS-201f28e185df,EOG,moderate_1m,14.820844609088615,37.34427133027011
2025-03-16,WS-201f28e185df,EOG,moderate_1m,14.698793691280935,36.04699055797487
2025-03-17,WS-201f28e185df,EOG,moderate_1m,14.586969979013885,34.858414884670154
2025-03-18,WS-201f28e185df,EOG,moderate_1m,14.474535364056555,33.66334591882761
2025-03-19,WS-201f28e185df,EOG,moderate_1m,14.360192512736328,32.4479942841854
2025-03-20,WS-201f28e185df,EOG,moderate_1m,14.310831699183852,31.923337563230817
2025-03-21,WS-201f28e185df,EOG,moderate_1m,14.533179116108888,34.28667111227366
2025-03-22,WS-201f28e185df,EOG,moderate_1m,14.904499910255607,38.23344460035982
2025-03-23,WS-201f28e185df,EOG,moderate_1m,14.79754238758496,37.09659171874855
2025-03-24,WS-201f28e185df,EOG,moderate_1m,14.671537976686169,35.75728921763205
2025-03-25,WS-201f28e185df,EOG,moderate_1m,14.563855768693264,34.61273364642679
2025-03-26,WS-201f28e185df,EOG,moderate_1m,14.45221359009644,33.42608749683351
2025-03-27,WS-201f28e185df,EOG,moderate_1m,14.360135149548418,32.44738457012468
2025-03-28,WS-201f28e185df,EOG,moderate_1m,14.297993974302491,31.786885220653176
2025-03-29,WS-201f28e185df,EOG,moderate_1m,15.41054796691287,43.61223589132972
2025-03-30,WS-201f28e185df,EOG,moderate_1m,16.28373226793039,52.89332303698329
2025-03-31,WS-201f28e185df,EOG,moderate_1m,16.352121906593027,53.62023738433016
2025-04-01,WS-201f28e185df,EOG,moderate_1m,16.19294070081923,51.92829830455603
2025-04-02,WS-201f28e185df,EOG,moderate_1m,16.054339293494255,50.455102166702495
2025-04-03,WS-201f28e185df,EOG,moderate_1m,15.923988733108247,49.06960438688955
2025-04-04,WS-201f28e185df,EOG,moderate_1m,15.799317679806043,47.74447416078511
2025-04-05,WS-201f28e185df,EOG,moderate_1m,15.659623087672776,46.2596585475697
2025-04-06,WS-201f28e185df,EOG,moderate_1m,15.550010534596757,45.09458531369388
2025-04-07,WS-201f28e185df,EOG,moderate_1m,15.43350884867026,43.85628739830604
2025-04-08,WS-201f28e185df,EOG,moderate_1m,15.323960219842041,42.691893616080726
2025-04-09,WS-201f28e185df,EOG,moderate_1m,15.20087599696731,41.38362983096201
2025-04-10,WS-201f28e185df,EOG,moderate_1m,15.101046089805473,40.32253646609981
2025-04-11,WS-201f28e185df,EOG,moderate_1m,14.98651863977699,39.10522272941766
2025-04-12,WS-201f28e185df,EOG,moderate_1m,14.880469577567935,37.97802588571565
2025-04-13,WS-201f28e185df,EOG,moderate_1m,14.782353495269634,36.93514878733049
2025-04-14,WS-201f28e185df,EOG,moderate_1m,14.691673928936039,35.97131451260583
2025-04-15,WS-201f28e185df,EOG,moderate_1m,14.612597667508412,35.13081191469257
2025-04-16,WS-201f28e185df,EOG,moderate_1m,14.529354986811947,34.246024392881424
2025-04-17,WS-201f28e185df,EOG,moderate_1m,14.443811835815476,33.33678514271754
2025-04-18,WS-201f28e185df,EOG,moderate_1m,14.360539873718961,32.45168638852931
2025-04-19,WS-201f28e185df,EOG,moderate_1m,14.27670106803704,31.560562646594537
2025-04-20,WS-201f28e185df,EOG,moderate_1m,14.201918115528832,30.76569368430428
2025-04-21,WS-201f28e185df,EOG,moderate_1m,14.525930830266772,34.20962898900267
2025-04-22,WS-201f28e185df,EOG,moderate_1m,14.623835214627226,35.25025594728862
2025-04-23,WS-201f28e185df,EOG,moderate_1m,14.567635797306961,34.652911619090666
2025-04-24,WS-201f28e185df,EOG,moderate_1m,14.535712285450371,34.31359620172569
2025-04-25,WS-201f28e185df,EOG,moderate_1m,14.47349717736545,33.65231101915938
2025-04-26,WS-201f28e185df,EOG,moderate_1m,14.431819675639217,33.20932031824598
2025-04-27,WS-201f28e185df,EOG,moderate_1m,14.493033370732524,33.85996146926808
2025-04-28,WS-201f28e185df,EOG,moderate_1m,14.439890680935688,33.29510713715961
2025-04-29,WS-201f28e185df,EOG,moderate_1m,14.390921930060601,32.77461765543633
2025-04-30,WS-201f28e185df,EOG,moderate_1m,15.315138021884009,42.598122360723394
2025-05-01,WS-201f28e185df,EOG,moderate_1m,15.239725080093928,41.796557234268164
2025-05-02,WS-201f28e185df,EOG,moderate_1m,15.151420718011236,40.857969036019774
2025-05-03,WS-201f28e185df,EOG,moderate_1m,15.070345241775088,39.99621675824041
2025-05-04,WS-201f28e185df,EOG,moderate_1m,14.992691518324728,39.170834334750374
2025-05-05,WS-201f28e185df,EOG,moderate_1m,14.923346024067003,38.43376018601182
2025-05-06,WS-201f28e185df,EOG,moderate_1m,14.847080965275664,37.62313789701054
2025-05-07,WS-201f28e185df,EOG,moderate_1m,14.770814250755238,36.812498009243534
2025-05-08,WS-201f28e185df,EOG,moderate_1m,14.700917302126383,36.06956244491452
2025-05-09,WS-201f28e185df,EOG,moderate_1m,14.632430986618958,35.34162051814322
2025-05-10,WS-201f28e185df,EOG,moderate_1m,14.572889581644356,34.70875416026209
2025-05-11,WS-201f28e185df,EOG,moderate_1m,14.518870782869547,34.13458765457905
2025-05-12,WS-201f28e185df,EOG,moderate_1m,14.532290555249412,34.27722658749073
2025-05-13,WS-201f28e185df,EOG,moderate_1m,14.483344348380948,33.7569767263033
2025-05-14,WS-201f28e185df,EOG,moderate_1m,14.815023101346599,37.28239444974238
2025-05-15,WS-201f28e185df,EOG,moderate_1m,14.74902077808398,36.58085490843115
2025-05-16,WS-201f28e185df,EOG,moderate_1m,14.701340921435252,36.074065099987
2025-05-17,WS-201f28e185df,EOG,moderate_1m,14.651372813241254,35.54295343649108
2025-05-18,WS-201f28e185df,EOG,moderate_1m,14.58692871718357,34.85797631214603
2025-05-19,WS-201f28e185df,EOG,moderate_1m,14.560435407991841,34.576378588620024
2025-05-20,WS-201f28e185df,EOG,moderate_1m,14.508102429745831,34.02013069098053
2025-05-21,WS-201f28e185df,EOG,moderate_1m,14.463891319823558,33.5502102360244
2025-05-22,WS-201f28e185df,EOG,moderate_1m,14.698720281287267,36.046210282209714
2025-05-23,WS-201f28e185df,EOG,moderate_1m,19.079065535067137,82.60495622050308
2025-05-24,WS-201f28e185df,EOG,moderate_1m,19.417071932568838,86.1976305589515
2025-05-25,WS-201f28e185df,EOG,moderate_1m,19.27554050888299,84.69329123958215
2025-05-26,WS-201f28e185df,EOG,moderate_1m,19.183600222507565,83.71605675534742
2025-05-27,WS-201f28e185df,EOG,moderate_1m,19.568204244499036,87.80401784272856
2025-05-28,WS-201f28e185df,EOG,moderate_1m,19.4555379518493,86.60648637171906
2025-05-29,WS-201f28e185df,EOG,moderate_1m,19.33557469654859,85.33139539101234
2025-05-30,WS-201f28e185df,EOG,moderate_1m,19.20642160877643,83.95862556298536
2025-05-31,WS-201f28e185df,EOG,moderate_1m,19.086532788579476,82.68432575395205
2025-06-01,WS-201f28e185df,EOG,moderate_1m,18.986157208553067,81.61743242520681
2025-06-02,WS-201f28e185df,EOG,moderate_1m,18.890569855435785,80.60143322175111
2025-06-03,WS-201f28e185df,EOG,moderate_1m,18.775474942074084,79.37808791001497
2025-06-04,WS-201f28e185df,EOG,moderate_1m,18.651935245485113,78.06498288894007
2025-06-05,WS-201f28e185df,EOG,moderate_1m,18.54046225942212,76.88013508896105
2025-06-06,WS-201f28e185df,EOG,moderate_1m,18.46358430746924,76.06299835067729
2025-06-07,WS-201f28e185df,EOG,moderate_1m,18.57438951183788,77.24074829045387
2025-06-08,WS-201f28e185df,EOG,moderate_1m,19.548979168606415,87.59967426425001
2025-06-09,WS-201f28e185df,EOG,moderate_1m,20.349818004782357,96.11180053531494
2025-06-10,WS-201f28e185df,EOG,moderate_1m,20.237255377614133,94.91537092603927
2025-06-11,WS-201f28e185df,EOG,moderate_1m,20.109845228167394,93.5611268118495
2025-06-12,WS-201f28e185df,EOG,moderate_1m,20.004274082157004,92.4390097455587
2025-06-13,WS-201f28e185df,EOG,moderate_1m,19.903925295330126,91.37240120207528
2025-06-14,WS-201f28e185df,EOG,moderate_1m,19.794459878043902,90.20889187639814
2025-06-15,WS-201f28e185df,EOG,moderate_1m,19.810551738964072,90.37993247270961
2025-06-16,WS-201f28e185df,EOG,moderate_1m,20.05929223579981,93.02379840696366
2025-06-17,WS-201f28e185df,EOG,moderate_1m,19.99550724007728,92.34582686854259
2025-06-18,WS-201f28e185df,EOG,moderate_1m,19.879450757629698,91.11226102664781
2025-06-19,WS-201f28e185df,EOG,moderate_1m,19.76884398948259,89.93662026801735
2025-06-20,WS-201f28e185df,EOG,moderate_1m,19.659664403839223,88.7761490505417
2025-06-21,WS-201f28e185df,EOG,moderate_1m,19.53669583324679,87.46911453501626
2025-06-22,WS-201f28e185df,EOG,moderate_1m,19.423024705036305,86.26090265393132
2025-06-23,WS-201f28e185df,EOG,moderate_1m,19.349770536599017,85.4822831571577
2025-06-24,WS-201f28e185df,EOG,moderate_1m,20.803309975955756,100.93197251894989
2025-06-25,WS-201f28e185df,EOG,moderate_1m,21.395825112401567,107.22982351107635
2025-06-26,WS-201f28e185df,EOG,moderate_1m,22.0686436151854,114.38122001496245
2025-06-27,WS-201f28e185df,EOG,moderate_1m,21.9151033804076,112.74923888832481
2025-06-28,WS-201f28e185df,EOG,moderate_1m,21.758928406726447,111.08925308805806
2025-06-29,WS-201f28e185df,EOG,moderate_1m,21.619315947903793,109.60531047085558
2025-06-30,WS-201f28e185df,EOG,moderate_1m,21.490950215189677,108.2409094498488
2025-07-01,WS-201f28e185df,EOG,moderate_1m,21.382712379415942,107.09044810382788
2025-07-02,WS-201f28e185df,EOG,moderate_1m,21.815501399554392,111.69056815512317
2025-07-03,WS-201f28e185df,EOG,moderate_1m,21.650924910224113,109.94128253716126
2025-07-04,WS-201f28e185df,EOG,moderate_1m,21.88580113358438,112.43778493065183
2025-07-05,WS-201f28e185df,EOG,moderate_1m,21.778178649300784,111.29386416351966
2025-07-06,WS-201f28e185df,EOG,moderate_1m,21.66688794550698,110.11095384411998
2025-07-07,WS-201f28e185df,EOG,moderate_1m,22.538284647741854,119.37304057936319
2025-07-08,WS-201f28e185df,EOG,moderate_1m,22.412883604070352,118.0401512762517
2025-07-09,WS-201f28e185df,EOG,moderate_1m,22.273818074363035,116.5620219756378
2025-07-10,WS-201f28e185df,EOG,moderate_1m,22.655810164188566,120.62222080249457
2025-07-11,WS-201f28e185df,EOG,moderate_1m,23.173603349588944,126.12585121766172
2025-07-12,WS-201f28e185df,EOG,moderate_1m,23.023570886143993,124.53115423755449
2025-07-13,WS-201f28e185df,EOG,moderate_1m,22.877724550863654,122.98095166745135
2025-07-14,WS-201f28e185df,EOG,moderate_1m,22.811926222848385,122.2815803942432
2025-07-15,WS-201f28e185df,EOG,moderate_1m,22.67918131052607,120.87063301695997
2025-07-16,WS-201f28e185df,EOG,moderate_1m,22.510672064978415,119.07954608267396
2025-07-17,WS-201f28e185df,EOG,moderate_1m,22.345728645769654,117.326360362323
2025-07-18,WS-201f28e185df,EOG,moderate_1m,22.168149670898472,115.43887115861803
2025-07-19,WS-201f28e185df,EOG,moderate_1m,21.99342749987631,113.58174695970055
2025-07-20,WS-201f28e185df,EOG,moderate_1m,21.821516173837615,111.75449926819856
2025-07-21,WS-201f28e185df,EOG,moderate_1m,21.661936202403773,110.05832170310438
2025-07-22,WS-201f28e185df,EOG,moderate_1m,21.528329647873036,108.63821591972588
2025-07-23,WS-201f28e185df,EOG,moderate_1m,23.04160727714642,124.72286326907451
2025-07-24,WS-201f28e185df,EOG,moderate_1m,22.88345885882319,123.04190170037158
2025-07-25,WS-201f28e185df,EOG,moderate_1m,22.734090739314304,121.45426604048983
2025-07-26,WS-201f28e185df,EOG,moderate_1m,23.895897203015224,133.80312185870213
2025-07-27,WS-201f28e185df,EOG,moderate_1m,24.807715974826884,143.49485529042474
2025-07-28,WS-201f28e185df,EOG,moderate_1m,25.355074367207173,149.31273467014617
2025-07-29,WS-201f28e185df,EOG,moderate_1m,25.75078359526551,153.5187331353832
2025-07-30,WS-201f28e185df,EOG,moderate_1m,25.62013867043214,152.13010655208004
2025-07-31,WS-201f28e185df,EOG,moderate_1m,25.35081743667493,149.2674877008675
2025-08-01,WS-201f28e185df,EOG,moderate_1m,25.144059092290675,147.06985060399668
2025-08-02,WS-201f28e185df,EOG,moderate_1m,25.085748740023774,146.45006912115028
2025-08-03,WS-201f28e185df,EOG,moderate_1m,24.826483074643896,143.69433103531605
2025-08-04,WS-201f28e185df,EOG,moderate_1m,24.578245812710414,141.05581399129872
2025-08-05,WS-201f28e185df,EOG,moderate_1m,24.484828551868013,140.06288072649286
2025-08-06,WS-201f28e185df,EOG,moderate_1m,24.25210021214412,137.5892082157483
2025-08-07,WS-201f28e185df,EOG,moderate_1m,24.055629537044226,135.50091888777638
2025-08-08,WS-201f28e185df,EOG,moderate_1m,23.844743348579975,133.25940688318508
2025-08-09,WS-201f28e185df,EOG,moderate_1m,23.648752187760373,131.17621431865444
2025-08-10,WS-201f28e185df,EOG,moderate_1m,23.43336858329411,128.88689922163894
2025-08-11,WS-201f28e185df,EOG,moderate_1m,23.22174389914671,126.63753773695052
2025-08-12,WS-201f28e185df,EOG,moderate_1m,23.00297287735816,124.31221773772793
2025-08-13,WS-201f28e185df,EOG,moderate_1m,22.836101715337833,122.53854201428398
2025-08-14,WS-201f28e185df,EOG,moderate_1m,22.666623694099727,120.73715795074683
2025-08-15,WS-201f28e185df,EOG,moderate_1m,22.483882316360386,118.79479750068006
2025-08-16,WS-201f28e185df,EOG,moderate_1m,22.316560319770247,117.01632985080568
2025-08-17,WS-201f28e185df,EOG,moderate_1m,22.204248587663855,115.82256700836332
2025-08-18,WS-201f28e185df,EOG,moderate_1m,21.99424688796629,113.59045624622841
2025-08-19,WS-201f28e185df,EOG,moderate_1m,21.79315374136545,111.45303460932861
2025-08-20,WS-201f28e185df,EOG,moderate_1m,21.699188027101037,110.45427182605896
2025-08-21,WS-201f28e185df,EOG,moderate_1m,21.661280303870655,110.05135014917526
2025-08-22,WS-201f28e185df,EOG,moderate_1m,21.503145705441106,108.37053547229972
2025-08-23,WS-201f28e185df,EOG,moderate_1m,21.306655528836103,106.28203886257964
2025-08-24,WS-201f28e185df,EOG,moderate_1m,21.07756283864628,103.84700971740806
2025-08-25,WS-201f28e185df,EOG,moderate_1m,20.862607774281493,101.56224957863276
2025-08-26,WS-201f28e185df,EOG,moderate_1m,20.669768610265884,99.51255962859788
2025-08-27,WS-201f28e185df,EOG,moderate_1m,21.80144743467951,111.54118838204002
2025-08-28,WS-201f28e185df,EOG,moderate_1m,22.469835354174457,118.64549215926777
2025-08-29,WS-201f28e185df,EOG,moderate_1m,23.17367971676049,126.12666292530847
2025-08-30,WS-201f28e185df,EOG,moderate_1m,24.273668654421606,137.81845946561623
2025-08-31,WS-201f28e185df,EOG,moderate_1m,24.00609043315164,134.9743671165078
2025-09-01,WS-201f28e185df,EOG,moderate_1m,23.744034093165595,132.18896691445735
2025-09-02,WS-201f28e185df,EOG,moderate_1m,23.510015354433527,129.7015787360885
2025-09-03,WS-201f28e185df,EOG,moderate_1m,23.22489049628811,126.67098295836314
2025-09-04,WS-201f28e185df,EOG,moderate_1m,22.897636504041408,123.19259607341186
2025-09-05,WS-201f28e185df,EOG,moderate_1m,22.642637612014695,120.4822095763263
2025-09-06,WS-201f28e185df,EOG,moderate_1m,22.362310648288123,117.50261067997535
2025-09-07,WS-201f28e185df,EOG,moderate_1m,22.11908957422468,114.9174107612276
2025-09-08,WS-201f28e185df,EOG,moderate_1m,22.16778617138001,115.43500751756956
2025-09-09,WS-201f28e185df,EOG,moderate_1m,21.83420817642145,111.88940272660494
2025-09-10,WS-201f28e185df,EOG,moderate_1m,22.131229134849903,115.04644230696356
2025-09-11,WS-201f28e185df,EOG,moderate_1m,25.38690006866556,149.65101045953298
2025-09-12,WS-201f28e185df,EOG,moderate_1m,25.13320486850511,146.95448092003096
2025-09-13,WS-201f28e185df,EOG,moderate_1m,24.835310113567196,143.78815374535537
2025-09-14,WS-201f28e185df,EOG,moderate_1m,24.54998773173898,140.7554584858697
2025-09-15,WS-201f28e185df,EOG,moderate_1m,24.204418691038022,137.08240071576535
2025-09-16,WS-201f28e185df,EOG,moderate_1m,23.938269547496823,134.2534980521828
2025-09-17,WS-201f28e185df,EOG,moderate_1m,24.064423622999556,135.59439134029603
2025-09-18,WS-201f28e185df,EOG,moderate_1m,23.743131856387947,132.17937702816462
2025-09-19,WS-201f28e185df,EOG,moderate_1m,23.475188049018925,129.33139885971585
2025-09-20,WS-201f28e185df,EOG,moderate_1m,24.248309280733004,137.54891435711068
2025-09-21,WS-201f28e185df,EOG,moderate_1m,23.9694807626922,134.58524245919114
2025-09-22,WS-201f28e185df,EOG,moderate_1m,23.62754028556858,130.9507527379347
2025-09-23,WS-201f28e185df,EOG,moderate_1m,23.839190434953622,133.20038489296104
2025-09-24,WS-201f28e185df,EOG,moderate_1m,23.569176919428926,130.3304077699542
2025-09-25,WS-201f28e185df,EOG,moderate_1m,23.243624568493438,126.87010765234585
2025-09-26,WS-201f28e185df,EOG,moderate_1m,22.845268975483094,122.63598094005938
2025-09-27,WS-201f28e185df,EOG,moderate_1m,22.433965139299644,118.2642271848534
2025-09-28,WS-201f28e185df,EOG,moderate_1m,22.113245565021458,114.85529471237982
2025-09-29,WS-201f28e185df,EOG,moderate_1m,21.8017706406035,111.54462374195555
2025-09-30,WS-201f28e185df,EOG,moderate_1m,21.518369420930668,108.5323485396838
2025-10-01,WS-201f28e185df,EOG,moderate_1m,21.21010674171398,105.25582056474335
2025-10-02,WS-201f28e185df,EOG,moderate_1m,20.974216613270812,102.74854136110986
2025-10-03,WS-201f28e185df,EOG,moderate_1m,20.836864221293702,101.28862102342394
2025-10-04,WS-201f28e185df,EOG,moderate_1m,20.570850516147793,98.4611579362837
2025-10-05,WS-201f28e185df,EOG,moderate_1m,20.286978940505882,95.44388331437808
2025-10-06,WS-201f28e185df,EOG,moderate_1m,20.028145628415672,92.69274071721043
2025-10-07,WS-201f28e185df,EOG,moderate_1m,19.849178816432072,90.79050017502014
2025-10-08,WS-201f28e185df,EOG,moderate_1m,19.587422374824122,88.00828759668059
2025-10-09,WS-201f28e185df,EOG,moderate_1m,20.60828794066142,98.85908080206923
2025-10-10,WS-201f28e185df,EOG,moderate_1m,20.49173538243913,97.62024216439634
2025-10-11,WS-201f28e185df,EOG,moderate_1m,20.13090723907755,93.78499519621246
2025-10-12,WS-201f28e185df,EOG,moderate_1m,19.884600261974306,91.16699517443715
2025-10-13,WS-201f28e185df,EOG,moderate_1m,19.58664250196336,87.99999831803137
2025-10-14,WS-201f28e185df,EOG,moderate_1m,19.32163264440444,85.18320513978087
2025-10-15,WS-201f28e185df,EOG,moderate_1m,19.043231486776733,82.22407566117874
2025-10-16,WS-201f28e185df,EOG,moderate_1m,18.746349362482206,79.06851175061209
2025-10-17,WS-201f28e185df,EOG,moderate_1m,18.481164691922608,76.24986048273306
2025-10-18,WS-201f28e185df,EOG,moderate_1m,18.2254333813839,73.5316890998805
2025-10-19,WS-201f28e185df,EOG,moderate_1m,17.997700473082986,71.11111309386328
2025-10-20,WS-201f28e185df,EOG,moderate_1m,17.68311853482586,67.7674176334539
2025-10-21,WS-201f28e185df,EOG,moderate_1m,17.645533111846902,67.3679216900804
2025-10-22,WS-201f28e185df,EOG,moderate_1m,17.74852225777917,68.46259464439254
2025-10-23,WS-201f28e185df,EOG,moderate_1m,17.660877781236913,67.5310203780252
2025-10-24,WS-201f28e185df,EOG,moderate_1m,17.606403946220667,66.95201728629004
2025-10-25,WS-201f28e185df,EOG,moderate_1m,17.419106621022912,64.96123161219752
2025-10-26,WS-201f28e185df,EOG,moderate_1m,17.30132327874884,63.70931095503704
2025-10-27,WS-201f28e185df,EOG,moderate_1m,18.21262038005503,73.39549954425969
2025-10-28,WS-201f28e185df,EOG,moderate_1m,18.253923130440832,73.83450700836447
2025-10-29,WS-201f28e185df,EOG,moderate_1m,18.09477163108678,72.14288367850715
2025-10-30,WS-201f28e185df,EOG,moderate_1m,17.919153533938903,70.2762366692974
2025-10-31,WS-201f28e185df,EOG,moderate_1m,17.734587470039315,68.31448160660761
2025-11-01,WS-201f28e185df,EOG,moderate_1m,17.84671893790467,69.50632841811772
2025-11-02,WS-201f28e185df,EOG,moderate_1m,17.580882466193955,66.68074914743559
2025-11-03,WS-201f28e185df,EOG,moderate_1m,17.391490209775142,64.66769642249919
2025-11-04,WS-201f28e185df,EOG,moderate_1m,17.496287618167628,65.78158942171584
2025-11-05,WS-201f28e185df,EOG,moderate_1m,18.53905240732515,76.86514975292235
2025-11-06,WS-201f28e185df,EOG,moderate_1m,18.274678159919638,74.05511248315253
2025-11-07,WS-201f28e185df,EOG,moderate_1m,17.997783056057067,71.11199086935503
2025-11-08,WS-201f28e185df,EOG,moderate_1m,17.756239989640946,68.54462651543335
2025-11-09,WS-201f28e185df,EOG,moderate_1m,17.529284520559536,66.13231392086118
2025-11-10,WS-201f28e185df,EOG,moderate_1m,17.313146694776222,63.83498219578384
2025-11-11,WS-201f28e185df,EOG,moderate_1m,17.11271317534478,61.704571744535976
2025-11-12,WS-201f28e185df,EOG,moderate_1m,16.96393291970456,60.12318449726136
2025-11-13,WS-201f28e185df,EOG,moderate_1m,16.726264118021057,57.59699975292136
2025-11-14,WS-201f28e185df,EOG,moderate_1m,16.47639609581004,54.94114933697808
2025-11-15,WS-201f28e185df,EOG,moderate_1m,16.678902301941413,57.093590401769134
2025-11-16,WS-201f28e185df,EOG,moderate_1m,16.548311236799634,55.70553629381941
2025-11-17,WS-201f28e185df,EOG,moderate_1m,16.41746424955496,54.314761986552426
2025-11-18,WS-201f28e185df,EOG,moderate_1m,16.211769229447953,52.128426977075634
2025-11-19,WS-201f28e185df,EOG,moderate_1m,16.00347296036967,49.91444325888776
2025-11-20,WS-201f28e185df,EOG,moderate_1m,15.793342209496283,47.68096081014822
2025-11-21,WS-201f28e185df,EOG,moderate_1m,15.690565110941032,46.58854171012874
2025-11-22,WS-201f28e185df,EOG,moderate_1m,15.600112212463612,45.62711669095739
2025-11-23,WS-201f28e185df,EOG,moderate_1m,17.120068973759174,61.782756620318004
2025-11-24,WS-201f28e185df,EOG,moderate_1m,17.014621060428077,60.661949395757524
2025-11-25,WS-201f28e185df,EOG,moderate_1m,16.782611127498598,58.19591284005389
2025-11-26,WS-201f28e185df,EOG,moderate_1m,16.767637385743143,58.03675674669882
2025-11-27,WS-201f28e185df,EOG,moderate_1m,16.493506911247145,55.12302041393158
2025-11-28,WS-201f28e185df,EOG,moderate_1m,16.26616730108487,52.70662477887927
2025-11-29,WS-201f28e185df,EOG,moderate_1m,16.08939669267403,50.8277277126592
2025-11-30,WS-201f28e185df,EOG,moderate_1m,16.16857145737437,51.66927730312274
2025-12-01,WS-201f28e185df,EOG,moderate_1m,16.083684969334236,50.76701773195212
2025-12-02,WS-201f28e185df,EOG,moderate_1m,16.260240813634333,52.64363206768189
2025-12-03,WS-201f28e185df,EOG,moderate_1m,16.04988587322437,50.40776670547987
2025-12-04,WS-201f28e185df,EOG,moderate_1m,15.824734222713927,48.01462692165637
2025-12-05,WS-201f28e185df,EOG,moderate_1m,15.558898583781604,45.18905650258639
2025-12-06,WS-201f28e185df,EOG,moderate_1m,15.31644286951815,42.61199160297865
2025-12-07,WS-201f28e185df,EOG,moderate_1m,15.148441635947533,40.82630433451856
2025-12-08,WS-201f28e185df,EOG,moderate_1m,14.992295843984698,39.166628707110426
2025-12-09,WS-201f28e185df,EOG,moderate_1m,14.795562658375482,37.07554915156479
2025-12-10,WS-201f28e185df,EOG,moderate_1m,14.625200501778627,35.26476760194874
2025-12-11,WS-201f28e185df,EOG,moderate_1m,14.515982990459948,34.10389327198331
2025-12-12,WS-201f28e185df,EOG,moderate_1m,14.419118252405399,33.07431672763
2025-12-13,WS-201f28e185df,EOG,moderate_1m,14.346410503146538,32.30150512731895
2025-12-14,WS-201f28e185df,EOG,moderate_1m,14.729621920513607,36.37466420226874
2025-12-15,WS-201f28e185df,EOG,moderate_1m,14.581161467388105,34.79667614002876
2025-12-16,WS-201f28e185df,EOG,moderate_1m,14.433184546745116,33.223827550753136
2025-12-17,WS-201f28e185df,EOG,moderate_1m,14.267723843452211,31.46514361123076
2025-12-18,WS-201f28e185df,EOG,moderate_1m,14.108328418113034,29.770927588945955
2025-12-19,WS-201f28e185df,EOG,moderate_1m,13.963886189456856,28.2356492861773
2025-12-20,WS-201f28e185df,EOG,moderate_1m,14.268828596468898,31.47688604522817
2025-12-21,WS-201f28e185df,EOG,moderate_1m,15.31329148103996,42.57849545438572
2025-12-22,WS-201f28e185df,EOG,moderate_1m,17.64433077019087,67.35514198518247
2025-12-23,WS-201f28e185df,EOG,moderate_1m,17.334833877789507,64.065495542457
2025-12-24,WS-201f28e185df,EOG,moderate_1m,17.04867852902288,61.02394666668914
2025-12-25,WS-201f28e185df,EOG,moderate_1m,16.773496881344492,58.09903740067116
2025-12-26,WS-201f28e185df,EOG,moderate_1m,16.526423953681068,55.472896080558215
2025-12-27,WS-201f28e185df,EOG,moderate_1m,16.285770744496098,52.91499003057066
2025-12-28,WS-201f28e185df,EOG,moderate_1m,16.04489100715111,50.35467620986197
2025-12-29,WS-201f28e185df,EOG,moderate_1m,15.822131568390818,47.986963275442584
2025-12-30,WS-201f28e185df,EOG,moderate_1m,15.58930899673132,45.51228917224473
2025-12-31,WS-201f28e185df,EOG,moderate_1m,15.395762682824211,43.45508291693455
2026-01-01,WS-201f28e185df,EOG,moderate_1m,16.472414323956578,54.898827032828734
2026-01-02,WS-201f28e185df,EOG,moderate_1m,16.24599933721803,52.49225923201766
2026-01-03,WS-201f28e185df,EOG,moderate_1m,16.0070439559707,49.95239941697635
2026-01-04,WS-201f28e185df,EOG,moderate_1m,15.837372771371383,48.148962217593024
2026-01-05,WS-201f28e185df,EOG,moderate_1m,15.685041166835374,46.52982763731208
2026-01-06,WS-201f28e185df,EOG,moderate_1m,15.463271071732306,44.17263044932669
2026-01-07,WS-201f28e185df,EOG,moderate_1m,15.23383084655345,41.73390735029491
2026-01-08,WS-201f28e185df,EOG,moderate_1m,14.99026587647454,39.145052156383784
2026-01-09,WS-201f28e185df,EOG,moderate_1m,14.758459173745438,36.68117573708907
2026-01-10,WS-201f28e185df,EOG,moderate_1m,14.506705550488158,34.00528324341727
2026-01-11,WS-201f28e185df,EOG,moderate_1m,14.366460190601055,32.514613512675446
2026-01-12,WS-201f28e185df,EOG,moderate_1m,14.214272416038403,30.897007703027842
2026-01-13,WS-201f28e185df,EOG,moderate_1m,14.064366685419197,29.303657767752476
2026-01-14,WS-201f28e185df,EOG,moderate_1m,13.930970508225064,27.885788087785627
2026-01-15,WS-201f28e185df,EOG,moderate_1m,14.141561910998108,30.12416681148056
2026-01-16,WS-201f28e185df,EOG,moderate_1m,14.098285241874178,29.664178539766592
2026-01-17,WS-201f28e185df,EOG,moderate_1m,14.021880890893263,28.852075712294045
2026-01-18,WS-201f28e185df,EOG,moderate_1m,13.949838263581219,28.08633370169472
2026-01-19,WS-201f28e185df,EOG,moderate_1m,13.85443861179595,27.072329578106697
2026-01-20,WS-201f28e185df,EOG,moderate_1m,13.743944937023334,25.897890890405655
2026-01-21,WS-201f28e185df,EOG,moderate_1m,13.622727368838474,24.6094678019501
2026-01-22,WS-201f28e185df,EOG,moderate_1m,13.517019503902718,23.48589754844641
2026-01-23,WS-201f28e185df,EOG,moderate_1m,13.413122393436366,22.38157382744482
2026-01-24,WS-201f28e185df,EOG,moderate_1m,13.304531742546827,21.227362405028494
2026-01-25,WS-201f28e185df,EOG,moderate_1m,13.201541080763983,20.132673338721133
2026-01-26,WS-201f28e185df,EOG,moderate_1m,13.102999980892653,19.08527872309574
2026-01-27,WS-201f28e185df,EOG,moderate_1m,13.003867767046986,18.031601149448264
2026-01-28,WS-201f28e185df,EOG,moderate_1m,12.90017623076904,16.929462479134493
2026-01-29,WS-201f28e185df,EOG,moderate_1m,12.81948716109729,16.071817321688876
2026-01-30,WS-201f28e185df,EOG,moderate_1m,12.728441132158684,15.104087911230843
2026-01-31,WS-201f28e185df,EOG,moderate_1m,12.638998696306368,14.15340311227428
2026-02-01,WS-201f28e185df,EOG,moderate_1m,12.58123264717855,13.539407034481046
2026-02-02,WS-201f28e185df,EOG,moderate_1m,12.68970536057961,14.692364897818237
2026-02-03,WS-201f28e185df,EOG,moderate_1m,12.637285218403397,14.13519053364555
2026-02-04,WS-201f28e185df,EOG,moderate_1m,12.57414888670426,13.464113653456865
2026-02-05,WS-201f28e185df,EOG,moderate_1m,12.504213969153296,12.720774516967317
2026-02-06,WS-201f28e185df,EOG,moderate_1m,12.441406621852645,12.053194416173728
2026-02-07,WS-201f28e185df,EOG,moderate_1m,12.391696564254088,11.524825575769654
2026-02-08,WS-201f28e185df,EOG,moderate_1m,14.93492043943837,38.556784795589074
2026-02-09,WS-201f28e185df,EOG,moderate_1m,15.518846136119956,44.76333852218833
2026-02-10,WS-201f28e185df,EOG,moderate_1m,16.265916567281387,52.703959726063054
2026-02-11,WS-201f28e185df,EOG,moderate_1m,16.08453685866239,50.77607247455784
2026-02-12,WS-201f28e185df,EOG,moderate_1m,16.057300572235235,50.48657763645793
2026-02-13,WS-201f28e185df,EOG,moderate_1m,15.846921961943847,48.25046068678242
2026-02-14,WS-201f28e185df,EOG,moderate_1m,15.693356786412659,46.61821446455684
2026-02-15,WS-201f28e185df,EOG,moderate_1m,15.527030027771085,44.85032521161483
2026-02-16,WS-201f28e185df,EOG,moderate_1m,15.36125232412621,43.08827187128167
2026-02-17,WS-201f28e185df,EOG,moderate_1m,15.185390786798086,41.21903733327066
2026-02-18,WS-201f28e185df,EOG,moderate_1m,15.01539429879284,39.4121424798094
2026-02-19,WS-201f28e185df,EOG,moderate_1m,14.847789569633209,37.630669661824115
2026-02-20,WS-201f28e185df,EOG,moderate_1m,14.700644888337207,36.06666695525208
2026-02-21,WS-201f28e185df,EOG,moderate_1m,14.542636444460152,34.38719317673455
2026-02-22,WS-201f28e185df,EOG,moderate_1m,14.471457685026019,33.63063322890007
2026-02-23,WS-201f28e185df,EOG,moderate_1m,14.985403999344198,39.093375201947524
2026-02-24,WS-201f28e185df,EOG,moderate_1m,14.820827981882607,37.34409459948399
2026-02-25,WS-201f28e185df,EOG,moderate_1m,14.68599163321709,35.91091731845854
2026-02-26,WS-201f28e185df,EOG,moderate_1m,15.106216435406674,40.37749213587306
2026-02-27,WS-201f28e185df,EOG,moderate_1m,15.008044627871937,39.33402273323437
2026-02-28,WS-201f28e185df,EOG,moderate_1m,15.00754980735928,39.32876327965272
2026-03-01,WS-201f28e185df,EOG,moderate_1m,14.922776008531203,38.4277014835638
2026-03-02,WS-201f28e185df,EOG,moderate_1m,15.310793051163055,42.551939611148676
2026-03-03,WS-201f28e185df,EOG,moderate_1m,18.58894268969962,77.39543420478338
2026-03-04,WS-201f28e185df,EOG,moderate_1m,20.231923372881965,94.85869697928766
2026-03-05,WS-201f28e185df,EOG,moderate_1m,19.944131247158808,91.79975078023554
2026-03-06,WS-201f28e185df,EOG,moderate_1m,19.63624779103796,88.52725357244931
2026-03-07,WS-201f28e185df,EOG,moderate_1m,19.388594046262476,85.89493873979562
2026-03-08,WS-201f28e185df,EOG,moderate_1m,20.021491254805717,92.62201129467984
2026-03-09,WS-201f28e185df,EOG,moderate_1m,19.746526350540115,89.69940579717888
2026-03-10,WS-201f28e185df,EOG,moderate_1m,19.41497554369078,86.17534801465276
2026-03-11,WS-201f28e185df,EOG,moderate_1m,19.129643672672188,83.14255189444076
2026-03-12,WS-201f28e185df,EOG,moderate_1m,18.82232859160638,79.87609595241153
2026-03-13,WS-201f28e185df,EOG,moderate_1m,18.90110469910151,80.71340821032283
2026-03-14,WS-201f28e185df,EOG,moderate_1m,18.651129492280845,78.05641852778746
2026-03-15,WS-201f28e185df,EOG,moderate_1m,18.396020550996596,75.34486231573067
2026-03-16,WS-201f28e185df,EOG,moderate_1m,18.182019753675164,73.07024509361037
2026-03-17,WS-201f28e185df,EOG,moderate_1m,18.03077014831831,71.46261109649552
2026-03-18,WS-201f28e185df,EOG,moderate_1m,17.92213912879503,70.30797059535291
2026-03-19,WS-201f28e185df,EOG,moderate_1m,18.41587472543388,75.55589259071698
2026-03-20,WS-201f28e185df,EOG,moderate_1m,19.78407528522972,90.09851390605643
2026-03-21,WS-201f28e185df,EOG,moderate_1m,19.574442320094228,87.87032242831567
2026-03-22,WS-201f28e185df,EOG,moderate_1m,19.454928963493053,86.60001342666216
2026-03-23,WS-201f28e185df,EOG,moderate_1m,19.212666645876148,84.02500414249349
2026-03-24,WS-201f28e185df,EOG,moderate_1m,18.95603128798546,81.29722362873036
2026-03-25,WS-201f28e185df,EOG,moderate_1m,18.70076860768996,78.58403332274918
2026-03-26,WS-201f28e185df,EOG,moderate_1m,18.54483237109968,76.92658506208629
2026-03-27,WS-201f28e185df,EOG,moderate_1m,20.05471452330508,92.97514184208745
2026-03-28,WS-201f28e185df,EOG,moderate_1m,19.941697936072757,91.77388708546249
2026-03-29,WS-201f28e185df,EOG,moderate_1m,19.70460045540832,89.25377491956888
2026-03-30,WS-201f28e185df,EOG,moderate_1m,19.470193795265097,86.76226351954061
2026-03-31,WS-201f28e185df,EOG,moderate_1m,19.238617328884843,84.3008342853536
2026-04-01,WS-201f28e185df,EOG,moderate_1m,18.995571125101648,81.71749306505971
2026-04-02,WS-201f28e185df,EOG,moderate_1m,18.752978221499376,79.13896997820835
2026-04-03,WS-201f28e185df,EOG,moderate_1m,18.551909986535755,77.00181312742039
2026-04-04,WS-201f28e185df,EOG,moderate_1m,18.408999950021283,75.4828205145965
2026-04-05,WS-201f28e185df,EOG,moderate_1m,18.265678547965237,73.95945549215016
2026-04-06,WS-201f28e185df,EOG,moderate_1m,18.40096887855489,75.39745815287556
2026-04-07,WS-201f28e185df,EOG,moderate_1m,18.51579447062499,76.61794084514564
2026-04-08,WS-201f28e185df,EOG,moderate_1m,18.353269150745334,74.8904571336078
2026-04-09,WS-201f28e185df,EOG,moderate_1m,18.130943516824097,72.527355116392
2026-04-10,WS-201f28e185df,EOG,moderate_1m,18.710973908096562,78.69250559178894
2026-04-11,WS-201f28e185df,EOG,moderate_1m,18.5303106214319,76.77223319843394
2026-04-12,WS-201f28e185df,EOG,moderate_1m,18.400969449163753,75.39746421788448
2026-04-13,WS-201f28e185df,EOG,moderate_1m,18.22554153917433,73.53283871042356
2026-04-14,WS-201f28e185df,EOG,moderate_1m,18.073334401761926,71.91502709279732
2026-04-15,WS-201f28e185df,EOG,moderate_1m,17.92755382237408,70.36552344291971
2026-04-16,WS-201f28e185df,EOG,moderate_1m,17.784914276911607,68.84940588296021
2026-04-17,WS-201f28e185df,EOG,moderate_1m,17.63945485947226,67.30331586755632
2026-04-18,WS-201f28e185df,EOG,moderate_1m,17.50014233970262,65.82256130639905
2026-04-19,WS-201f28e185df,EOG,moderate_1m,17.366711935627862,64.40432782847866
2026-04-20,WS-201f28e185df,EOG,moderate_1m,17.230643717081016,62.95805698666949
2026-04-21,WS-201f28e185df,EOG,moderate_1m,17.089547632613332,61.45834489343896
2026-04-22,WS-201f28e185df,EOG,moderate_1m,16.970224613965854,60.19005899633891
2026-04-23,WS-201f28e185df,EOG,moderate_1m,16.861092041440372,59.03008748189681
2026-04-24,WS-201f28e185df,EOG,moderate_1m,16.751536284051504,57.86561793010881
2026-04-25,WS-201f28e185df,EOG,moderate_1m,16.63175904963211,56.59250416773775
2026-04-26,WS-201f28e185df,EOG,moderate_1m,16.51219501589641,55.321656518170784
2026-04-27,WS-201f28e185df,EOG,moderate_1m,16.38584530945701,53.97868386632015
2026-04-28,WS-201f28e185df,EOG,moderate_1m,16.271803542376475,52.76653245992703
2026-04-29,WS-201f28e185df,EOG,moderate_1m,16.14903121040409,51.4615837672135
2026-04-30,WS-201f28e185df,EOG,moderate_1m,16.046914719784724,50.37618627742554
2026-05-01,WS-201f28e185df,EOG,moderate_1m,15.95557600216006,49.4053458751658
2026-05-02,WS-201f28e185df,EOG,moderate_1m,15.887142027191905,48.67796027665836
2026-05-03,WS-201f28e185df,EOG,moderate_1m,16.32952663044471,53.38007190406642
2026-05-04,WS-201f28e185df,EOG,moderate_1m,17.60722271391741,66.96071997865026
2026-05-05,WS-201f28e185df,EOG,moderate_1m,17.854889959191794,69.59317830828
2026-05-06,WS-201f28e185df,EOG,moderate_1m,17.740622066432756,68.37862340914702
2026-05-07,WS-201f28e185df,EOG,moderate_1m,17.637592418481958,67.28351995836
2026-05-08,WS-201f28e185df,EOG,moderate_1m,17.559431883185887,66.45275062525532
2026-05-09,WS-201f28e185df,EOG,moderate_1m,17.468109370546614,65.48208246599332
2026-05-10,WS-201f28e185df,EOG,moderate_1m,17.36059165460444,64.33927528290712
2026-05-11,WS-201f28e185df,EOG,moderate_1m,17.263211129772593,63.30421643427614
2026-05-12,WS-201f28e185df,EOG,moderate_1m,17.180943671815378,62.42979456748058
2026-05-13,WS-201f28e185df,EOG,moderate_1m,17.0891251038569,61.4538538298623
2026-05-14,WS-201f28e185df,EOG,moderate_1m,17.362723235296023,64.36193188144371
2026-05-15,WS-201f28e185df,EOG,moderate_1m,17.298613786283703,63.6805117248401
2026-05-16,WS-201f28e185df,EOG,moderate_1m,17.19677953918284,62.59811420503382
2026-05-17,WS-201f28e185df,EOG,moderate_1m,17.130074659974632,61.88910718755736
2026-05-18,WS-201f28e185df,EOG,moderate_1m,17.79124547111313,68.91670022740945
2026-05-19,WS-201f28e185df,EOG,moderate_1m,19.109254653026312,82.92583674286588
2026-05-20,WS-201f28e185df,EOG,moderate_1m,19.69194445738332,89.11925415408061
2026-05-21,WS-201f28e185df,EOG,moderate_1m,19.564686511392416,87.76662781237687
2026-05-22,WS-201f28e185df,EOG,moderate_1m,19.446872515019543,86.5143813324067
2026-05-23,WS-201f28e185df,EOG,moderate_1m,19.33073947832264,85.28000179441304
2026-05-24,WS-201f28e185df,EOG,moderate_1m,19.232845573173208,84.23948621979555
2026-05-25,WS-201f28e185df,EOG,moderate_1m,19.101739863242244,82.8459619457745
2026-05-26,WS-201f28e185df,EOG,moderate_1m,20.674337493019067,99.56112234203782
2026-05-27,WS-201f28e185df,EOG,moderate_1m,21.66337546062448,110.07361959720981
2026-05-28,WS-201f28e185df,EOG,moderate_1m,21.539172187722926,108.75346141498935
2026-05-29,WS-201f28e185df,EOG,moderate_1m,21.393186404424135,107.20177665010783
2026-05-30,WS-201f28e185df,EOG,moderate_1m,21.28139965462006,106.01359385129666
2026-05-31,WS-201f28e185df,EOG,moderate_1m,21.29660683528784,106.17523116984773
2026-06-01,WS-201f28e185df,EOG,moderate_1m,21.158626036245302,104.70863148539576
2026-06-02,WS-201f28e185df,EOG,moderate_1m,22.19521181724177,115.72651505953088
2026-06-03,WS-201f28e185df,EOG,moderate_1m,23.661343338681583,131.31004582344406
2026-06-04,WS-201f28e185df,EOG,moderate_1m,23.974171481418452,134.635100168753
2026-06-05,WS-201f28e185df,EOG,moderate_1m,23.873431496772582,133.5643335786293
2026-06-06,WS-201f28e185df,EOG,moderate_1m,23.728438394024636,132.02320002806698
2026-06-07,WS-201f28e185df,EOG,moderate_1m,23.603717605149058,130.69754116191464
2026-06-08,WS-201f28e185df,EOG,moderate_1m,23.422681482400854,128.77330588904113
2026-06-09,WS-201f28e185df,EOG,moderate_1m,23.304934302763293,127.52176960500846
2026-06-10,WS-201f28e185df,EOG,moderate_1m,23.309449557581523,127.56976230643924
2026-06-11,WS-201f28e185df,EOG,moderate_1m,23.581778293071622,130.46434793218168
2026-06-12,WS-201f28e185df,EOG,moderate_1m,23.523571462794912,129.845666785898
2026-06-13,WS-201f28e185df,EOG,moderate_1m,23.406780222499812,128.6042911934089
2026-06-14,WS-201f28e185df,EOG,moderate_1m,23.4662062890281,129.23593161746348
2026-06-15,WS-201f28e185df,EOG,moderate_1m,23.303787822076593,127.50958364707071
2026-06-16,WS-201f28e185df,EOG,moderate_1m,23.140241191589823,125.77124441197809
2026-06-17,WS-201f28e185df,EOG,moderate_1m,23.377493874900722,128.29300622879344
2026-06-18,WS-201f28e185df,EOG,moderate_1m,23.232732475009414,126.75433545086895
2026-06-19,WS-201f28e185df,EOG,moderate_1m,23.998435262950544,134.89300021416153
2026-06-20,WS-201f28e185df,EOG,moderate_1m,25.048295872708074,146.0519821136233
2026-06-21,WS-201f28e185df,EOG,moderate_1m,25.168736224395275,147.33214415794714
2026-06-22,WS-201f28e185df,EOG,moderate_1m,25.249911516013036,148.1949573746991
2026-06-23,WS-201f28e185df,EOG,moderate_1m,25.08903588323261,146.48500820851808
2026-06-24,WS-201f28e185df,EOG,moderate_1m,24.90493947779151,144.52824515161316
2026-06-25,WS-201f28e185df,EOG,moderate_1m,24.723302252641155,142.5976207535901
2026-06-26,WS-201f28e185df,EOG,moderate_1m,24.54409135777729,140.69278585133188
2026-06-27,WS-201f28e185df,EOG,moderate_1m,24.3913598387537,139.06940057482822
2026-06-28,WS-201f28e185df,EOG,moderate_1m,24.286183756064226,137.95148264164735
2026-06-29,WS-201f28e185df,EOG,moderate_1m,24.181177692231472,136.83537184107738
2026-06-30,WS-201f28e185df,EOG,moderate_1m,24.624637802718524,141.54891504868579
2026-07-01,WS-201f28e185df,EOG,moderate_1m,25.876712526689147,154.8572333641892
2026-07-02,WS-201f28e185df,EOG,moderate_1m,28.149463237578644,179.01432984832346
2026-07-03,WS-201f28e185df,EOG,moderate_1m,28.348616382264503,181.1311311799627
2026-07-04,WS-201f28e185df,EOG,moderate_1m,28.173358712705557,179.26831516022298
2026-07-05,WS-201f28e185df,EOG,moderate_1m,27.949667516893662,176.89069856813995
2026-07-06,WS-201f28e185df,EOG,moderate_1m,27.712217353443684,174.36683773239096
2026-07-07,WS-201f28e185df,EOG,moderate_1m,27.463230018109954,171.72034814857284
2026-07-08,WS-201f28e185df,EOG,moderate_1m,27.262117424045677,169.58271980433443
2026-07-09,WS-201f28e185df,EOG,moderate_1m,27.070766136568075,167.54884451312373
2026-07-10,WS-201f28e185df,EOG,moderate_1m,26.860197557654054,165.3107083845194
2026-07-11,WS-201f28e185df,EOG,moderate_1m,26.659516738316533,163.17766937939498
2026-07-12,WS-201f28e185df,EOG,moderate_1m,27.291446316332575,169.89445697698287
2026-07-13,WS-201f28e185df,EOG,moderate_1m,27.40270751612048,171.07705369792512
2026-07-14,WS-201f28e185df,EOG,moderate_1m,27.386282196478156,170.90246876457482
2026-07-15,WS-201f28e185df,EOG,moderate_1m,27.31828472072796,170.17972272185898
2026-07-16,WS-201f28e185df,EOG,moderate_1m,27.075276381301755,167.59678396230154
2026-07-17,WS-201f28e185df,EOG,moderate_1m,26.838044688471726,165.07524525357684
2026-07-18,WS-201f28e185df,EOG,moderate_1m,26.57406575896775,162.26940982285765
2026-07-19,WS-201f28e185df,EOG,moderate_1m,26.30762896199358,159.43744968724306
2026-07-20,WS-201f28e185df,EOG,moderate_1m,26.055086093798444,156.7531682989943
2026-07-21,WS-201f28e185df,EOG,moderate_1m,25.811124071521327,154.16009283217096
2026-07-22,WS-201f28e185df,EOG,moderate_1m,25.590990981833755,151.8202953957632
2026-07-23,WS-201f28e185df,EOG,moderate_1m,25.480981525425804,150.6510034712767
2026-07-24,WS-201f28e185df,EOG,moderate_1m,25.272306799688018,148.43299713239622
2026-07-25,WS-201f28e185df,EOG,moderate_1m,25.0603517231825,146.18012390309167
2026-07-26,WS-201f28e185df,EOG,moderate_1m,24.8516136397102,143.9614441340377
2026-07-27,WS-201f28e185df,EOG,moderate_1m,24.63372121049523,141.64546270655933
2026-07-28,WS-201f28e185df,EOG,moderate_1m,24.43145840192411,139.49560871756097
2026-07-29,WS-201f28e185df,EOG,moderate_1m,24.43610463860273,139.5449936268674
2026-07-30,WS-201f28e185df,EOG,moderate_1m,24.248785679417523,137.5539780048446
2026-07-31,WS-201f28e185df,EOG,moderate_1m,24.04059125211134,135.3410767641598
2026-08-01,WS-201f28e185df,EOG,moderate_1m,23.818369189237977,132.9790756049415
2026-08-02,WS-201f28e185df,EOG,moderate_1m,23.62279032541054,130.90026535043387
2026-08-03,WS-201f28e185df,EOG,moderate_1m,23.458280191458833,129.15168502464263
2026-08-04,WS-201f28e185df,EOG,moderate_1m,23.301495030818906,127.4852135393574
2026-08-05,WS-201f28e185df,EOG,moderate_1m,23.25059886506301,126.94423754012146
2026-08-06,WS-201f28e185df,EOG,moderate_1m,23.139090795150402,125.75901683345441
2026-08-07,WS-201f28e185df,EOG,moderate_1m,22.97027751472283,123.9646983085265
2026-08-08,WS-201f28e185df,EOG,moderate_1m,22.78795653873771,122.02680631410257
2026-08-09,WS-201f28e185df,EOG,moderate_1m,22.741595611245167,121.53403542059226
2026-08-10,WS-201f28e185df,EOG,moderate_1m,24.739202587051203,142.7666256121666
2026-08-11,WS-201f28e185df,EOG,moderate_1m,25.165387121161785,147.29654649668183
2026-08-12,WS-201f28e185df,EOG,moderate_1m,25.04770900373557,146.04574427578012
2026-08-13,WS-201f28e185df,EOG,moderate_1m,24.95188795748183,145.02726114497682
2026-08-14,WS-201f28e185df,EOG,moderate_1m,24.738589234884266,142.7601062841099
2026-08-15,WS-201f28e185df,EOG,moderate_1m,24.510295404547307,140.33356823057028
2026-08-16,WS-201f28e185df,EOG,moderate_1m,24.30389992686387,138.13978804852098
2026-08-17,WS-201f28e185df,EOG,moderate_1m,24.184725914584696,136.87308594202264
2026-08-18,WS-201f28e185df,EOG,moderate_1m,23.959988383030385,134.48434783390044
2026-08-19,WS-201f28e185df,EOG,moderate_1m,23.727661707101937,132.0149446127943
2026-08-20,WS-201f28e185df,EOG,moderate_1m,23.53087575786072,129.92330423192672
2026-08-21,WS-201f28e185df,EOG,moderate_1m,23.60902208518541,130.75392254832113
2026-08-22,WS-201f28e185df,EOG,moderate_1m,23.366351853318655,128.17457753835382
2026-08-23,WS-201f28e185df,EOG,moderate_1m,23.155896759347968,125.93764764266913
2026-08-24,WS-201f28e185df,EOG,moderate_1m,22.91677532603724,123.39602285811414
2026-08-25,WS-201f28e185df,EOG,moderate_1m,23.502703042345658,129.62385607702942
2026-08-26,WS-201f28e185df,EOG,moderate_1m,25.243145037688052,148.12303638971326
2026-08-27,WS-201f28e185df,EOG,moderate_1m,26.07515787409575,156.96651150946047
2026-08-28,WS-201f28e185df,EOG,moderate_1m,25.80650576188922,154.1110047598004
2026-08-29,WS-201f28e185df,EOG,moderate_1m,25.51389076520705,151.00079620340784
2026-08-30,WS-201f28e185df,EOG,moderate_1m,25.20779363296021,147.7472858550117
2026-08-31,WS-201f28e185df,EOG,moderate_1m,24.889321918011902,144.3622459082139
2026-09-01,WS-201f28e185df,EOG,moderate_1m,24.60588744050714,141.3496172080196
2026-09-02,WS-201f28e185df,EOG,moderate_1m,24.325843456257033,138.37302610415696
2026-09-03,WS-201f28e185df,EOG,moderate_1m,24.508684466964816,140.3164455543244
2026-09-04,WS-201f28e185df,EOG,moderate_1m,24.290303657264843,137.99527312440094
2026-09-05,WS-201f28e185df,EOG,moderate_1m,24.17591867956166,136.77947372789353
2026-09-06,WS-201f28e185df,EOG,moderate_1m,24.43568666589521,139.54055098959324
2026-09-07,WS-201f28e185df,EOG,moderate_1m,24.17073700880558,136.72439768290366
2026-09-08,WS-201f28e185df,EOG,moderate_1m,23.85593894582022,133.37840502998324
2026-09-09,WS-201f28e185df,EOG,moderate_1m,23.648356121356052,131.1720045237582
2026-09-10,WS-201f28e185df,EOG,moderate_1m,23.348771016575235,127.98771059890123
2026-09-11,WS-201f28e185df,EOG,moderate_1m,23.083846618226602,125.17182576769402
2026-09-12,WS-201f28e185df,EOG,moderate_1m,22.808679581606043,122.24707180279725
2026-09-13,WS-201f28e185df,EOG,moderate_1m,22.539942073966387,119.39065738398216
2026-09-14,WS-201f28e185df,EOG,moderate_1m,22.297922569691238,116.81822896594024
2026-09-15,WS-201f28e185df,EOG,moderate_1m,22.085334777426674,114.55863059270982
2026-09-16,WS-201f28e185df,EOG,moderate_1m,21.794275876110824,111.46496179394339
2026-09-17,WS-201f28e185df,EOG,moderate_1m,21.530158945195936,108.65765954445592
2026-09-18,WS-201f28e185df,EOG,moderate_1m,21.249442303991735,105.67391876119248
2026-09-19,WS-201f28e185df,EOG,moderate_1m,20.95834363301954,102.57982725023814
2026-09-20,WS-201f28e185df,EOG,moderate_1m,20.662597596704956,99.43633883339565
2026-09-21,WS-201f28e185df,EOG,moderate_1m,20.3503804601727,96.11777888087981
2026-09-22,WS-201f28e185df,EOG,moderate_1m,20.147310645084616,93.95934720925217
2026-09-23,WS-201f28e185df,EOG,moderate_1m,19.916630841762817,91.50744861822507
2026-09-24,WS-201f28e185df,EOG,moderate_1m,19.66455637543192,88.82814587940473
2026-09-25,WS-201f28e185df,EOG,moderate_1m,19.43887086913861,86.4293317356114
2026-09-26,WS-201f28e185df,EOG,moderate_1m,19.16749403866116,83.54486392046918
2026-09-27,WS-201f28e185df,EOG,moderate_1m,19.016016102387887,81.93480299111238
2026-09-28,WS-201f28e185df,EOG,moderate_1m,18.811351142048963,79.75941650013475
2025-03-01,WS-4aa144a4eafe,EER?,moderate_1m,15.85492161436408,51.82559424359766
2025-03-02,WS-4aa144a4eafe,EER?,moderate_1m,15.633184481457043,49.4687474112171
2025-03-03,WS-4aa144a4eafe,EER?,moderate_1m,15.452101850323547,47.54401780011922
2025-03-04,WS-4aa144a4eafe,EER?,moderate_1m,15.278064780689736,45.69417555265402
2025-03-05,WS-4aa144a4eafe,EER?,moderate_1m,15.104748130161333,43.851990649109126
2025-03-06,WS-4aa144a4eafe,EER?,moderate_1m,14.95584002401101,42.269244477121255
2025-03-07,WS-4aa144a4eafe,EER?,moderate_1m,14.832830502352817,40.96177469219212
2025-03-08,WS-4aa144a4eafe,EER?,moderate_1m,14.699161025476677,39.541000106396545
2025-03-09,WS-4aa144a4eafe,EER?,moderate_1m,14.564891740229239,38.11385014972194
2025-03-10,WS-4aa144a4eafe,EER?,moderate_1m,14.447245414075425,36.863385838662786
2025-03-11,WS-4aa144a4eafe,EER?,moderate_1m,14.937865656066553,42.078194689480576
2025-03-12,WS-4aa144a4eafe,EER?,moderate_1m,14.811697336204691,40.737149997891315
2025-03-13,WS-4aa144a4eafe,EER?,moderate_1m,14.658980730924021,39.11392323975263
2025-03-14,WS-4aa144a4eafe,EER?,moderate_1m,14.507169695801128,37.500321798446834
2025-03-15,WS-4aa144a4eafe,EER?,moderate_1m,14.355000190407225,35.88291017202835
2025-03-16,WS-4aa144a4eafe,EER?,moderate_1m,14.234736594589954,34.60462686811526
2025-03-17,WS-4aa144a4eafe,EER?,moderate_1m,14.124766471918072,33.43575302241438
2025-03-18,WS-4aa144a4eafe,EER?,moderate_1m,14.014180561940464,32.260333965535395
2025-03-19,WS-4aa144a4eafe,EER?,moderate_1m,13.901786186164568,31.065692702468866
2025-03-20,WS-4aa144a4eafe,EER?,moderate_1m,13.854179874424212,30.559684603799976
2025-03-21,WS-4aa144a4eafe,EER?,moderate_1m,14.077859942813141,32.93718292236143
2025-03-22,WS-4aa144a4eafe,EER?,moderate_1m,14.450343134123088,36.896311544818644
2025-03-23,WS-4aa144a4eafe,EER?,moderate_1m,14.344598267147298,35.772347996156334
2025-03-24,WS-4aa144a4eafe,EER?,moderate_1m,14.219968102829672,34.44765237959394
2025-03-25,WS-4aa144a4eafe,EER?,moderate_1m,14.113638258661133,33.31747110083986
2025-03-26,WS-4aa144a4eafe,EER?,moderate_1m,14.003443556081262,32.14621019241381
2025-03-27,WS-4aa144a4eafe,EER?,moderate_1m,13.91273146299752,31.182030190444248
2025-03-28,WS-4aa144a4eafe,EER?,moderate_1m,13.851816997244036,30.534569551916743
2025-03-29,WS-4aa144a4eafe,EER?,moderate_1m,14.965036455855863,42.36699346926604
2025-03-30,WS-4aa144a4eafe,EER?,moderate_1m,15.838134092086236,51.64715945378441
2025-03-31,WS-4aa144a4eafe,EER?,moderate_1m,15.90620290741846,52.37066376583354
2025-04-01,WS-4aa144a4eafe,EER?,moderate_1m,15.746861674701847,50.67702375762972
2025-04-02,WS-4aa144a4eafe,EER?,moderate_1m,15.608332135634065,49.204591508404576
2025-04-03,WS-4aa144a4eafe,EER?,moderate_1m,15.478171521746823,47.82111267236559
2025-04-04,WS-4aa144a4eafe,EER?,moderate_1m,15.353781506763966,46.49896960616551
2025-04-05,WS-4aa144a4eafe,EER?,moderate_1m,15.21435782393224,45.01703349139422
2025-04-06,WS-4aa144a4eafe,EER?,moderate_1m,15.105210105353883,43.85690098936168
2025-04-07,WS-4aa144a4eafe,EER?,moderate_1m,14.989195705458052,42.62378244344964
2025-04-08,WS-4aa144a4eafe,EER?,moderate_1m,14.88020621303669,41.46533172927114
2025-04-09,WS-4aa144a4eafe,EER?,moderate_1m,14.75770585444964,40.16327384516199
2025-04-10,WS-4aa144a4eafe,EER?,moderate_1m,14.658553636011089,39.109383642439916
2025-04-11,WS-4aa144a4eafe,EER?,moderate_1m,14.544739759427436,37.89965448706387
2025-04-12,WS-4aa144a4eafe,EER?,moderate_1m,14.439465197665161,36.78068981855393
2025-04-13,WS-4aa144a4eafe,EER?,moderate_1m,14.342169457182052,35.74653214385415
2025-04-14,WS-4aa144a4eafe,EER?,moderate_1m,14.252343073079128,34.79176635401264
2025-04-15,WS-4aa144a4eafe,EER?,moderate_1m,14.174130433464043,33.96044320343228
2025-04-16,WS-4aa144a4eafe,EER?,moderate_1m,14.091790381042038,33.08524972913851
2025-04-17,WS-4aa144a4eafe,EER?,moderate_1m,14.007191024347293,32.18604208072427
2025-04-18,WS-4aa144a4eafe,EER?,moderate_1m,13.924890951750854,31.311273552509704
2025-04-19,WS-4aa144a4eafe,EER?,moderate_1m,13.842063425655247,30.43089871428093
2025-04-20,WS-4aa144a4eafe,EER?,moderate_1m,13.768281061262272,29.64666501591325
2025-04-21,WS-4aa144a4eafe,EER?,moderate_1m,14.093050748479243,33.09864619080945
2025-04-22,WS-4aa144a4eafe,EER?,moderate_1m,14.191658905103125,34.14675355351857
2025-04-23,WS-4aa144a4eafe,EER?,moderate_1m,14.13617327280517,33.55699605548648
2025-04-24,WS-4aa144a4eafe,EER?,moderate_1m,14.104964606099433,33.22527873640725
2025-04-25,WS-4aa144a4eafe,EER?,moderate_1m,14.043472955280492,32.571683190408955
2025-04-26,WS-4aa144a4eafe,EER?,moderate_1m,14.002509297638063,32.136279947426814
2025-04-27,WS-4aa144a4eafe,EER?,moderate_1m,14.064409809030856,32.79422127771363
2025-04-28,WS-4aa144a4eafe,EER?,moderate_1m,14.011967334090276,32.236809538301806
2025-04-29,WS-4aa144a4eafe,EER?,moderate_1m,13.963688913185006,31.723657582690368
2025-04-30,WS-4aa144a4eafe,EER?,moderate_1m,14.888316209950652,41.55153299058762
2025-05-01,WS-4aa144a4eafe,EER?,moderate_1m,14.813248895108465,40.75364153739881
2025-05-02,WS-4aa144a4eafe,EER?,moderate_1m,14.72523167681129,39.818105394133106
2025-05-03,WS-4aa144a4eafe,EER?,moderate_1m,14.644507852134097,38.96009082528841
2025-05-04,WS-4aa144a4eafe,EER?,moderate_1m,14.567243245580524,38.138844330289906
2025-05-05,WS-4aa144a4eafe,EER?,moderate_1m,14.498341319971487,37.40648487841289
2025-05-06,WS-4aa144a4eafe,EER?,moderate_1m,14.422506608670531,36.60043675841178
2025-05-07,WS-4aa144a4eafe,EER?,moderate_1m,14.34669041617656,35.79458547504788
2025-05-08,WS-4aa144a4eafe,EER?,moderate_1m,14.27728357776233,35.05685929848226
2025-05-09,WS-4aa144a4eafe,EER?,moderate_1m,14.209307213841694,34.33433765367381
2025-05-10,WS-4aa144a4eafe,EER?,moderate_1m,14.150309669883072,33.70725200151375
2025-05-11,WS-4aa144a4eafe,EER?,moderate_1m,14.096853317973281,33.13906375077981
2025-05-12,WS-4aa144a4eafe,EER?,moderate_1m,14.110804439216142,33.28735039757786
2025-05-13,WS-4aa144a4eafe,EER?,moderate_1m,14.062422059615002,32.773093463653346
2025-05-14,WS-4aa144a4eafe,EER?,moderate_1m,14.394564555285918,36.30344031426029
2025-05-15,WS-4aa144a4eafe,EER?,moderate_1m,14.32897848450142,35.60632512588302
2025-05-16,WS-4aa144a4eafe,EER?,moderate_1m,14.281760012703604,35.10443938294255
2025-05-17,WS-4aa144a4eafe,EER?,moderate_1m,14.232286095941365,34.57858048651933
2025-05-18,WS-4aa144a4eafe,EER?,moderate_1m,14.168289823285217,33.89836328285845
2025-05-19,WS-4aa144a4eafe,EER?,moderate_1m,14.142279251957998,33.62189658629183
2025-05-20,WS-4aa144a4eafe,EER?,moderate_1m,14.09044238262052,33.07092183661027
2025-05-21,WS-4aa144a4eafe,EER?,moderate_1m,14.046753966553055,32.60655710134737
2025-05-22,WS-4aa144a4eafe,EER?,moderate_1m,14.28208993372493,35.10794611771383
2025-05-23,WS-4aa144a4eafe,EER?,moderate_1m,18.662089583831417,81.66301863012589
2025-05-24,WS-4aa144a4eafe,EER?,moderate_1m,18.999461565877155,85.24894975854814
2025-05-25,WS-4aa144a4eafe,EER?,moderate_1m,18.85673918857626,83.73195177791465
2025-05-26,WS-4aa144a4eafe,EER?,moderate_1m,18.764605129502225,82.75265768117876
2025-05-27,WS-4aa144a4eafe,EER?,moderate_1m,19.148411916302038,86.83214494547266
2025-05-28,WS-4aa144a4eafe,EER?,moderate_1m,19.0346074934262,85.62251627367833
2025-05-29,WS-4aa144a4eafe,EER?,moderate_1m,18.913936680345053,84.33990465223955
2025-05-30,WS-4aa144a4eafe,EER?,moderate_1m,18.78390485402696,82.95779470092643
2025-05-31,WS-4aa144a4eafe,EER?,moderate_1m,18.663327653794592,81.67617809165908
2025-06-01,WS-4aa144a4eafe,EER?,moderate_1m,18.562639754679793,80.60596511931377
2025-06-02,WS-4aa144a4eafe,EER?,moderate_1m,18.46682924107002,79.58759394011835
2025-06-03,WS-4aa144a4eafe,EER?,moderate_1m,18.351150548246437,78.35804362898718
2025-06-04,WS-4aa144a4eafe,EER?,moderate_1m,18.226882478128896,77.03719671632611
2025-06-05,WS-4aa144a4eafe,EER?,moderate_1m,18.11491072758643,75.8470475422915
2025-06-06,WS-4aa144a4eafe,EER?,moderate_1m,18.038148774516955,75.03114375762867
2025-06-07,WS-4aa144a4eafe,EER?,moderate_1m,18.149233209010283,76.21186163798546
2025-06-08,WS-4aa144a4eafe,EER?,moderate_1m,19.123793625746593,86.5704768191036
2025-06-09,WS-4aa144a4eafe,EER?,moderate_1m,19.924585068051183,95.08209934010151
2025-06-10,WS-4aa144a4eafe,EER?,moderate_1m,19.811567814807134,93.88083750442932
2025-06-11,WS-4aa144a4eafe,EER?,moderate_1m,19.683402291165017,92.51856450821917
2025-06-12,WS-4aa144a4eafe,EER?,moderate_1m,19.577516025766613,91.3930980339076
2025-06-13,WS-4aa144a4eafe,EER?,moderate_1m,19.47695206046518,90.3242023556557
2025-06-14,WS-4aa144a4eafe,EER?,moderate_1m,19.366905174912063,89.15451259630466
2025-06-15,WS-4aa144a4eafe,EER?,moderate_1m,19.38303625224893,89.32597002441268
2025-06-16,WS-4aa144a4eafe,EER?,moderate_1m,19.631786855113162,91.96994337577331
2025-06-17,WS-4aa144a4eafe,EER?,moderate_1m,19.567780868329173,91.2896229205229
2025-06-18,WS-4aa144a4eafe,EER?,moderate_1m,19.451212156723596,90.05061258833165
2025-06-19,WS-4aa144a4eafe,EER?,moderate_1m,19.34020051039822,88.8706683743465
2025-06-20,WS-4aa144a4eafe,EER?,moderate_1m,19.23064346328102,87.70618511401949
2025-06-21,WS-4aa144a4eafe,EER?,moderate_1m,19.107036062674787,86.39236046607598
2025-06-22,WS-4aa144a4eafe,EER?,moderate_1m,18.9929072395431,85.17928373979753
2025-06-23,WS-4aa144a4eafe,EER?,moderate_1m,18.91977183170372,84.4019265509438
2025-06-24,WS-4aa144a4eafe,EER?,moderate_1m,20.373619266242628,99.85488959748137
2025-06-25,WS-4aa144a4eafe,EER?,moderate_1m,20.96601263939535,106.15144636600232
2025-06-26,WS-4aa144a4eafe,EER?,moderate_1m,21.63787197317442,113.29264785022276
2025-06-27,WS-4aa144a4eafe,EER?,moderate_1m,21.483205569225472,111.64869665700698
2025-06-28,WS-4aa144a4eafe,EER?,moderate_1m,21.32585514796493,109.97621700932821
2025-06-29,WS-4aa144a4eafe,EER?,moderate_1m,21.18542532128908,108.4835865787206
2025-06-30,WS-4aa144a4eafe,EER?,moderate_1m,21.056478683990555,107.11301111542839
2025-07-01,WS-4aa144a4eafe,EER?,moderate_1m,20.948073621449552,105.96077231395124
2025-07-02,WS-4aa144a4eafe,EER?,moderate_1m,21.380640996593904,110.55853649775877
2025-07-03,WS-4aa144a4eafe,EER?,moderate_1m,21.214555766172985,108.79321445137494
2025-07-04,WS-4aa144a4eafe,EER?,moderate_1m,21.449424805239598,111.289640482916
2025-07-05,WS-4aa144a4eafe,EER?,moderate_1m,21.341705212519994,110.14468754897074
2025-07-06,WS-4aa144a4eafe,EER?,moderate_1m,21.230231903927834,108.959836320825
2025-07-07,WS-4aa144a4eafe,EER?,moderate_1m,22.101222749329885,118.21760919858171
2025-07-08,WS-4aa144a4eafe,EER?,moderate_1m,21.97521803216393,116.87830344214758
2025-07-09,WS-4aa144a4eafe,EER?,moderate_1m,21.835255376649215,115.3906385798093
2025-07-10,WS-4aa144a4eafe,EER?,moderate_1m,22.217071564805032,119.44896774556042
2025-07-11,WS-4aa144a4eafe,EER?,moderate_1m,22.734630900151668,124.9501125655041
2025-07-12,WS-4aa144a4eafe,EER?,moderate_1m,22.582720545738958,123.33545545819176
2025-07-13,WS-4aa144a4eafe,EER?,moderate_1m,22.436120560039967,121.77724232811329
2025-07-14,WS-4aa144a4eafe,EER?,moderate_1m,22.368671834376524,121.06032895711452
2025-07-15,WS-4aa144a4eafe,EER?,moderate_1m,22.23546367115061,119.64445768002962
2025-07-16,WS-4aa144a4eafe,EER?,moderate_1m,22.06554044711997,117.83834155029504
2025-07-17,WS-4aa144a4eafe,EER?,moderate_1m,21.899466742376738,116.07314201048726
2025-07-18,WS-4aa144a4eafe,EER?,moderate_1m,21.720509904515268,114.17100748336914
2025-07-19,WS-4aa144a4eafe,EER?,moderate_1m,21.544485700114592,112.30004395495567
2025-07-20,WS-4aa144a4eafe,EER?,moderate_1m,21.371346070999806,110.45974061428875
2025-07-21,WS-4aa144a4eafe,EER?,moderate_1m,21.210795440288358,108.75324589927128
2025-07-22,WS-4aa144a4eafe,EER?,moderate_1m,21.076727758531455,107.32823878868581
2025-07-23,WS-4aa144a4eafe,EER?,moderate_1m,22.58810573589041,123.39269471344787
2025-07-24,WS-4aa144a4eafe,EER?,moderate_1m,22.428922504110993,121.70073409923396
2025-07-25,WS-4aa144a4eafe,EER?,moderate_1m,22.278893554134548,120.1060744638286
2025-07-26,WS-4aa144a4eafe,EER?,moderate_1m,23.44079732009223,132.4559645089772
2025-07-27,WS-4aa144a4eafe,EER?,moderate_1m,24.352089600491638,142.14210185671976
2025-07-28,WS-4aa144a4eafe,EER?,moderate_1m,24.898415350131437,147.94900526349522
2025-07-29,WS-4aa144a4eafe,EER?,moderate_1m,25.292278696383292,152.13538382731326
2025-07-30,WS-4aa144a4eafe,EER?,moderate_1m,25.16044044611993,150.73407337269464
2025-07-31,WS-4aa144a4eafe,EER?,moderate_1m,24.888123125219256,147.83960907276975
2025-08-01,WS-4aa144a4eafe,EER?,moderate_1m,24.67976758267263,145.62499533612586
2025-08-02,WS-4aa144a4eafe,EER?,moderate_1m,24.620036643963644,144.99011442174873
2025-08-03,WS-4aa144a4eafe,EER?,moderate_1m,24.358096402895594,142.2059482365881
2025-08-04,WS-4aa144a4eafe,EER?,moderate_1m,24.107463226301228,139.54196498488093
2025-08-05,WS-4aa144a4eafe,EER?,moderate_1m,24.012741901483764,138.53517080734227
2025-08-06,WS-4aa144a4eafe,EER?,moderate_1m,23.777810310823824,136.03807991411264
2025-08-07,WS-4aa144a4eafe,EER?,moderate_1m,23.58008216652869,133.93642492992083
2025-08-08,WS-4aa144a4eafe,EER?,moderate_1m,23.367672306945018,131.67871780543996
2025-08-09,WS-4aa144a4eafe,EER?,moderate_1m,23.170467910681054,129.58262974579546
2025-08-10,WS-4aa144a4eafe,EER?,moderate_1m,22.953522821895756,127.27671761190624
2025-08-11,WS-4aa144a4eafe,EER?,moderate_1m,22.7404382529471,125.01183899292289
2025-08-12,WS-4aa144a4eafe,EER?,moderate_1m,22.520109112659856,122.66995773217423
2025-08-13,WS-4aa144a4eafe,EER?,moderate_1m,22.3526408647636,120.88993557528948
2025-08-14,WS-4aa144a4eafe,EER?,moderate_1m,22.18120277837818,119.0677179541378
2025-08-15,WS-4aa144a4eafe,EER?,moderate_1m,21.997629025420505,117.11651017718914
2025-08-16,WS-4aa144a4eafe,EER?,moderate_1m,21.82927688643514,115.32709313057072
2025-08-17,WS-4aa144a4eafe,EER?,moderate_1m,21.716248524820355,114.12571322388337
2025-08-18,WS-4aa144a4eafe,EER?,moderate_1m,21.50503047717955,111.88067388384398
2025-08-19,WS-4aa144a4eafe,EER?,moderate_1m,21.302906002660244,109.73229024925837
2025-08-20,WS-4aa144a4eafe,EER?,moderate_1m,21.208730328661343,108.73129580127538
2025-08-21,WS-4aa144a4eafe,EER?,moderate_1m,21.170171856448846,108.32145730510629
2025-08-22,WS-4aa144a4eafe,EER?,moderate_1m,21.01100818140413,106.62970455967664
2025-08-23,WS-4aa144a4eafe,EER?,moderate_1m,20.813663364172378,104.53212396376276
2025-08-24,WS-4aa144a4eafe,EER?,moderate_1m,20.583287093186122,102.08345162182697
2025-08-25,WS-4aa144a4eafe,EER?,moderate_1m,20.36731961412845,99.78793051428343
2025-08-26,WS-4aa144a4eafe,EER?,moderate_1m,20.173827646642938,97.73130190778609
2025-08-27,WS-4aa144a4eafe,EER?,moderate_1m,21.305129556131032,109.75592442764588
2025-08-28,WS-4aa144a4eafe,EER?,moderate_1m,21.972783111166137,116.85242263560194
2025-08-29,WS-4aa144a4eafe,EER?,moderate_1m,22.675204153366423,124.31846491098969
2025-08-30,WS-4aa144a4eafe,EER?,moderate_1m,23.773253540475096,135.98964594357517
2025-08-31,WS-4aa144a4eafe,EER?,moderate_1m,23.503562524191068,133.12309666913768
2025-09-01,WS-4aa144a4eafe,EER?,moderate_1m,23.23955637149858,130.31697188279827
2025-09-02,WS-4aa144a4eafe,EER?,moderate_1m,23.004124741098273,127.81456606074872
2025-09-03,WS-4aa144a4eafe,EER?,moderate_1m,22.716794845537656,124.76053291202848
2025-09-04,WS-4aa144a4eafe,EER?,moderate_1m,22.38676654828099,121.2526579035091
2025-09-05,WS-4aa144a4eafe,EER?,moderate_1m,22.130244747338434,118.52608438800557
2025-09-06,WS-4aa144a4eafe,EER?,moderate_1m,21.848099838921364,115.5271625342001
2025-09-07,WS-4aa144a4eafe,EER?,moderate_1m,21.60369088077185,112.9293365802512
2025-09-08,WS-4aa144a4eafe,EER?,moderate_1m,21.65068521331534,113.42883994417993
2025-09-09,WS-4aa144a4eafe,EER?,moderate_1m,21.314674367487562,109.85737635009288
2025-09-10,WS-4aa144a4eafe,EER?,moderate_1m,21.612211280652662,113.0199000199712
2025-09-11,WS-4aa144a4eafe,EER?,moderate_1m,24.86529948511383,147.59701630907412
2025-09-12,WS-4aa144a4eafe,EER?,moderate_1m,24.609428619854555,144.877361597305
2025-09-13,WS-4aa144a4eafe,EER?,moderate_1m,24.309321547160806,141.68751966880035
2025-09-14,WS-4aa144a4eafe,EER?,moderate_1m,24.022076376063936,138.63438705749303
2025-09-15,WS-4aa144a4eafe,EER?,moderate_1m,23.67370619985816,134.9315559821464
2025-09-16,WS-4aa144a4eafe,EER?,moderate_1m,23.4061135591897,132.08731036906622
2025-09-17,WS-4aa144a4eafe,EER?,moderate_1m,23.529189993237907,133.3954913666478
2025-09-18,WS-4aa144a4eafe,EER?,moderate_1m,23.20576100598374,129.9577605088685
2025-09-19,WS-4aa144a4eafe,EER?,moderate_1m,22.936559229735508,127.09641137305248
2025-09-20,WS-4aa144a4eafe,EER?,moderate_1m,23.706565279555296,135.28081556209955
2025-09-21,WS-4aa144a4eafe,EER?,moderate_1m,23.426337029245133,132.30226589191895
2025-09-22,WS-4aa144a4eafe,EER?,moderate_1m,23.082198636872008,128.64441450125813
2025-09-23,WS-4aa144a4eafe,EER?,moderate_1m,23.29216941265907,130.87619657275133
2025-09-24,WS-4aa144a4eafe,EER?,moderate_1m,23.02106513656166,127.99462574161367
2025-09-25,WS-4aa144a4eafe,EER?,moderate_1m,22.693781435009633,124.51592307607469
2025-09-26,WS-4aa144a4eafe,EER?,moderate_1m,22.292948220110276,120.25546168892157
2025-09-27,WS-4aa144a4eafe,EER?,moderate_1m,21.87928877531082,115.85867013949427
2025-09-28,WS-4aa144a4eafe,EER?,moderate_1m,21.557466033379008,112.4380120838676
2025-09-29,WS-4aa144a4eafe,EER?,moderate_1m,21.245144915739516,109.118346914828
2025-09-30,WS-4aa144a4eafe,EER?,moderate_1m,20.961311436149984,106.10147721635224
2025-10-01,WS-4aa144a4eafe,EER?,moderate_1m,20.65254102586561,102.81955256137495
2025-10-02,WS-4aa144a4eafe,EER?,moderate_1m,20.416861860313993,100.31451568502419
2025-10-03,WS-4aa144a4eafe,EER?,moderate_1m,20.27951201557172,98.85462242193002
2025-10-04,WS-4aa144a4eafe,EER?,moderate_1m,20.013648888798464,96.02875983424593
2025-10-05,WS-4aa144a4eafe,EER?,moderate_1m,19.72995267743883,93.013349161548
2025-10-06,WS-4aa144a4eafe,EER?,moderate_1m,19.471587800409,90.26718556665095
2025-10-07,WS-4aa144a4eafe,EER?,moderate_1m,19.293392333707033,88.37314366336184
2025-10-08,WS-4aa144a4eafe,EER?,moderate_1m,19.032312985327323,85.59812791763797
2025-10-09,WS-4aa144a4eafe,EER?,moderate_1m,20.05390870849508,96.45668197466593
2025-10-10,WS-4aa144a4eafe,EER?,moderate_1m,19.937315575279328,95.2174120648666
2025-10-11,WS-4aa144a4eafe,EER?,moderate_1m,19.57615875974495,91.37867163593849
2025-10-12,WS-4aa144a4eafe,EER?,moderate_1m,19.33040172010117,88.7665169064801
2025-10-13,WS-4aa144a4eafe,EER?,moderate_1m,19.032895735771362,85.60432197958913
2025-10-14,WS-4aa144a4eafe,EER?,moderate_1m,18.76866019031413,82.79575897460828
2025-10-15,WS-4aa144a4eafe,EER?,moderate_1m,18.49116553770738,79.84626474951179
2025-10-16,WS-4aa144a4eafe,EER?,moderate_1m,18.195360078119045,76.70214472192968
2025-10-17,WS-4aa144a4eafe,EER?,moderate_1m,17.931517038019322,73.89775366143286
2025-10-18,WS-4aa144a4eafe,EER?,moderate_1m,17.67732065207396,71.19589701178865
2025-10-19,WS-4aa144a4eafe,EER?,moderate_1m,17.451274335020805,68.79324780579675
2025-10-20,WS-4aa144a4eafe,EER?,moderate_1m,17.13872088266839,65.47111314811072
2025-10-21,WS-4aa144a4eafe,EER?,moderate_1m,17.102947610707275,65.09087858117066
2025-10-22,WS-4aa144a4eafe,EER?,moderate_1m,17.207566348805216,66.20287249153276
2025-10-23,WS-4aa144a4eafe,EER?,moderate_1m,17.12165872642802,65.289759270384
2025-10-24,WS-4aa144a4eafe,EER?,moderate_1m,17.06890645214211,64.72905466975337
2025-10-25,WS-4aa144a4eafe,EER?,moderate_1m,16.883392914638303,62.757228897960495
2025-10-26,WS-4aa144a4eafe,EER?,moderate_1m,16.767245037102846,61.522691616503295
2025-10-27,WS-4aa144a4eafe,EER?,moderate_1m,17.679633666393997,71.22048207069136
2025-10-28,WS-4aa144a4eafe,EER?,moderate_1m,17.722089489190758,71.67174555625563
2025-10-29,WS-4aa144a4eafe,EER?,moderate_1m,17.56413355325235,69.99282988529212
2025-10-30,WS-4aa144a4eafe,EER?,moderate_1m,17.38963350872897,68.13806667178189
2025-10-31,WS-4aa144a4eafe,EER?,moderate_1m,17.20638057615163,66.19026889877459
2025-11-01,WS-4aa144a4eafe,EER?,moderate_1m,17.319577724413914,67.3934428409051
2025-11-02,WS-4aa144a4eafe,EER?,moderate_1m,17.055031876204577,64.58158162398837
2025-11-03,WS-4aa144a4eafe,EER?,moderate_1m,16.867090275597157,62.58394793829517
2025-11-04,WS-4aa144a4eafe,EER?,moderate_1m,16.97322282227789,63.71203213951841
2025-11-05,WS-4aa144a4eafe,EER?,moderate_1m,18.016365298419494,74.79960691052754
2025-11-06,WS-4aa144a4eafe,EER?,moderate_1m,17.752463164603505,71.99458774216187
2025-11-07,WS-4aa144a4eafe,EER?,moderate_1m,17.47621189046768,69.0583094027956
2025-11-08,WS-4aa144a4eafe,EER?,moderate_1m,17.235614084327235,66.50099223247952
2025-11-09,WS-4aa144a4eafe,EER?,moderate_1m,17.00979681437265,64.10077757103882
2025-11-10,WS-4aa144a4eafe,EER?,moderate_1m,16.794959445596877,61.81726842019021
2025-11-11,WS-4aa144a4eafe,EER?,moderate_1m,16.595961487544372,59.70211656926918
2025-11-12,WS-4aa144a4eafe,EER?,moderate_1m,16.44871293516097,58.13700981557564
2025-11-13,WS-4aa144a4eafe,EER?,moderate_1m,16.212803492136324,55.629525317007634
2025-11-14,WS-4aa144a4eafe,EER?,moderate_1m,15.964968883601934,52.99528808113866
2025-11-15,WS-4aa144a4eafe,EER?,moderate_1m,16.169120047142094,55.16521341934599
2025-11-16,WS-4aa144a4eafe,EER?,moderate_1m,16.04025233211886,53.795476821931054
2025-11-17,WS-4aa144a4eafe,EER?,moderate_1m,15.911051424246047,52.422198713440345
2025-11-18,WS-4aa144a4eafe,EER?,moderate_1m,15.7073340778837,50.256884423585404
2025-11-19,WS-4aa144a4eafe,EER?,moderate_1m,15.50118234577543,48.06569501638383
2025-11-20,WS-4aa144a4eafe,EER?,moderate_1m,15.293410351296693,45.8572838196453
2025-11-21,WS-4aa144a4eafe,EER?,moderate_1m,15.192346394655093,44.783073727019705
2025-11-22,WS-4aa144a4eafe,EER?,moderate_1m,15.103533804682076,43.83908356800029
2025-11-23,WS-4aa144a4eafe,EER?,moderate_1m,16.62411302984147,60.00133967376092
2025-11-24,WS-4aa144a4eafe,EER?,moderate_1m,16.519239009311608,58.886632363152515
2025-11-25,WS-4aa144a4eafe,EER?,moderate_1m,16.288085747955353,56.42970138059881
2025-11-26,WS-4aa144a4eafe,EER?,moderate_1m,16.273991099435417,56.279889180530105
2025-11-27,WS-4aa144a4eafe,EER?,moderate_1m,16.00090060598577,53.37720681965606
2025-11-28,WS-4aa144a4eafe,EER?,moderate_1m,15.774881003203095,50.97484155998801
2025-11-29,WS-4aa144a4eafe,EER?,moderate_1m,15.5995357476754,49.11109458786193
2025-11-30,WS-4aa144a4eafe,EER?,moderate_1m,15.679989025983502,49.9662335158762
2025-12-01,WS-4aa144a4eafe,EER?,moderate_1m,15.596427186747828,49.078053653854354
2025-12-02,WS-4aa144a4eafe,EER?,moderate_1m,15.774095874002946,50.96649641163996
2025-12-03,WS-4aa144a4eafe,EER?,moderate_1m,15.565033341869164,48.74436807359772
2025-12-04,WS-4aa144a4eafe,EER?,moderate_1m,15.341417803769097,46.36755564830503
2025-12-05,WS-4aa144a4eafe,EER?,moderate_1m,15.07753771627302,43.56277081055675
2025-12-06,WS-4aa144a4eafe,EER?,moderate_1m,14.837311485755084,41.00940312230271
2025-12-07,WS-4aa144a4eafe,EER?,moderate_1m,14.671653128028872,39.2486183112712
2025-12-08,WS-4aa144a4eafe,EER?,moderate_1m,14.51758681854071,37.61104552978323
2025-12-09,WS-4aa144a4eafe,EER?,moderate_1m,14.323462917340773,35.54770009172237
2025-12-10,WS-4aa144a4eafe,EER?,moderate_1m,14.155679921488712,33.76433247477461
2025-12-11,WS-4aa144a4eafe,EER?,moderate_1m,14.048478476967027,32.62488694467713
2025-12-12,WS-4aa144a4eafe,EER?,moderate_1m,13.953535409333309,31.615735859897693
2025-12-13,WS-4aa144a4eafe,EER?,moderate_1m,13.882462554629264,30.860301574798928
2025-12-14,WS-4aa144a4eafe,EER?,moderate_1m,14.267376946859631,34.951561591433894
2025-12-15,WS-4aa144a4eafe,EER?,moderate_1m,14.120921416285817,33.39488387673546
2025-12-16,WS-4aa144a4eafe,EER?,moderate_1m,13.975092356518754,31.84486492828477
2025-12-17,WS-4aa144a4eafe,EER?,moderate_1m,13.81213542841709,30.112793647414136
2025-12-18,WS-4aa144a4eafe,EER?,moderate_1m,13.655383435084808,28.446674697867603
2025-12-19,WS-4aa144a4eafe,EER?,moderate_1m,13.51358279472667,26.939473871032128
2025-12-20,WS-4aa144a4eafe,EER?,moderate_1m,13.820398431947755,30.200621218023873
2025-12-21,WS-4aa144a4eafe,EER?,moderate_1m,14.865566515529228,41.309726196516564
2025-12-22,WS-4aa144a4eafe,EER?,moderate_1m,17.193919581162454,66.05782082305758
2025-12-23,WS-4aa144a4eafe,EER?,moderate_1m,16.88213065955703,62.743812372496535
2025-12-24,WS-4aa144a4eafe,EER?,moderate_1m,16.594292455460483,59.68437640582208
2025-12-25,WS-4aa144a4eafe,EER?,moderate_1m,16.31785490936467,56.74611817940169
2025-12-26,WS-4aa144a4eafe,EER?,moderate_1m,16.070055483258635,54.11225489801533
2025-12-27,WS-4aa144a4eafe,EER?,moderate_1m,15.828980452811404,51.54986530441574
2025-12-28,WS-4aa144a4eafe,EER?,moderate_1m,15.587943687248789,48.987882428765964
2025-12-29,WS-4aa144a4eafe,EER?,moderate_1m,15.365373416693036,46.622180165621195
2025-12-30,WS-4aa144a4eafe,EER?,moderate_1m,15.132971736264878,44.15197972072475
2025-12-31,WS-4aa144a4eafe,EER?,moderate_1m,14.940168499898089,42.10267164613042
2026-01-01,WS-4aa144a4eafe,EER?,moderate_1m,16.01655841597329,53.543633883031916
2026-01-02,WS-4aa144a4eafe,EER?,moderate_1m,15.789834097058058,51.13377818654364
2026-01-03,WS-4aa144a4eafe,EER?,moderate_1m,15.550742870877396,48.59247447396192
2026-01-04,WS-4aa144a4eafe,EER?,moderate_1m,15.381447635380397,46.793033242413635
2026-01-05,WS-4aa144a4eafe,EER?,moderate_1m,15.229430095021801,45.17723685430639
2026-01-06,WS-4aa144a4eafe,EER?,moderate_1m,15.008219522930172,42.82598684359293
2026-01-07,WS-4aa144a4eafe,EER?,moderate_1m,14.779617871224225,40.39617695277048
2026-01-08,WS-4aa144a4eafe,EER?,moderate_1m,14.537239194942103,37.81993089085533
2026-01-09,WS-4aa144a4eafe,EER?,moderate_1m,14.30697924909909,35.372494970360464
2026-01-10,WS-4aa144a4eafe,EER?,moderate_1m,14.057269476260096,32.718326589023995
2026-01-11,WS-4aa144a4eafe,EER?,moderate_1m,13.918727510129301,31.24576225238658
2026-01-12,WS-4aa144a4eafe,EER?,moderate_1m,13.768490937889009,29.64889579727327
2026-01-13,WS-4aa144a4eafe,EER?,moderate_1m,13.620697480319073,28.077997239356446
2026-01-14,WS-4aa144a4eafe,EER?,moderate_1m,13.489410432368807,26.682545521200144
2026-01-15,WS-4aa144a4eafe,EER?,moderate_1m,13.701551734348023,28.937398143455418
2026-01-16,WS-4aa144a4eafe,EER?,moderate_1m,13.659882629001196,28.494496687766556
2026-01-17,WS-4aa144a4eafe,EER?,moderate_1m,13.58481458154034,27.696597447564486
2026-01-18,WS-4aa144a4eafe,EER?,moderate_1m,13.51426380626964,26.946712351465358
2026-01-19,WS-4aa144a4eafe,EER?,moderate_1m,13.420381984798382,25.948841265771197
2026-01-20,WS-4aa144a4eafe,EER?,moderate_1m,13.311650038575824,24.793128013446214
2026-01-21,WS-4aa144a4eafe,EER?,moderate_1m,13.192439166465626,23.526034123330653
2026-01-22,WS-4aa144a4eafe,EER?,moderate_1m,13.088667010870797,22.42303854926274
2026-01-23,WS-4aa144a4eafe,EER?,moderate_1m,12.986790760884926,21.340194580252472
2026-01-24,WS-4aa144a4eafe,EER?,moderate_1m,12.88041441676081,20.209519052873606
2026-01-25,WS-4aa144a4eafe,EER?,moderate_1m,12.779674250345426,19.138750530719356
2026-01-26,WS-4aa144a4eafe,EER?,moderate_1m,12.683426826805299,18.115735430265037
2026-01-27,WS-4aa144a4eafe,EER?,moderate_1m,12.58672649725186,17.087906385980773
2026-01-28,WS-4aa144a4eafe,EER?,moderate_1m,12.48570694396037,16.014168257133548
2026-01-29,WS-4aa144a4eafe,EER?,moderate_1m,12.407293486909943,15.180710615454798
2026-01-30,WS-4aa144a4eafe,EER?,moderate_1m,12.318889007351782,14.241058267274314
2026-01-31,WS-4aa144a4eafe,EER?,moderate_1m,12.232184848244959,13.319478647000205
2026-02-01,WS-4aa144a4eafe,EER?,moderate_1m,12.17637299826195,12.726253777005597
2026-02-02,WS-4aa144a4eafe,EER?,moderate_1m,12.286739604737502,13.899341854145804
2026-02-03,WS-4aa144a4eafe,EER?,moderate_1m,12.235860422916904,13.358546377376156
2026-02-04,WS-4aa144a4eafe,EER?,moderate_1m,12.174577885990761,12.70717350562907
2026-02-05,WS-4aa144a4eafe,EER?,moderate_1m,12.106748022256156,11.986209013178765
2026-02-06,WS-4aa144a4eafe,EER?,moderate_1m,12.045941136441115,11.33989184319806
2026-02-07,WS-4aa144a4eafe,EER?,moderate_1m,11.997923677253752,10.82951365303656
2026-02-08,WS-4aa144a4eafe,EER?,moderate_1m,14.541314200480656,37.863244177040436
2026-02-09,WS-4aa144a4eafe,EER?,moderate_1m,15.124033752937098,44.05697778118591
2026-02-10,WS-4aa144a4eafe,EER?,moderate_1m,15.868296298643429,51.96775393451007
2026-02-11,WS-4aa144a4eafe,EER?,moderate_1m,15.684183952930308,50.01082144824921
2026-02-12,WS-4aa144a4eafe,EER?,moderate_1m,15.654727849973568,49.697732151757876
2026-02-13,WS-4aa144a4eafe,EER?,moderate_1m,15.442094829549031,47.43765304783447
2026-02-14,WS-4aa144a4eafe,EER?,moderate_1m,15.287292789969811,45.79226018176321
2026-02-15,WS-4aa144a4eafe,EER?,moderate_1m,15.119668109879708,44.01057530508181
2026-02-16,WS-4aa144a4eafe,EER?,moderate_1m,14.952737305079104,42.23626563776058
2026-02-17,WS-4aa144a4eafe,EER?,moderate_1m,14.775757095561058,40.35514071868117
2026-02-18,WS-4aa144a4eafe,EER?,moderate_1m,14.604877924114483,38.53886381158991
2026-02-19,WS-4aa144a4eafe,EER?,moderate_1m,14.436586089506541,36.75008774097329
2026-02-20,WS-4aa144a4eafe,EER?,moderate_1m,14.289083097950122,35.18227655004324
2026-02-21,WS-4aa144a4eafe,EER?,moderate_1m,14.130789852688622,33.49977561395409
2026-02-22,WS-4aa144a4eafe,EER?,moderate_1m,14.059917816394773,32.74647583031549
2026-02-23,WS-4aa144a4eafe,EER?,moderate_1m,14.573246570306228,38.202653745871466
2026-02-24,WS-4aa144a4eafe,EER?,moderate_1m,14.408109219011202,36.4474067188858
2026-02-25,WS-4aa144a4eafe,EER?,moderate_1m,14.273082966636021,35.01221094889232
2026-02-26,WS-4aa144a4eafe,EER?,moderate_1m,14.692853781770594,39.473960332070746
2026-02-27,WS-4aa144a4eafe,EER?,moderate_1m,14.59446206556257,38.428153517320474
2026-02-28,WS-4aa144a4eafe,EER?,moderate_1m,14.59378627374969,38.420970517465385
2026-03-01,WS-4aa144a4eafe,EER?,moderate_1m,14.509111060237764,37.520956585967525
2026-03-02,WS-4aa144a4eafe,EER?,moderate_1m,14.897324589168825,41.647283168949215
2026-03-03,WS-4aa144a4eafe,EER?,moderate_1m,18.17484966390406,76.48413926592124
2026-03-04,WS-4aa144a4eafe,EER?,moderate_1m,19.813270827736275,93.89893885071687
2026-03-05,WS-4aa144a4eafe,EER?,moderate_1m,19.52086301185326,90.79093242169834
2026-03-06,WS-4aa144a4eafe,EER?,moderate_1m,19.20855680828526,87.47142577451606
2026-03-07,WS-4aa144a4eafe,EER?,moderate_1m,18.95786361171808,84.80680456974734
2026-03-08,WS-4aa144a4eafe,EER?,moderate_1m,19.58708853415701,91.49484434848321
2026-03-09,WS-4aa144a4eafe,EER?,moderate_1m,19.308709376106066,88.53594870366484
2026-03-10,WS-4aa144a4eafe,EER?,moderate_1m,18.972895152628247,84.96657501105987
2026-03-11,WS-4aa144a4eafe,EER?,moderate_1m,18.68437434470836,81.89988363958373
2026-03-12,WS-4aa144a4eafe,EER?,moderate_1m,18.373730518894682,78.59804642689413
2026-03-13,WS-4aa144a4eafe,EER?,moderate_1m,18.449587597258983,79.40433228669869
2026-03-14,WS-4aa144a4eafe,EER?,moderate_1m,18.197479573835935,76.72467286911508
2026-03-15,WS-4aa144a4eafe,EER?,moderate_1m,17.94033250848068,73.99145341014166
2026-03-16,WS-4aa144a4eafe,EER?,moderate_1m,17.725006840767303,71.70275412361634
2026-03-17,WS-4aa144a4eafe,EER?,moderate_1m,17.573312684627915,70.09039499052673
2026-03-18,WS-4aa144a4eafe,EER?,moderate_1m,17.463649653428078,68.92478522402479
2026-03-19,WS-4aa144a4eafe,EER?,moderate_1m,17.956469703818648,74.16297586656188
2026-03-20,WS-4aa144a4eafe,EER?,moderate_1m,19.322760888299435,88.68530240716468
2026-03-21,WS-4aa144a4eafe,EER?,moderate_1m,19.111650341158622,86.44140569131986
2026-03-22,WS-4aa144a4eafe,EER?,moderate_1m,18.99023618619387,85.15089307945698
2026-03-23,WS-4aa144a4eafe,EER?,moderate_1m,18.746193638726236,82.55696170934985
2026-03-24,WS-4aa144a4eafe,EER?,moderate_1m,18.487720225262873,79.80964447930738
2026-03-25,WS-4aa144a4eafe,EER?,moderate_1m,18.230802430443404,77.07886193980225
2026-03-26,WS-4aa144a4eafe,EER?,moderate_1m,18.074539331635513,75.41793945643207
2026-03-27,WS-4aa144a4eafe,EER?,moderate_1m,19.583896244212603,91.46091345768075
2026-03-28,WS-4aa144a4eafe,EER?,moderate_1m,19.468612059190598,90.23555637503729
2026-03-29,WS-4aa144a4eafe,EER?,moderate_1m,19.229912477461006,87.69841545635404
2026-03-30,WS-4aa144a4eafe,EER?,moderate_1m,18.994053249282786,85.1914646920334
2026-03-31,WS-4aa144a4eafe,EER?,moderate_1m,18.761175833419944,82.71620764909412
2026-04-01,WS-4aa144a4eafe,EER?,moderate_1m,18.516808679573643,80.11882603362075
2026-04-02,WS-4aa144a4eafe,EER?,moderate_1m,18.273041814958617,77.52782490009326
2026-04-03,WS-4aa144a4eafe,EER?,moderate_1m,18.071380106102477,75.38436000768256
2026-04-04,WS-4aa144a4eafe,EER?,moderate_1m,17.928535007816038,73.86605762411816
2026-04-05,WS-4aa144a4eafe,EER?,moderate_1m,17.785306375390963,72.34367865127035
2026-04-06,WS-4aa144a4eafe,EER?,moderate_1m,17.920991001034245,73.78587227918281
2026-04-07,WS-4aa144a4eafe,EER?,moderate_1m,18.035394813940243,75.0018718753028
2026-04-08,WS-4aa144a4eafe,EER?,moderate_1m,17.872657299633026,73.27213274647023
2026-04-09,WS-4aa144a4eafe,EER?,moderate_1m,17.649721955376137,70.90255011026917
2026-04-10,WS-4aa144a4eafe,EER?,moderate_1m,18.22985314463223,77.06877196872816
2026-04-11,WS-4aa144a4eafe,EER?,moderate_1m,18.04875261007064,75.14385206186321
2026-04-12,WS-4aa144a4eafe,EER?,moderate_1m,17.919631065337256,73.77141750520036
2026-04-13,WS-4aa144a4eafe,EER?,moderate_1m,17.744022211444257,71.90486874266534
2026-04-14,WS-4aa144a4eafe,EER?,moderate_1m,17.591900462153742,70.28796471648288
2026-04-15,WS-4aa144a4eafe,EER?,moderate_1m,17.446302039431927,68.74039721214712
2026-04-16,WS-4aa144a4eafe,EER?,moderate_1m,17.30390933462492,67.22690332468355
2026-04-17,WS-4aa144a4eafe,EER?,moderate_1m,17.158716787354226,65.68364987572843
2026-04-18,WS-4aa144a4eafe,EER?,moderate_1m,17.0197566321714,64.20664060228813
2026-04-19,WS-4aa144a4eafe,EER?,moderate_1m,16.886755404469508,62.79296884554476
2026-04-20,WS-4aa144a4eafe,EER?,moderate_1m,16.751138997250187,61.351500312136395
2026-04-21,WS-4aa144a4eafe,EER?,moderate_1m,16.61051136331575,59.85676738563774
2026-04-22,WS-4aa144a4eafe,EER?,moderate_1m,16.49180502861136,58.59503623008589
2026-04-23,WS-4aa144a4eafe,EER?,moderate_1m,16.383360324921473,57.44237608232835
2026-04-24,WS-4aa144a4eafe,EER?,moderate_1m,16.27451331930319,56.28543986220903
2026-04-25,WS-4aa144a4eafe,EER?,moderate_1m,16.155435992257807,55.01976542430193
2026-04-26,WS-4aa144a4eafe,EER?,moderate_1m,16.036607673576984,53.7567376994985
2026-04-27,WS-4aa144a4eafe,EER?,moderate_1m,15.911015575558558,52.4218176772808
2026-04-28,WS-4aa144a4eafe,EER?,moderate_1m,15.797798145263364,51.21842815716206
2026-04-29,WS-4aa144a4eafe,EER?,moderate_1m,15.675875457980773,49.92251034876425
2026-04-30,WS-4aa144a4eafe,EER?,moderate_1m,15.574666826054429,48.846762500679766
2026-05-01,WS-4aa144a4eafe,EER?,moderate_1m,15.484263730051623,47.88586683265044
2026-05-02,WS-4aa144a4eafe,EER?,moderate_1m,15.416776499621236,47.16854419398947
2026-05-03,WS-4aa144a4eafe,EER?,moderate_1m,15.859950672259224,51.879048164529316
2026-05-04,WS-4aa144a4eafe,EER?,moderate_1m,17.1383475723672,65.46714522812672
2026-05-05,WS-4aa144a4eafe,EER?,moderate_1m,17.386109780930838,68.10061292377713
2026-05-06,WS-4aa144a4eafe,EER?,moderate_1m,17.27209686464673,66.88876817286965
2026-05-07,WS-4aa144a4eafe,EER?,moderate_1m,17.169353591820737,65.79670860696069
2026-05-08,WS-4aa144a4eafe,EER?,moderate_1m,17.091708807342368,64.97142119591874
2026-05-09,WS-4aa144a4eafe,EER?,moderate_1m,17.000792554632916,64.0050711786665
2026-05-10,WS-4aa144a4eafe,EER?,moderate_1m,16.893636326388403,62.86610625295955
2026-05-11,WS-4aa144a4eafe,EER?,moderate_1m,16.796711926920725,61.835895566680136
2026-05-12,WS-4aa144a4eafe,EER?,moderate_1m,16.715023477267927,60.96762798658571
2026-05-13,WS-4aa144a4eafe,EER?,moderate_1m,16.62371727024285,59.99713313990632
2026-05-14,WS-4aa144a4eafe,EER?,moderate_1m,16.89776453804551,62.90998506766186
2026-05-15,WS-4aa144a4eafe,EER?,moderate_1m,16.83411494815436,62.233452759560954
2026-05-16,WS-4aa144a4eafe,EER?,moderate_1m,16.732671805398688,61.1552122928608
2026-05-17,WS-4aa144a4eafe,EER?,moderate_1m,16.66656646097587,60.452577738315206
2026-05-18,WS-4aa144a4eafe,EER?,moderate_1m,17.328318313160473,67.48634667090593
2026-05-19,WS-4aa144a4eafe,EER?,moderate_1m,18.646761682651636,81.5000981717029
2026-05-20,WS-4aa144a4eafe,EER?,moderate_1m,19.22945182646945,87.69351919105083
2026-05-21,WS-4aa144a4eafe,EER?,moderate_1m,19.101991362257486,86.33874028057552
2026-05-22,WS-4aa144a4eafe,EER?,moderate_1m,18.98412226188716,85.08590809950897
2026-05-23,WS-4aa144a4eafe,EER?,moderate_1m,18.86796352006059,83.85125534136213
2026-05-24,WS-4aa144a4eafe,EER?,moderate_1m,18.770173461190247,82.81184355017824
2026-05-25,WS-4aa144a4eafe,EER?,moderate_1m,18.638842107008127,81.41592090051473
2026-05-26,WS-4aa144a4eafe,EER?,moderate_1m,20.21195981923362,98.13660925980194
2026-05-27,WS-4aa144a4eafe,EER?,moderate_1m,21.200744374905454,108.64641299627854
2026-05-28,WS-4aa144a4eafe,EER?,moderate_1m,21.076400001619305,107.32475505625875
2026-05-29,WS-4aa144a4eafe,EER?,moderate_1m,20.929880927043534,105.76740193154774
2026-05-30,WS-4aa144a4eafe,EER?,moderate_1m,20.81816898460199,104.58001426115327
2026-05-31,WS-4aa144a4eafe,EER?,moderate_1m,20.833202472199282,104.73980539382823
2026-06-01,WS-4aa144a4eafe,EER?,moderate_1m,20.69483571546118,103.26910336007514
2026-06-02,WS-4aa144a4eafe,EER?,moderate_1m,21.731746212646797,114.29043834675348
2026-06-03,WS-4aa144a4eafe,EER?,moderate_1m,23.19714611334776,129.86619270444072
2026-06-04,WS-4aa144a4eafe,EER?,moderate_1m,23.508583305770244,133.1764626210007
2026-06-05,WS-4aa144a4eafe,EER?,moderate_1m,23.406859088280598,132.09523460734465
2026-06-06,WS-4aa144a4eafe,EER?,moderate_1m,23.26150871855565,130.5503036614971
2026-06-07,WS-4aa144a4eafe,EER?,moderate_1m,23.136454660113394,129.22110246884196
2026-06-08,WS-4aa144a4eafe,EER?,moderate_1m,22.954338831464817,127.28539098809189
2026-06-09,WS-4aa144a4eafe,EER?,moderate_1m,22.836755168633374,126.03559272629072
2026-06-10,WS-4aa144a4eafe,EER?,moderate_1m,22.8414318789535,126.085301540324
2026-06-11,WS-4aa144a4eafe,EER?,moderate_1m,23.113104753956215,128.9729160165259
2026-06-12,WS-4aa144a4eafe,EER?,moderate_1m,23.05403806600051,128.34509543193315
2026-06-13,WS-4aa144a4eafe,EER?,moderate_1m,22.937084657690725,127.10199615353407
2026-06-14,WS-4aa144a4eafe,EER?,moderate_1m,22.99667124685773,127.73534277477633
2026-06-15,WS-4aa144a4eafe,EER?,moderate_1m,22.83356459949305,126.00168012593697
2026-06-16,WS-4aa144a4eafe,EER?,moderate_1m,22.668949853404737,124.25198787640278
2026-06-17,WS-4aa144a4eafe,EER?,moderate_1m,22.906172276800042,126.77342806018684
2026-06-18,WS-4aa144a4eafe,EER?,moderate_1m,22.7610817760946,125.23125926548387
2026-06-19,WS-4aa144a4eafe,EER?,moderate_1m,23.527026834275024,133.3724991222602
2026-06-20,WS-4aa144a4eafe,EER?,moderate_1m,24.576111856573636,144.52323729266394
2026-06-21,WS-4aa144a4eafe,EER?,moderate_1m,24.696031699392677,145.79786684154567
2026-06-22,WS-4aa144a4eafe,EER?,moderate_1m,24.776274705074428,146.65077077911494
2026-06-23,WS-4aa144a4eafe,EER?,moderate_1m,24.614908219625086,144.93560433361432
2026-06-24,WS-4aa144a4eafe,EER?,moderate_1m,24.429838371350506,142.96849454033506
2026-06-25,WS-4aa144a4eafe,EER?,moderate_1m,24.247280346948713,141.028082955247
2026-06-26,WS-4aa144a4eafe,EER?,moderate_1m,24.067200055187513,139.11400722220554
2026-06-27,WS-4aa144a4eafe,EER?,moderate_1m,23.914126612048012,137.48698762988414
2026-06-28,WS-4aa144a4eafe,EER?,moderate_1m,23.808984311846366,136.36942877120015
2026-06-29,WS-4aa144a4eafe,EER?,moderate_1m,23.7043727340898,135.25751096819843
2026-06-30,WS-4aa144a4eafe,EER?,moderate_1m,24.14757645854271,139.96832904535842
2026-07-01,WS-4aa144a4eafe,EER?,moderate_1m,25.39949963510128,153.2750365614735
2026-07-02,WS-4aa144a4eafe,EER?,moderate_1m,27.66973360937167,177.4053826197728
2026-07-03,WS-4aa144a4eafe,EER?,moderate_1m,27.86759592898683,179.50846375516377
2026-07-04,WS-4aa144a4eafe,EER?,moderate_1m,27.690050379887822,177.62132983442032
2026-07-05,WS-4aa144a4eafe,EER?,moderate_1m,27.46467942669517,175.22585907957216
2026-07-06,WS-4aa144a4eafe,EER?,moderate_1m,27.22546219577184,172.68321606096293
2026-07-07,WS-4aa144a4eafe,EER?,moderate_1m,26.974471209393563,170.01542964446892
2026-07-08,WS-4aa144a4eafe,EER?,moderate_1m,26.77238609557213,167.86746437524636
2026-07-09,WS-4aa144a4eafe,EER?,moderate_1m,26.580264017380834,165.8253963396442
2026-07-10,WS-4aa144a4eafe,EER?,moderate_1m,26.368519766672016,163.57476398043943
2026-07-11,WS-4aa144a4eafe,EER?,moderate_1m,26.16686979089932,161.43142379912325
2026-07-12,WS-4aa144a4eafe,EER?,moderate_1m,26.79818087320806,168.14163739789788
2026-07-13,WS-4aa144a4eafe,EER?,moderate_1m,26.908969342013265,169.3192094551559
2026-07-14,WS-4aa144a4eafe,EER?,moderate_1m,26.891767253236445,169.13636823270278
2026-07-15,WS-4aa144a4eafe,EER?,moderate_1m,26.821925938416513,168.39402400084305
2026-07-16,WS-4aa144a4eafe,EER?,moderate_1m,26.577169191650462,165.79250139722404
2026-07-17,WS-4aa144a4eafe,EER?,moderate_1m,26.33813383430259,163.2517915151833
2026-07-18,WS-4aa144a4eafe,EER?,moderate_1m,26.072026555058798,160.42333382775533
2026-07-19,WS-4aa144a4eafe,EER?,moderate_1m,25.803448471184673,157.56861392619086
2026-07-20,WS-4aa144a4eafe,EER?,moderate_1m,25.548890505088586,154.8629140364825
2026-07-21,WS-4aa144a4eafe,EER?,moderate_1m,25.303293313417846,152.2524583331817
2026-07-22,WS-4aa144a4eafe,EER?,moderate_1m,25.08199795207785,149.90030709645876
2026-07-23,WS-4aa144a4eafe,EER?,moderate_1m,24.971484905131828,148.72566250167793
2026-07-24,WS-4aa144a4eafe,EER?,moderate_1m,24.76188061643345,146.49777582615545
2026-07-25,WS-4aa144a4eafe,EER?,moderate_1m,24.548949550545437,144.23452879317438
2026-07-26,WS-4aa144a4eafe,EER?,moderate_1m,24.339308060901047,142.00624670831903
2026-07-27,WS-4aa144a4eafe,EER?,moderate_1m,24.1203686195512,139.6791365754173
2026-07-28,WS-4aa144a4eafe,EER?,moderate_1m,23.917348285176878,137.52123083493143
2026-07-29,WS-4aa144a4eafe,EER?,moderate_1m,23.921247419094392,137.5626747793987
2026-07-30,WS-4aa144a4eafe,EER?,moderate_1m,23.733447728386693,135.56654945585146
2026-07-31,WS-4aa144a4eafe,EER?,moderate_1m,23.5244367497038,133.34496908010058
2026-08-01,WS-4aa144a4eafe,EER?,moderate_1m,23.301192814826848,130.97210643023712
2026-08-02,WS-4aa144a4eafe,EER?,moderate_1m,23.10504665236074,128.88726635121589
2026-08-03,WS-4aa144a4eafe,EER?,moderate_1m,22.94046910126267,127.13796944771052
2026-08-04,WS-4aa144a4eafe,EER?,moderate_1m,22.78373729352498,125.47206505110805
2026-08-05,WS-4aa144a4eafe,EER?,moderate_1m,22.733073813001603,124.93356226619585
2026-08-06,WS-4aa144a4eafe,EER?,moderate_1m,22.621731667134526,123.7501051683389
2026-08-07,WS-4aa144a4eafe,EER?,moderate_1m,22.452788808812468,121.95440935830696
2026-08-08,WS-4aa144a4eafe,EER?,moderate_1m,22.27014771031113,120.01311477754835
2026-08-09,WS-4aa144a4eafe,EER?,moderate_1m,22.224492862917536,119.52784881847455
2026-08-10,WS-4aa144a4eafe,EER?,moderate_1m,24.22249151816579,140.76460217586873
2026-08-11,WS-4aa144a4eafe,EER?,moderate_1m,24.647768222076493,145.2848737215345
2026-08-12,WS-4aa144a4eafe,EER?,moderate_1m,24.52922871861205,144.02491581737385
2026-08-13,WS-4aa144a4eafe,EER?,moderate_1m,24.431473017034936,142.9858692103008
2026-08-14,WS-4aa144a4eafe,EER?,moderate_1m,24.217334829164983,140.70979166227642
2026-08-15,WS-4aa144a4eafe,EER?,moderate_1m,23.98797195679046,138.27189074719493
2026-08-16,WS-4aa144a4eafe,EER?,moderate_1m,23.780893507140256,136.07085124734274
2026-08-17,WS-4aa144a4eafe,EER?,moderate_1m,23.660789581984922,134.79426508494524
2026-08-18,WS-4aa144a4eafe,EER?,moderate_1m,23.435119259782255,132.39561233304627
2026-08-19,WS-4aa144a4eafe,EER?,moderate_1m,23.20177646858634,129.91540880971712
2026-08-20,WS-4aa144a4eafe,EER?,moderate_1m,23.003980507737793,127.81303300250848
2026-08-21,WS-4aa144a4eafe,EER?,moderate_1m,23.08101730878343,128.63185814983848
2026-08-22,WS-4aa144a4eafe,EER?,moderate_1m,22.83727403871642,126.04110780306476
2026-08-23,WS-4aa144a4eafe,EER?,moderate_1m,22.626258107209438,123.79821675800663
2026-08-24,WS-4aa144a4eafe,EER?,moderate_1m,22.386209431901193,121.2467363063559
2026-08-25,WS-4aa144a4eafe,EER?,moderate_1m,22.972891664627262,127.48258928996098
2026-08-26,WS-4aa144a4eafe,EER?,moderate_1m,24.71194750546934,145.96703614866527
2026-08-27,WS-4aa144a4eafe,EER?,moderate_1m,25.541314316789347,154.78238663378508
2026-08-28,WS-4aa144a4eafe,EER?,moderate_1m,25.270910833091968,151.90826453406436
2026-08-29,WS-4aa144a4eafe,EER?,moderate_1m,24.976355882102194,148.77743617843066
2026-08-30,WS-4aa144a4eafe,EER?,moderate_1m,24.668169976712125,145.50172423347897
2026-08-31,WS-4aa144a4eafe,EER?,moderate_1m,24.34750161774336,142.09333612918675
2026-09-01,WS-4aa144a4eafe,EER?,moderate_1m,24.062362596998373,139.06258981700879
2026-09-02,WS-4aa144a4eafe,EER?,moderate_1m,23.780324465965272,136.0648029013884
2026-09-03,WS-4aa144a4eafe,EER?,moderate_1m,23.961495366537385,137.99047072948255
2026-09-04,WS-4aa144a4eafe,EER?,moderate_1m,23.742656193199213,135.6644263465641
2026-09-05,WS-4aa144a4eafe,EER?,moderate_1m,23.628369139407575,134.44966778456964
2026-09-06,WS-4aa144a4eafe,EER?,moderate_1m,23.885714706484443,137.18499712089044
2026-09-07,WS-4aa144a4eafe,EER?,moderate_1m,23.619708638760486,134.35761521200624
2026-09-08,WS-4aa144a4eafe,EER?,moderate_1m,23.30311265115776,130.99251239524568
2026-09-09,WS-4aa144a4eafe,EER?,moderate_1m,23.095371544293478,128.78442950335773
2026-09-10,WS-4aa144a4eafe,EER?,moderate_1m,22.79449192648915,125.58637618295468
2026-09-11,WS-4aa144a4eafe,EER?,moderate_1m,22.528801722667502,122.76235159554317
2026-09-12,WS-4aa144a4eafe,EER?,moderate_1m,22.252829313967556,119.82903732047501
2026-09-13,WS-4aa144a4eafe,EER?,moderate_1m,21.983451058894055,116.96581238895956
2026-09-14,WS-4aa144a4eafe,EER?,moderate_1m,21.741161530880248,114.39051388513279
2026-09-15,WS-4aa144a4eafe,EER?,moderate_1m,21.528568998567117,112.13086512986531
2026-09-16,WS-4aa144a4eafe,EER?,moderate_1m,21.236899499174537,109.03070627630233
2026-09-17,WS-4aa144a4eafe,EER?,moderate_1m,20.97254505548779,106.22087950051349
2026-09-18,WS-4aa144a4eafe,EER?,moderate_1m,20.691559593367494,103.2342814162817
2026-09-19,WS-4aa144a4eafe,EER?,moderate_1m,20.400246941293904,100.13791549745353
2026-09-20,WS-4aa144a4eafe,EER?,moderate_1m,20.104411117847732,96.99347273203671
2026-09-21,WS-4aa144a4eafe,EER?,moderate_1m,19.79217630852393,93.67472493519261
2026-09-22,WS-4aa144a4eafe,EER?,moderate_1m,19.58986337641497,91.52433818246712
2026-09-23,WS-4aa144a4eafe,EER?,moderate_1m,19.35987462328895,89.07978477284279
2026-09-24,WS-4aa144a4eafe,EER?,moderate_1m,19.10850397400162,86.4079629144143
2026-09-25,WS-4aa144a4eafe,EER?,moderate_1m,18.883743670426053,84.01898276218576
2026-09-26,WS-4aa144a4eafe,EER?,moderate_1m,18.613275459283575,81.14417267362002
2026-09-27,WS-4aa144a4eafe,EER?,moderate_1m,18.463097964261674,79.54793415101948
2026-09-28,WS-4aa144a4eafe,EER?,moderate_1m,18.25969299949136,77.38594016911667
2025-03-01,WS-555215c413db,EOR?,moderate_1m,14.936757764640383,51.333876496980714
2025-03-02,WS-555215c413db,EOR?,moderate_1m,14.715422433790692,48.981300423826106
2025-03-03,WS-555215c413db,EOR?,moderate_1m,14.53477403345785,47.061186257483115
2025-03-04,WS-555215c413db,EOR?,moderate_1m,14.36120722445894,45.21634241634361
2025-03-05,WS-555215c413db,EOR?,moderate_1m,14.18840247684033,43.3795985353988
2025-03-06,WS-555215c413db,EOR?,moderate_1m,14.040006755118458,41.80229850407904
2025-03-07,WS-555215c413db,EOR?,moderate_1m,13.917487777826494,40.50004272151631
2025-03-08,WS-555215c413db,EOR?,moderate_1m,13.784354346477748,39.08496577051326
2025-03-09,WS-555215c413db,EOR?,moderate_1m,13.65064998083552,37.663820351575005
2025-03-10,WS-555215c413db,EOR?,moderate_1m,13.533550214338842,36.41916543012844
2025-03-11,WS-555215c413db,EOR?,moderate_1m,14.024574436111344,41.63826818722881
2025-03-12,WS-555215c413db,EOR?,moderate_1m,13.898827008905133,40.30169716907998
2025-03-13,WS-555215c413db,EOR?,moderate_1m,13.74659979120323,38.68367211779887
2025-03-14,WS-555215c413db,EOR?,moderate_1m,13.595315151128396,37.075665736216884
2025-03-15,WS-555215c413db,EOR?,moderate_1m,13.443713596050209,35.464290860995646
2025-03-16,WS-555215c413db,EOR?,moderate_1m,13.32397467821717,34.19158436611285
2025-03-17,WS-555215c413db,EOR?,moderate_1m,13.214548654748906,33.028493757832535
2025-03-18,WS-555215c413db,EOR?,moderate_1m,13.104504893479238,31.85883720653043
2025-03-19,WS-555215c413db,EOR?,moderate_1m,12.992682093146882,30.67027122619132
2025-03-20,WS-555215c413db,EOR?,moderate_1m,12.945589037998012,30.16971853842262
2025-03-21,WS-555215c413db,EOR?,moderate_1m,13.169656424961985,32.55133367109071
2025-03-22,WS-555215c413db,EOR?,moderate_1m,13.542476400495325,36.51404197738209
2025-03-23,WS-555215c413db,EOR?,moderate_1m,13.437083219712626,35.39381650578121
2025-03-24,WS-555215c413db,EOR?,moderate_1m,13.312852832694148,34.07337012726388
2025-03-25,WS-555215c413db,EOR?,moderate_1m,13.206916057072007,32.947366779135756
2025-03-26,WS-555215c413db,EOR?,moderate_1m,13.097142593259491,31.780583222975842
2025-03-27,WS-555215c413db,EOR?,moderate_1m,13.00682747928197,30.820622717022832
2025-03-28,WS-555215c413db,EOR?,moderate_1m,12.946268446874843,30.176939984096872
2025-03-29,WS-555215c413db,EOR?,moderate_1m,14.05967652886033,42.01136878170643
2025-03-30,WS-555215c413db,EOR?,moderate_1m,14.932739057466431,51.2911616068357
2025-03-31,WS-555215c413db,EOR?,moderate_1m,15.000703409834657,52.01355558069937
2025-04-01,WS-555215c413db,EOR?,moderate_1m,14.841305921604611,50.31931763192106
2025-04-02,WS-555215c413db,EOR?,moderate_1m,14.702789349854655,48.84702321248358
2025-04-03,WS-555215c413db,EOR?,moderate_1m,14.572677015766367,47.46405754304745
2025-04-04,WS-555215c413db,EOR?,moderate_1m,14.448362535471865,46.14271733601966
2025-04-05,WS-555215c413db,EOR?,moderate_1m,14.309011687275746,44.66155538152526
2025-04-06,WS-555215c413db,EOR?,moderate_1m,14.199994378011716,43.50280900176895
2025-04-07,WS-555215c413db,EOR?,moderate_1m,14.084117265214175,42.27114968218717
2025-04-08,WS-555215c413db,EOR?,moderate_1m,13.975286472968307,41.1143857942114
2025-04-09,WS-555215c413db,EOR?,moderate_1m,13.852952439021976,39.81409577684375
2025-04-10,WS-555215c413db,EOR?,moderate_1m,13.753994256510435,38.76226798448097
2025-04-11,WS-555215c413db,EOR?,moderate_1m,13.640385349801342,37.55471745653306
2025-04-12,WS-555215c413db,EOR?,moderate_1m,13.535333829447847,36.43812349802049
2025-04-13,WS-555215c413db,EOR?,moderate_1m,13.438274705138443,35.40648081966876
2025-04-14,WS-555215c413db,EOR?,moderate_1m,13.348694641783162,34.45433317621627
2025-04-15,WS-555215c413db,EOR?,moderate_1m,13.27073131121226,33.625659934667226
2025-04-16,WS-555215c413db,EOR?,moderate_1m,13.188652240365101,32.75324043688301
2025-04-17,WS-555215c413db,EOR?,moderate_1m,13.104326142490656,31.85693725997794
2025-04-18,WS-555215c413db,EOR?,moderate_1m,13.022307655967413,30.985161713750458
2025-04-19,WS-555215c413db,EOR?,moderate_1m,12.93977342056187,30.107904266031678
2025-04-20,WS-555215c413db,EOR?,moderate_1m,12.866281069419543,29.326753122228357
2025-04-21,WS-555215c413db,EOR?,moderate_1m,13.191268181633873,32.78104531021283
2025-04-22,WS-555215c413db,EOR?,moderate_1m,13.290077971688092,33.83129583724166
2025-04-23,WS-555215c413db,EOR?,moderate_1m,13.234797016042958,33.24371384998007
2025-04-24,WS-555215c413db,EOR?,moderate_1m,13.20379340237752,32.91417604229869
2025-04-25,WS-555215c413db,EOR?,moderate_1m,13.14250937457431,32.262787324000115
2025-04-26,WS-555215c413db,EOR?,moderate_1m,13.101750473024286,31.829560436152857
2025-04-27,WS-555215c413db,EOR?,moderate_1m,13.16384778138142,32.489593523900204
2025-04-28,WS-555215c413db,EOR?,moderate_1m,13.111606175313774,31.934316822317566
2025-04-29,WS-555215c413db,EOR?,moderate_1m,13.06352563710415,31.42326816441859
2025-04-30,WS-555215c413db,EOR?,moderate_1m,13.98826786097651,41.25236513400862
2025-05-01,WS-555215c413db,EOR?,moderate_1m,13.913296090251023,40.45548922046281
2025-05-02,WS-555215c413db,EOR?,moderate_1m,13.825357177194704,39.520785384607414
2025-05-03,WS-555215c413db,EOR?,moderate_1m,13.744730918395724,38.66380784473485
2025-05-04,WS-555215c413db,EOR?,moderate_1m,13.667575096777462,37.84371762621039
2025-05-05,WS-555215c413db,EOR?,moderate_1m,13.59879817908909,37.11268688512702
2025-05-06,WS-555215c413db,EOR?,moderate_1m,13.523084676222037,36.30792709112595
2025-05-07,WS-555215c413db,EOR?,moderate_1m,13.447395775457203,35.503428793185215
2025-05-08,WS-555215c413db,EOR?,moderate_1m,13.37812802285838,34.76718096153721
2025-05-09,WS-555215c413db,EOR?,moderate_1m,13.310296701454728,34.04620097550388
2025-05-10,WS-555215c413db,EOR?,moderate_1m,13.251454259318987,33.420763902610446
2025-05-11,WS-555215c413db,EOR?,moderate_1m,13.198158536303538,32.85428297845664
2025-05-12,WS-555215c413db,EOR?,moderate_1m,13.212261160329106,33.0041799502771
2025-05-13,WS-555215c413db,EOR?,moderate_1m,13.164039863122213,32.49163516318906
2025-05-14,WS-555215c413db,EOR?,moderate_1m,13.49631372411396,36.02337829747765
2025-05-15,WS-555215c413db,EOR?,moderate_1m,13.430845078868952,35.32751122666712
2025-05-16,WS-555215c413db,EOR?,moderate_1m,13.383757429486234,34.82701599685628
2025-05-17,WS-555215c413db,EOR?,moderate_1m,13.334424073195333,34.30265111948744
2025-05-18,WS-555215c413db,EOR?,moderate_1m,13.27055479625433,33.62378375491326
2025-05-19,WS-555215c413db,EOR?,moderate_1m,13.244681547306037,33.348776659675195
2025-05-20,WS-555215c413db,EOR?,moderate_1m,13.19298600484706,32.79930407519961
2025-05-21,WS-555215c413db,EOR?,moderate_1m,13.149446772826728,32.33652501908895
2025-05-22,WS-555215c413db,EOR?,moderate_1m,13.38492718972304,34.839449393430925
2025-05-23,WS-555215c413db,EOR?,moderate_1m,17.76481786584938,81.39336362000897
2025-05-24,WS-555215c413db,EOR?,moderate_1m,18.101995170166877,84.97722551635844
2025-05-25,WS-555215c413db,EOR?,moderate_1m,17.958913009395978,83.45640339260328
2025-05-26,WS-555215c413db,EOR?,moderate_1m,17.866715427411894,82.47643411004096
2025-05-27,WS-555215c413db,EOR?,moderate_1m,18.25027963438175,86.55334299020797
2025-05-28,WS-555215c413db,EOR?,moderate_1m,18.13613167914457,85.34006290853458
2025-05-29,WS-555215c413db,EOR?,moderate_1m,18.01524530375901,84.05516007259475
2025-05-30,WS-555215c413db,EOR?,moderate_1m,17.88494735787714,82.67022153302172
2025-05-31,WS-555215c413db,EOR?,moderate_1m,17.764160677865412,81.38637836049023
2025-06-01,WS-555215c413db,EOR?,moderate_1m,17.663374875609207,80.31512477439802
2025-06-02,WS-555215c413db,EOR?,moderate_1m,17.56749297811524,79.29599485498105
2025-06-03,WS-555215c413db,EOR?,moderate_1m,17.451636267208347,78.06455238735691
2025-06-04,WS-555215c413db,EOR?,moderate_1m,17.32714758785064,76.74136061624993
2025-06-05,WS-555215c413db,EOR?,moderate_1m,17.215023367103065,75.54959083444774
2025-06-06,WS-555215c413db,EOR?,moderate_1m,17.138290840915126,74.73399982848652
2025-06-07,WS-555215c413db,EOR?,moderate_1m,17.24945297686635,75.91554359863687
2025-06-08,WS-555215c413db,EOR?,moderate_1m,18.223999726336608,86.27401351020873
2025-06-09,WS-555215c413db,EOR?,moderate_1m,19.0247720512638,94.78543283235679
2025-06-10,WS-555215c413db,EOR?,moderate_1m,18.911615193445524,93.5826871378729
2025-06-11,WS-555215c413db,EOR?,moderate_1m,18.783221184297403,92.21798556628605
2025-06-12,WS-555215c413db,EOR?,moderate_1m,18.677236868088123,91.09147690864694
2025-06-13,WS-555215c413db,EOR?,moderate_1m,18.57660451911392,90.0218543794592
2025-06-14,WS-555215c413db,EOR?,moderate_1m,18.466381035945687,88.85028756178994
2025-06-15,WS-555215c413db,EOR?,moderate_1m,18.482519119856185,89.02181946285899
2025-06-16,WS-555215c413db,EOR?,moderate_1m,18.73126811964334,91.66577577509275
2025-06-17,WS-555215c413db,EOR?,moderate_1m,18.667192269957994,90.98471274616695
2025-06-18,WS-555215c413db,EOR?,moderate_1m,18.550467717032685,89.74404597458751
2025-06-19,WS-555215c413db,EOR?,moderate_1m,18.439332096386153,88.5627840359512
2025-06-20,WS-555215c413db,EOR?,moderate_1m,18.3296593056942,87.39707053568222
2025-06-21,WS-555215c413db,EOR?,moderate_1m,18.205859126548585,86.08119684216868
2025-06-22,WS-555215c413db,EOR?,moderate_1m,18.09159117765229,84.86664134635207
2025-06-23,WS-555215c413db,EOR?,moderate_1m,18.01848685024821,84.08961451184412
2025-06-24,WS-555215c413db,EOR?,moderate_1m,19.472421024243012,99.54349951317198
2025-06-25,WS-555215c413db,EOR?,moderate_1m,20.064774032996407,105.83962724797429
2025-06-26,WS-555215c413db,EOR?,moderate_1m,20.73634520546837,112.97776586196203
2025-06-27,WS-555215c413db,EOR?,moderate_1m,20.58134144625547,111.33022891531462
2025-06-28,WS-555215c413db,EOR?,moderate_1m,20.423639337940397,109.65401118141826
2025-06-29,WS-555215c413db,EOR?,moderate_1m,20.282963887688375,108.15877001466612
2025-06-30,WS-555215c413db,EOR?,moderate_1m,20.153841656617324,106.78632816291139
2025-07-01,WS-555215c413db,EOR?,moderate_1m,20.045383296594828,105.63352286181924
2025-07-02,WS-555215c413db,EOR?,moderate_1m,20.477881239872637,110.2305490534259
2025-07-03,WS-555215c413db,EOR?,moderate_1m,20.31134654347856,108.46044962744298
2025-07-04,WS-555215c413db,EOR?,moderate_1m,20.546209630721172,110.95681239697039
2025-07-05,WS-555215c413db,EOR?,moderate_1m,20.438457598323943,109.81151466127517
2025-07-06,WS-555215c413db,EOR?,moderate_1m,20.32692668423934,108.62605114361071
2025-07-07,WS-555215c413db,EOR?,moderate_1m,21.197793802989075,117.88250892919147
2025-07-08,WS-555215c413db,EOR?,moderate_1m,21.071607038478387,116.54126818919305
2025-07-09,WS-555215c413db,EOR?,moderate_1m,20.93137582728754,115.05074884512537
2025-07-10,WS-555215c413db,EOR?,moderate_1m,21.313136390146543,119.10848676888253
2025-07-11,WS-555215c413db,EOR?,moderate_1m,21.830622911292142,124.60885764574857
2025-07-12,WS-555215c413db,EOR?,moderate_1m,21.67815425512547,122.98826634192577
2025-07-13,WS-555215c413db,EOR?,moderate_1m,21.53132825716454,121.42765092461354
2025-07-14,WS-555215c413db,EOR?,moderate_1m,21.463388971933362,120.70552338967141
2025-07-15,WS-555215c413db,EOR?,moderate_1m,21.330040817253156,119.28816414162156
2025-07-16,WS-555215c413db,EOR?,moderate_1m,21.15969734587904,117.47758119747795
2025-07-17,WS-555215c413db,EOR?,moderate_1m,20.993287356291308,115.7088072817407
2025-07-18,WS-555215c413db,EOR?,moderate_1m,20.813921569631322,113.80232603259302
2025-07-19,WS-555215c413db,EOR?,moderate_1m,20.63751111123925,111.92725700554611
2025-07-20,WS-555215c413db,EOR?,moderate_1m,20.464007287518974,110.08308263574183
2025-07-21,WS-555215c413db,EOR?,moderate_1m,20.303168598200635,108.3735261420936
2025-07-22,WS-555215c413db,EOR?,moderate_1m,20.16896293632458,106.94705243905024
2025-07-23,WS-555215c413db,EOR?,moderate_1m,21.679778312114735,123.00552846451468
2025-07-24,WS-555215c413db,EOR?,moderate_1m,21.520287629615513,121.31029995265287
2025-07-25,WS-555215c413db,EOR?,moderate_1m,21.37006155801771,119.7135451090034
2025-07-26,WS-555215c413db,EOR?,moderate_1m,22.531991079569615,132.06370891069366
2025-07-27,WS-555215c413db,EOR?,moderate_1m,23.443124967392734,141.7481627017094
2025-07-28,WS-555215c413db,EOR?,moderate_1m,23.98914286415633,147.5517939363114
2025-07-29,WS-555215c413db,EOR?,moderate_1m,24.38245831203313,151.73234888126694
2025-07-30,WS-555215c413db,EOR?,moderate_1m,24.2502649809022,150.32726426754826
2025-07-31,WS-555215c413db,EOR?,moderate_1m,23.97706122267295,147.4233780138777
2025-08-01,WS-555215c413db,EOR?,moderate_1m,23.768232248240473,145.2037321636411
2025-08-02,WS-555215c413db,EOR?,moderate_1m,23.708080152700816,144.56437476790381
2025-08-03,WS-555215c413db,EOR?,moderate_1m,23.4453498310583,141.771810806174
2025-08-04,WS-555215c413db,EOR?,moderate_1m,23.194009335178045,139.10030944869638
2025-08-05,WS-555215c413db,EOR?,moderate_1m,23.09890234721838,138.08941605266799
2025-08-06,WS-555215c413db,EOR?,moderate_1m,22.863321119918872,135.5854201632562
2025-08-07,WS-555215c413db,EOR?,moderate_1m,22.66522182302787,133.479820193358
2025-08-08,WS-555215c413db,EOR?,moderate_1m,22.45236302824067,131.2173413308353
2025-08-09,WS-555215c413db,EOR?,moderate_1m,22.254801250773316,129.11745466179184
2025-08-10,WS-555215c413db,EOR?,moderate_1m,22.037397066369913,126.80666279468377
2025-08-11,WS-555215c413db,EOR?,moderate_1m,21.82388372555935,124.53722675407555
2025-08-12,WS-555215c413db,EOR?,moderate_1m,21.603097603480997,122.19048822800234
2025-08-13,WS-555215c413db,EOR?,moderate_1m,21.435454130706525,120.40860360363753
2025-08-14,WS-555215c413db,EOR?,moderate_1m,21.263442442663482,118.58028916310288
2025-08-15,WS-555215c413db,EOR?,moderate_1m,21.079625433848243,116.62649581652119
2025-08-16,WS-555215c413db,EOR?,moderate_1m,20.910972662775585,114.83388334758737
2025-08-17,WS-555215c413db,EOR?,moderate_1m,20.79773551407923,113.63028424032953
2025-08-18,WS-555215c413db,EOR?,moderate_1m,20.58616340941157,111.38148162360628
2025-08-19,WS-555215c413db,EOR?,moderate_1m,20.383739454415938,109.229914807193
2025-08-20,WS-555215c413db,EOR?,moderate_1m,20.2895037670314,108.2282824761636
2025-08-21,WS-555215c413db,EOR?,moderate_1m,20.250757066010724,107.81644329357587
2025-08-22,WS-555215c413db,EOR?,moderate_1m,20.091295532418513,106.12152460582088
2025-08-23,WS-555215c413db,EOR?,moderate_1m,19.893704243604105,104.02132426029071
2025-08-24,WS-555215c413db,EOR?,moderate_1m,19.662957793000054,101.5687172744449
2025-08-25,WS-555215c413db,EOR?,moderate_1m,19.446699781571688,99.27010809460336
2025-08-26,WS-555215c413db,EOR?,moderate_1m,19.25302222642594,97.21150687448278
2025-08-27,WS-555215c413db,EOR?,moderate_1m,20.384215675727944,109.23497656963218
2025-08-28,WS-555215c413db,EOR?,moderate_1m,21.05165543526561,116.32920234250122
2025-08-29,WS-555215c413db,EOR?,moderate_1m,21.75366026345391,123.79082067381204
2025-08-30,WS-555215c413db,EOR?,moderate_1m,22.8511405026124,135.4559522255282
2025-08-31,WS-555215c413db,EOR?,moderate_1m,22.580830466699375,132.58282338350705
2025-09-01,WS-555215c413db,EOR?,moderate_1m,22.316253922358406,129.7706358970131
2025-09-02,WS-555215c413db,EOR?,moderate_1m,22.08040964216341,127.26384401499806
2025-09-03,WS-555215c413db,EOR?,moderate_1m,21.792436774137805,124.20297670369283
2025-09-04,WS-555215c413db,EOR?,moderate_1m,21.46160107245474,120.68651978315968
2025-09-05,WS-555215c413db,EOR?,moderate_1m,21.20463783146004,117.95525419567456
2025-09-06,WS-555215c413db,EOR?,moderate_1m,20.921966971679907,114.95074199807884
2025-09-07,WS-555215c413db,EOR?,moderate_1m,20.677216230075594,112.34928322340097
2025-09-08,WS-555215c413db,EOR?,moderate_1m,20.723719543449526,112.84356753827261
2025-09-09,WS-555215c413db,EOR?,moderate_1m,20.387007964053602,109.26465583809357
2025-09-10,WS-555215c413db,EOR?,moderate_1m,20.684697173677225,112.42879826898478
2025-09-11,WS-555215c413db,EOR?,moderate_1m,23.937028110355758,146.99786554910406
2025-09-12,WS-555215c413db,EOR?,moderate_1m,23.680520154735937,144.2714391957136
2025-09-13,WS-555215c413db,EOR?,moderate_1m,23.379766365705848,141.07472331096736
2025-09-14,WS-555215c413db,EOR?,moderate_1m,23.091960163451212,138.01562749228145
2025-09-15,WS-555215c413db,EOR?,moderate_1m,22.74277412833672,134.30412464211986
2025-09-16,WS-555215c413db,EOR?,moderate_1m,22.474762629699626,131.4554269823137
2025-09-17,WS-555215c413db,EOR?,moderate_1m,22.5969441428744,132.75409585444237
2025-09-18,WS-555215c413db,EOR?,moderate_1m,22.272895994524045,129.30978392542278
2025-09-19,WS-555215c413db,EOR?,moderate_1m,22.003331847309326,126.44458314395176
2025-09-20,WS-555215c413db,EOR?,moderate_1m,22.772432704216616,134.6193660259108
2025-09-21,WS-555215c413db,EOR?,moderate_1m,22.491799998014816,131.63651738886549
2025-09-22,WS-555215c413db,EOR?,moderate_1m,22.14702700358354,127.9719208047814
2025-09-23,WS-555215c413db,EOR?,moderate_1m,22.356513161318496,130.19855186477716
2025-09-24,WS-555215c413db,EOR?,moderate_1m,22.085096254286448,127.31365807542164
2025-09-25,WS-555215c413db,EOR?,moderate_1m,21.757316045414896,123.82967802720917
2025-09-26,WS-555215c413db,EOR?,moderate_1m,21.355773438534534,119.56167650358263
2025-09-27,WS-555215c413db,EOR?,moderate_1m,20.94144378266531,115.15776127209043
2025-09-28,WS-555215c413db,EOR?,moderate_1m,20.619313868730003,111.73383828129502
2025-09-29,WS-555215c413db,EOR?,moderate_1m,20.306761668065274,108.41171692781349
2025-09-30,WS-555215c413db,EOR?,moderate_1m,20.02281741750278,105.39366984324394
2025-10-01,WS-555215c413db,EOR?,moderate_1m,19.713917545861,102.11036914183683
2025-10-02,WS-555215c413db,EOR?,moderate_1m,19.478313924595597,99.60613522667404
2025-10-03,WS-555215c413db,EOR?,moderate_1m,19.340981905863437,98.14643143647025
2025-10-04,WS-555215c413db,EOR?,moderate_1m,19.075180706688364,95.32122707802228
2025-10-05,WS-555215c413db,EOR?,moderate_1m,18.791556617360236,92.30658299132311
2025-10-06,WS-555215c413db,EOR?,moderate_1m,18.53334812749214,89.56208163757586
2025-10-07,WS-555215c413db,EOR?,moderate_1m,18.35539363765171,87.67060108044177
2025-10-08,WS-555215c413db,EOR?,moderate_1m,18.094533647127903,84.89791689218448
2025-10-09,WS-555215c413db,EOR?,moderate_1m,19.116349796075326,95.75881385765442
2025-10-10,WS-555215c413db,EOR?,moderate_1m,18.999761025774063,94.51959032132915
2025-10-11,WS-555215c413db,EOR?,moderate_1m,18.63853247260856,90.6800873921988
2025-10-12,WS-555215c413db,EOR?,moderate_1m,18.392951705000634,88.06980626047253
2025-10-13,WS-555215c413db,EOR?,moderate_1m,18.095599550498868,84.90924639279874
2025-10-14,WS-555215c413db,EOR?,moderate_1m,17.831610055190282,82.1032986580067
2025-10-15,WS-555215c413db,EOR?,moderate_1m,17.554402760383073,79.15685876265069
2025-10-16,WS-555215c413db,EOR?,moderate_1m,17.258937881299186,76.01635876962283
2025-10-17,WS-555215c413db,EOR?,moderate_1m,16.995510396084008,73.21638464732882
2025-10-18,WS-555215c413db,EOR?,moderate_1m,16.741785955761298,70.51954431376674
2025-10-19,WS-555215c413db,EOR?,moderate_1m,16.516253168172977,68.12235341904933
2025-10-20,WS-555215c413db,EOR?,moderate_1m,16.20432589975195,64.80687447840913
2025-10-21,WS-555215c413db,EOR?,moderate_1m,16.169097846732825,64.43243505060309
2025-10-22,WS-555215c413db,EOR?,moderate_1m,16.2742022901753,65.54959152930788
2025-10-23,WS-555215c413db,EOR?,moderate_1m,16.188819750204605,64.64205941579893
2025-10-24,WS-555215c413db,EOR?,moderate_1m,16.136586822012273,64.08687495146444
2025-10-25,WS-555215c413db,EOR?,moderate_1m,15.951608133491796,62.120734096381874
2025-10-26,WS-555215c413db,EOR?,moderate_1m,15.835943418366437,60.89133235438454
2025-10-27,WS-555215c413db,EOR?,moderate_1m,16.74865975856826,70.59260605204936
2025-10-28,WS-555215c413db,EOR?,moderate_1m,16.791456605609532,71.0474942886867
2025-10-29,WS-555215c413db,EOR?,moderate_1m,16.63385471726591,69.3723417941535
2025-10-30,WS-555215c413db,EOR?,moderate_1m,16.459693736932856,67.52118249827527
2025-10-31,WS-555215c413db,EOR?,moderate_1m,16.276832159440072,65.577544443486
2025-11-01,WS-555215c413db,EOR?,moderate_1m,16.39035292464675,66.78415811427313
2025-11-02,WS-555215c413db,EOR?,moderate_1m,16.12619789114692,63.97645087192114
2025-11-03,WS-555215c413db,EOR?,moderate_1m,15.938688361477578,61.983409673775775
2025-11-04,WS-555215c413db,EOR?,moderate_1m,16.045213345461736,63.115665096135324
2025-11-05,WS-555215c413db,EOR?,moderate_1m,17.088469521029502,74.20444837980483
2025-11-06,WS-555215c413db,EOR?,moderate_1m,16.824710779155414,71.4009533262305
2025-11-07,WS-555215c413db,EOR?,moderate_1m,16.54865520320066,68.46675506534324
2025-11-08,WS-555215c413db,EOR?,moderate_1m,16.30834058558157,65.91244790945632
2025-11-09,WS-555215c413db,EOR?,moderate_1m,16.08286304295292,63.51584421412449
2025-11-10,WS-555215c413db,EOR?,moderate_1m,15.868413006964303,61.236452028443246
2025-11-11,WS-555215c413db,EOR?,moderate_1m,15.66984150960321,59.125833033686185
2025-11-12,WS-555215c413db,EOR?,moderate_1m,15.523048848001807,57.56557194896733
2025-11-13,WS-555215c413db,EOR?,moderate_1m,15.287664531816652,55.063669030318046
2025-11-14,WS-555215c413db,EOR?,moderate_1m,15.040437189748111,52.435886437510746
2025-11-15,WS-555215c413db,EOR?,moderate_1m,15.245077326264958,54.61100907576487
2025-11-16,WS-555215c413db,EOR?,moderate_1m,15.11672121218649,53.246710291359896
2025-11-17,WS-555215c413db,EOR?,moderate_1m,14.988004998296049,51.87858400143039
2025-11-18,WS-555215c413db,EOR?,moderate_1m,14.784873960351483,49.71950159127519
2025-11-19,WS-555215c413db,EOR?,moderate_1m,14.579357498134208,47.535064475900775
2025-11-20,WS-555215c413db,EOR?,moderate_1m,14.372284182386416,45.33407954436326
2025-11-21,WS-555215c413db,EOR?,moderate_1m,14.27172136009348,44.265196015163276
2025-11-22,WS-555215c413db,EOR?,moderate_1m,14.183387650662727,43.326295883575575
2025-11-23,WS-555215c413db,EOR?,moderate_1m,15.704146003305496,59.49045593765666
2025-11-24,WS-555215c413db,EOR?,moderate_1m,15.599437856053367,58.377511696246806
2025-11-25,WS-555215c413db,EOR?,moderate_1m,15.368534090951279,55.92323261258176
2025-11-26,WS-555215c413db,EOR?,moderate_1m,15.35469489918848,55.77613566566428
2025-11-27,WS-555215c413db,EOR?,moderate_1m,15.081909837320282,52.87669974099062
2025-11-28,WS-555215c413db,EOR?,moderate_1m,14.856277517718038,50.478450919219405
2025-11-29,WS-555215c413db,EOR?,moderate_1m,14.68134923124871,48.619135916567856
2025-11-30,WS-555215c413db,EOR?,moderate_1m,14.762174901571914,49.47823300409149
2025-12-01,WS-555215c413db,EOR?,moderate_1m,14.678999483530902,48.59416041790867
2025-12-02,WS-555215c413db,EOR?,moderate_1m,14.856991786737805,50.48604289380046
2025-12-03,WS-555215c413db,EOR?,moderate_1m,14.648306812134116,48.26792761959274
2025-12-04,WS-555215c413db,EOR?,moderate_1m,14.425141610561962,45.89590182703678
2025-12-05,WS-555215c413db,EOR?,moderate_1m,14.161837316501483,43.097237105107624
2025-12-06,WS-555215c413db,EOR?,moderate_1m,13.92226728433289,40.550844157533184
2025-12-07,WS-555215c413db,EOR?,moderate_1m,13.757297756437271,38.79738092761438
2025-12-08,WS-555215c413db,EOR?,moderate_1m,13.603840353543855,37.16628022213927
2025-12-09,WS-555215c413db,EOR?,moderate_1m,13.41048282291888,35.11108054675854
2025-12-10,WS-555215c413db,EOR?,moderate_1m,13.24345624458503,33.33575290132288
2025-12-11,WS-555215c413db,EOR?,moderate_1m,13.136843172260864,32.20256118686649
2025-12-12,WS-555215c413db,EOR?,moderate_1m,13.042460207591784,31.19936344368892
2025-12-13,WS-555215c413db,EOR?,moderate_1m,12.97186222871576,30.44897661986279
2025-12-14,WS-555215c413db,EOR?,moderate_1m,13.35727115980717,34.54549309640073
2025-12-15,WS-555215c413db,EOR?,moderate_1m,13.211399364949187,32.99501991612004
2025-12-16,WS-555215c413db,EOR?,moderate_1m,13.066196091290944,31.45165245625394
2025-12-17,WS-555215c413db,EOR?,moderate_1m,12.903969788870622,29.727347005130227
2025-12-18,WS-555215c413db,EOR?,moderate_1m,12.747989218161607,28.069427516550128
2025-12-19,WS-555215c413db,EOR?,moderate_1m,12.606958999512976,26.57041551195586
2025-12-20,WS-555215c413db,EOR?,moderate_1m,12.914316861145991,29.837326169183218
2025-12-21,WS-555215c413db,EOR?,moderate_1m,13.959682506701899,40.94853103643852
2025-12-22,WS-555215c413db,EOR?,moderate_1m,16.287221748652822,65.68797552061224
2025-12-23,WS-555215c413db,EOR?,moderate_1m,15.97473812188792,62.366583039992335
2025-12-24,WS-555215c413db,EOR?,moderate_1m,15.686388243161478,59.30170847710774
2025-12-25,WS-555215c413db,EOR?,moderate_1m,15.409567363529991,56.359375793615364
2025-12-26,WS-555215c413db,EOR?,moderate_1m,15.161543089340356,53.72312259906175
2025-12-27,WS-555215c413db,EOR?,moderate_1m,14.920334593036277,51.159314395156244
2025-12-28,WS-555215c413db,EOR?,moderate_1m,14.679243798225865,48.596757241938015
2025-12-29,WS-555215c413db,EOR?,moderate_1m,14.456722805045402,46.23157874864781
2025-12-30,WS-555215c413db,EOR?,moderate_1m,14.224439846814462,43.7626402035098
2025-12-31,WS-555215c413db,EOR?,moderate_1m,14.03185082466409,41.71560901457189
2026-01-01,WS-555215c413db,EOR?,moderate_1m,15.108155557108134,53.15566583356423
2026-01-02,WS-555215c413db,EOR?,moderate_1m,14.881332849927503,50.744764366939876
2026-01-03,WS-555215c413db,EOR?,moderate_1m,14.6421956425913,48.202971920065586
2026-01-04,WS-555215c413db,EOR?,moderate_1m,14.473005810912863,46.404651027057994
2026-01-05,WS-555215c413db,EOR?,moderate_1m,14.321076460987953,44.789792016202625
2026-01-06,WS-555215c413db,EOR?,moderate_1m,14.100027474880406,42.44025950498843
2026-01-07,WS-555215c413db,EOR?,moderate_1m,13.871670769876843,40.01305315581034
2026-01-08,WS-555215c413db,EOR?,moderate_1m,13.62964080377423,37.44051353886998
2026-01-09,WS-555215c413db,EOR?,moderate_1m,13.399836286093159,34.99791837015529
2026-01-10,WS-555215c413db,EOR?,moderate_1m,13.15072964344757,32.350160667387655
2026-01-11,WS-555215c413db,EOR?,moderate_1m,13.012686954954482,30.88290315917127
2026-01-12,WS-555215c413db,EOR?,moderate_1m,12.863023095651116,29.29212407721715
2026-01-13,WS-555215c413db,EOR?,moderate_1m,12.71584963937535,27.72781552101579
2026-01-14,WS-555215c413db,EOR?,moderate_1m,12.585180939816876,26.33893623585434
2026-01-15,WS-555215c413db,EOR?,moderate_1m,12.79777381499433,28.598588635431085
2026-01-16,WS-555215c413db,EOR?,moderate_1m,12.756573088495802,28.160665584533977
2026-01-17,WS-555215c413db,EOR?,moderate_1m,12.681892941156303,27.366889339701718
2026-01-18,WS-555215c413db,EOR?,moderate_1m,12.61177597888846,26.62161524757935
2026-01-19,WS-555215c413db,EOR?,moderate_1m,12.51833554516966,25.628435677972714
2026-01-20,WS-555215c413db,EOR?,moderate_1m,12.410116915859149,24.47817847769597
2026-01-21,WS-555215c413db,EOR?,moderate_1m,12.291491453712446,23.217306917598016
2026-01-22,WS-555215c413db,EOR?,moderate_1m,12.188283461962513,22.12030784828036
2026-01-23,WS-555215c413db,EOR?,moderate_1m,12.086996191963166,21.043724155108308
2026-01-24,WS-555215c413db,EOR?,moderate_1m,11.981265463503295,19.91991088491324
2026-01-25,WS-555215c413db,EOR?,moderate_1m,11.881181149852647,18.856113430215352
2026-01-26,WS-555215c413db,EOR?,moderate_1m,11.7856018438575,17.8401997597241
2026-01-27,WS-555215c413db,EOR?,moderate_1m,11.68960975329884,16.819898596807832
2026-01-28,WS-555215c413db,EOR?,moderate_1m,11.58936831235124,15.754431034053423
2026-01-29,WS-555215c413db,EOR?,moderate_1m,11.511616198532113,14.928002818070636
2026-01-30,WS-555215c413db,EOR?,moderate_1m,11.423979688887702,13.996513231962759
2026-01-31,WS-555215c413db,EOR?,moderate_1m,11.33807109233096,13.0833896562471
2026-02-01,WS-555215c413db,EOR?,moderate_1m,11.282825172793576,12.496180068224561
2026-02-02,WS-555215c413db,EOR?,moderate_1m,11.393738480523385,13.675079040014937
2026-02-03,WS-555215c413db,EOR?,moderate_1m,11.343303291346533,13.139002766755763
2026-02-04,WS-555215c413db,EOR?,moderate_1m,11.282555537185445,12.493314107884112
2026-02-05,WS-555215c413db,EOR?,moderate_1m,11.215333232762081,11.77880737115296
2026-02-06,WS-555215c413db,EOR?,moderate_1m,11.155103277290419,11.138622401198825
2026-02-07,WS-555215c413db,EOR?,moderate_1m,11.107573207867276,10.633424683098404
2026-02-08,WS-555215c413db,EOR?,moderate_1m,13.651005354571886,37.66759762358124
2026-02-09,WS-555215c413db,EOR?,moderate_1m,14.233353948793237,43.857388307883454
2026-02-10,WS-555215c413db,EOR?,moderate_1m,14.976767606444227,51.75914161916918
2026-02-11,WS-555215c413db,EOR?,moderate_1m,14.791830054028186,49.79343800026879
2026-02-12,WS-555215c413db,EOR?,moderate_1m,14.761703544816807,49.47322294709009
2026-02-13,WS-555215c413db,EOR?,moderate_1m,14.548390759645816,47.20591861494964
2026-02-14,WS-555215c413db,EOR?,moderate_1m,14.3932134930836,45.55653745645884
2026-02-15,WS-555215c413db,EOR?,moderate_1m,14.225195993650093,43.7706772979333
2026-02-16,WS-555215c413db,EOR?,moderate_1m,14.057916190831918,41.99265812620282
2026-02-17,WS-555215c413db,EOR?,moderate_1m,13.880597997844106,40.107940776484135
2026-02-18,WS-555215c413db,EOR?,moderate_1m,13.709451769804232,38.28882532143417
2026-02-19,WS-555215c413db,EOR?,moderate_1m,13.540951711451946,36.497836037965726
2026-02-20,WS-555215c413db,EOR?,moderate_1m,13.39333853400338,34.92885367977341
2026-02-21,WS-555215c413db,EOR?,moderate_1m,13.234957631766562,33.24542103656827
2026-02-22,WS-555215c413db,EOR?,moderate_1m,13.164172169122189,32.4930414453614
2026-02-23,WS-555215c413db,EOR?,moderate_1m,13.677314165934941,37.94723431731764
2026-02-24,WS-555215c413db,EOR?,moderate_1m,13.51200757131511,36.190188400859846
2026-02-25,WS-555215c413db,EOR?,moderate_1m,13.37692225076259,34.75436479445109
2026-02-26,WS-555215c413db,EOR?,moderate_1m,13.796555218914335,39.21464900027932
2026-02-27,WS-555215c413db,EOR?,moderate_1m,13.698095099361876,38.16811512550285
2026-02-28,WS-555215c413db,EOR?,moderate_1m,13.697362533174672,38.16032867009423
2026-03-01,WS-555215c413db,EOR?,moderate_1m,13.612712962933912,37.26058730125479
2026-03-02,WS-555215c413db,EOR?,moderate_1m,14.000980387009442,41.387486736418936
2026-03-03,WS-555215c413db,EOR?,moderate_1m,17.278315150858106,76.22232001653435
2026-03-04,WS-555215c413db,EOR?,moderate_1m,18.91537853001804,93.62268769061671
2026-03-05,WS-555215c413db,EOR?,moderate_1m,18.621598153215693,90.50009229396541
2026-03-06,WS-555215c413db,EOR?,moderate_1m,18.30797866248224,87.16662670064126
2026-03-07,WS-555215c413db,EOR?,moderate_1m,18.056383178975672,84.49241507641
2026-03-08,WS-555215c413db,EOR?,moderate_1m,18.684518916331218,91.16887789291135
2026-03-09,WS-555215c413db,EOR?,moderate_1m,18.40512847707668,88.19923332719698
2026-03-10,WS-555215c413db,EOR?,moderate_1m,18.06805463516964,84.6164711341365
2026-03-11,WS-555215c413db,EOR?,moderate_1m,17.778593166473435,81.53978146719248
2026-03-12,WS-555215c413db,EOR?,moderate_1m,17.466969965561415,78.2275344640092
2026-03-13,WS-555215c413db,EOR?,moderate_1m,17.54196896325766,79.02469977337674
2026-03-14,WS-555215c413db,EOR?,moderate_1m,17.289235327474074,76.33839071398123
2026-03-15,WS-555215c413db,EOR?,moderate_1m,17.03149222670166,73.59883598690675
2026-03-16,WS-555215c413db,EOR?,moderate_1m,16.815780305642704,71.30603120861248
2026-03-17,WS-555215c413db,EOR?,moderate_1m,16.66395697926992,69.6922991234538
2026-03-18,WS-555215c413db,EOR?,moderate_1m,16.553994680501994,68.52350843812854
2026-03-19,WS-555215c413db,EOR?,moderate_1m,17.0465474425107,73.75885806902332
2026-03-20,WS-555215c413db,EOR?,moderate_1m,18.412276722853083,88.27521212332515
2026-03-21,WS-555215c413db,EOR?,moderate_1m,18.20073184273456,86.02669887668415
2026-03-22,WS-555215c413db,EOR?,moderate_1m,18.07876029264012,84.73026170483188
2026-03-23,WS-555215c413db,EOR?,moderate_1m,17.83419706967088,82.13079606813365
2026-03-24,WS-555215c413db,EOR?,moderate_1m,17.575187817427377,79.37778340081785
2026-03-25,WS-555215c413db,EOR?,moderate_1m,17.317789408718394,76.64189241011087
2026-03-26,WS-555215c413db,EOR?,moderate_1m,17.16143246914432,74.97997249203212
2026-03-27,WS-555215c413db,EOR?,moderate_1m,18.67063407073622,91.02129569082531
2026-03-28,WS-555215c413db,EOR?,moderate_1m,18.554685556289236,89.78887744219494
2026-03-29,WS-555215c413db,EOR?,moderate_1m,18.31551764695007,87.24675866333703
2026-03-30,WS-555215c413db,EOR?,moderate_1m,18.07923505636129,84.73530797451937
2026-03-31,WS-555215c413db,EOR?,moderate_1m,17.84597981922427,82.25603506440622
2026-04-01,WS-555215c413db,EOR?,moderate_1m,17.601230630066336,79.6545927907009
2026-04-02,WS-555215c413db,EOR?,moderate_1m,17.357126148550442,77.06000312279969
2026-04-03,WS-555215c413db,EOR?,moderate_1m,17.15529607468844,74.91474867658015
2026-04-04,WS-555215c413db,EOR?,moderate_1m,17.012472979565477,73.39668016492283
2026-04-05,WS-555215c413db,EOR?,moderate_1m,16.869274892618602,71.87462586035494
2026-04-06,WS-555215c413db,EOR?,moderate_1m,17.005076018778105,73.31805777375
2026-04-07,WS-555215c413db,EOR?,moderate_1m,17.11936085646723,74.53279278076245
2026-04-08,WS-555215c413db,EOR?,moderate_1m,16.956565633586006,72.80244026675585
2026-04-09,WS-555215c413db,EOR?,moderate_1m,16.733459829993436,70.43104581608743
2026-04-10,WS-555215c413db,EOR?,moderate_1m,17.313621940959052,76.59759634179392
2026-04-11,WS-555215c413db,EOR?,moderate_1m,17.1323977999728,74.67136262065436
2026-04-12,WS-555215c413db,EOR?,moderate_1m,17.00334242203609,73.29963135172282
2026-04-13,WS-555215c413db,EOR?,moderate_1m,16.827685390418097,71.4325705075303
2026-04-14,WS-555215c413db,EOR?,moderate_1m,16.67559263918807,69.81597470210508
2026-04-15,WS-555215c413db,EOR?,moderate_1m,16.53005157407121,68.26901685248869
2026-04-16,WS-555215c413db,EOR?,moderate_1m,16.387735356764388,66.75633595164656
2026-04-17,WS-555215c413db,EOR?,moderate_1m,16.24262576258251,65.2139642121375
2026-04-18,WS-555215c413db,EOR?,moderate_1m,16.103773539217613,63.738102147375635
2026-04-19,WS-555215c413db,EOR?,moderate_1m,15.970902640907621,62.325815663411944
2026-04-20,WS-555215c413db,EOR?,moderate_1m,15.835423758056368,60.88580887827731
2026-04-21,WS-555215c413db,EOR?,moderate_1m,15.694939327572431,59.39259806309252
2026-04-22,WS-555215c413db,EOR?,moderate_1m,15.576418029308087,58.13283366223748
2026-04-23,WS-555215c413db,EOR?,moderate_1m,15.468178522116489,56.982354550694616
2026-04-24,WS-555215c413db,EOR?,moderate_1m,15.359543087998446,55.827667126767565
2026-04-25,WS-555215c413db,EOR?,moderate_1m,15.240675974191184,54.564227048067146
2026-04-26,WS-555215c413db,EOR?,moderate_1m,15.122068613093237,53.30354788424885
2026-04-27,WS-555215c413db,EOR?,moderate_1m,14.996704871612515,51.97105506660206
2026-04-28,WS-555215c413db,EOR?,moderate_1m,14.883734340764612,50.770289843878366
2026-04-29,WS-555215c413db,EOR?,moderate_1m,14.762067174860764,49.47708797549567
2026-04-30,WS-555215c413db,EOR?,moderate_1m,14.661129087195992,48.404215745840716
2026-05-01,WS-555215c413db,EOR?,moderate_1m,14.571003625761122,47.44627105919837
2026-05-02,WS-555215c413db,EOR?,moderate_1m,14.50379477286803,46.73190729895514
2026-05-03,WS-555215c413db,EOR?,moderate_1m,14.94720149806794,51.44488307366124
2026-05-04,WS-555215c413db,EOR?,moderate_1m,16.22580143263259,65.03513819310523
2026-05-05,WS-555215c413db,EOR?,moderate_1m,16.473591009437058,67.66889678613876
2026-05-06,WS-555215c413db,EOR?,moderate_1m,16.359652105097567,66.45783870914077
2026-05-07,WS-555215c413db,EOR?,moderate_1m,16.256992179194636,65.36666503874712
2026-05-08,WS-555215c413db,EOR?,moderate_1m,16.179497073639215,64.54296856689875
2026-05-09,WS-555215c413db,EOR?,moderate_1m,16.088699110775025,63.577875853930436
2026-05-10,WS-555215c413db,EOR?,moderate_1m,15.981648547531428,62.44003404287479
2026-05-11,WS-555215c413db,EOR?,moderate_1m,15.884857247990105,61.41123807742135
2026-05-12,WS-555215c413db,EOR?,moderate_1m,15.803337282286613,60.54476131538711
2026-05-13,WS-555215c413db,EOR?,moderate_1m,15.712180652069218,59.57585632251691
2026-05-14,WS-555215c413db,EOR?,moderate_1m,15.986358458948445,62.49009575179314
2026-05-15,WS-555215c413db,EOR?,moderate_1m,15.922842596302914,61.81498483230277
2026-05-16,WS-555215c413db,EOR?,moderate_1m,15.821513630049356,60.73795794910942
2026-05-17,WS-555215c413db,EOR?,moderate_1m,15.75558242321775,60.03717430525644
2026-05-18,WS-555215c413db,EOR?,moderate_1m,16.41750203722333,67.07272638039608
2026-05-19,WS-555215c413db,EOR?,moderate_1m,17.73606930577482,81.08779480589592
2026-05-20,WS-555215c413db,EOR?,moderate_1m,18.318755701449234,87.28117598617953
2026-05-21,WS-555215c413db,EOR?,moderate_1m,18.191232110978646,85.92572610589083
2026-05-22,WS-555215c413db,EOR?,moderate_1m,18.073343334741164,84.67268478977977
2026-05-23,WS-555215c413db,EOR?,moderate_1m,17.95717371194033,83.43791637761771
2026-05-24,WS-555215c413db,EOR?,moderate_1m,17.859410887183973,82.39879405818104
2026-05-25,WS-555215c413db,EOR?,moderate_1m,17.728010440511692,81.00213702355258
2026-05-26,WS-555215c413db,EOR?,moderate_1m,19.301276925104222,97.724406686239
2026-05-27,WS-555215c413db,EOR?,moderate_1m,20.289982145262993,108.23336716452873
2026-05-28,WS-555215c413db,EOR?,moderate_1m,20.165591666122516,106.91121916479136
2026-05-29,WS-555215c413db,EOR?,moderate_1m,20.018911115784633,105.35214971213178
2026-05-30,WS-555215c413db,EOR?,moderate_1m,19.90721691452038,104.16495061293853
2026-05-31,WS-555215c413db,EOR?,moderate_1m,19.92219502922986,104.32415318647807
2026-06-01,WS-555215c413db,EOR?,moderate_1m,19.783710581495953,102.85220021361953
2026-06-02,WS-555215c413db,EOR?,moderate_1m,20.82071228319433,113.87450461423494
2026-06-03,WS-555215c413db,EOR?,moderate_1m,22.28589133108328,129.44791152454798
2026-06-04,WS-555215c413db,EOR?,moderate_1m,22.59691300010059,132.75376483749974
2026-06-05,WS-555215c413db,EOR?,moderate_1m,22.494893577717768,131.66939908724424
2026-06-06,WS-555215c413db,EOR?,moderate_1m,22.349433196924302,130.12329883233707
2026-06-07,WS-555215c413db,EOR?,moderate_1m,22.22427632904504,128.7930048768561
2026-06-08,WS-555215c413db,EOR?,moderate_1m,22.04183775325837,126.85386291263175
2026-06-09,WS-555215c413db,EOR?,moderate_1m,21.924298007457054,125.60453144550759
2026-06-10,WS-555215c413db,EOR?,moderate_1m,21.929018061908067,125.65470096486455
2026-06-11,WS-555215c413db,EOR?,moderate_1m,22.20049330900568,128.54021485152597
2026-06-12,WS-555215c413db,EOR?,moderate_1m,22.141169005504622,127.9096560679943
2026-06-13,WS-555215c413db,EOR?,moderate_1m,22.02416375078782,126.6660057134694
2026-06-14,WS-555215c413db,EOR?,moderate_1m,22.083793591583586,127.29981205682903
2026-06-15,WS-555215c413db,EOR?,moderate_1m,21.920480292004747,125.56395289895231
2026-06-16,WS-555215c413db,EOR?,moderate_1m,21.755547233427798,123.81087730188987
2026-06-17,WS-555215c413db,EOR?,moderate_1m,21.99275693875157,126.33218230512828
2026-06-18,WS-555215c413db,EOR?,moderate_1m,21.847565847506026,124.78894433228322
2026-06-19,WS-555215c413db,EOR?,moderate_1m,22.613578356411125,132.93090112367807
2026-06-20,WS-555215c413db,EOR?,moderate_1m,23.662430439982383,144.0791633853582
2026-06-21,WS-555215c413db,EOR?,moderate_1m,23.782192627196164,145.35211721078764
2026-06-22,WS-555215c413db,EOR?,moderate_1m,23.862156587627783,146.20205517281082
2026-06-23,WS-555215c413db,EOR?,moderate_1m,23.7006414082038,144.48530825714474
2026-06-24,WS-555215c413db,EOR?,moderate_1m,23.51528078550621,142.51510781879028
2026-06-25,WS-555215c413db,EOR?,moderate_1m,23.332447738688117,140.5717730169086
2026-06-26,WS-555215c413db,EOR?,moderate_1m,23.152107801746254,138.65493751190849
2026-06-27,WS-555215c413db,EOR?,moderate_1m,22.99893022100851,137.02681103971844
2026-06-28,WS-555215c413db,EOR?,moderate_1m,22.893794472327663,135.9093218172331
2026-06-29,WS-555215c413db,EOR?,moderate_1m,22.789295654556653,134.7986025415655
2026-06-30,WS-555215c413db,EOR?,moderate_1m,23.23242043382244,139.50858150931805
2026-07-01,WS-555215c413db,EOR?,moderate_1m,24.48429515742383,152.81477401832922
2026-07-02,WS-555215c413db,EOR?,moderate_1m,26.753781818283834,176.9371768727954
2026-07-03,WS-555215c413db,EOR?,moderate_1m,26.951258957376915,179.03616391947202
2026-07-04,WS-555215c413db,EOR?,moderate_1m,26.773034183358845,177.1418105083439
2026-07-05,WS-555215c413db,EOR?,moderate_1m,26.5471638567454,174.741031906995
2026-07-06,WS-555215c413db,EOR?,moderate_1m,26.307421845317954,172.19281098967028
2026-07-07,WS-555215c413db,EOR?,moderate_1m,26.055836721005427,169.51870947344548
2026-07-08,WS-555215c413db,EOR?,moderate_1m,25.853461694250512,167.36766271593098
2026-07-09,WS-555215c413db,EOR?,moderate_1m,25.66110933283678,165.32314699700112
2026-07-10,WS-555215c413db,EOR?,moderate_1m,25.44901578614101,163.06880196626668
2026-07-11,WS-555215c413db,EOR?,moderate_1m,25.247077570432097,160.92239807896792
2026-07-12,WS-555215c413db,EOR?,moderate_1m,25.87820340784478,167.63064270736416
2026-07-13,WS-555215c413db,EOR?,moderate_1m,25.988849574178474,168.80670222982562
2026-07-14,WS-555215c413db,EOR?,moderate_1m,25.971415737392057,168.62139775480327
2026-07-15,WS-555215c413db,EOR?,moderate_1m,25.901028675775173,167.87325277323234
2026-07-16,WS-555215c413db,EOR?,moderate_1m,25.655754712681357,165.2662326706253
2026-07-17,WS-555215c413db,EOR?,moderate_1m,25.416186329028285,162.71985724514346
2026-07-18,WS-555215c413db,EOR?,moderate_1m,25.14945108726922,159.88472493607878
2026-07-19,WS-555215c413db,EOR?,moderate_1m,24.880241875282046,157.02329676569812
2026-07-20,WS-555215c413db,EOR?,moderate_1m,24.625090486505414,154.3112893786998
2026-07-21,WS-555215c413db,EOR?,moderate_1m,24.379011977921664,151.69571775175132
2026-07-22,WS-555215c413db,EOR?,moderate_1m,24.15737446710513,149.3399298038497
2026-07-23,WS-555215c413db,EOR?,moderate_1m,24.046712567400913,148.163703051191
2026-07-24,WS-555215c413db,EOR?,moderate_1m,23.836834903673893,145.93291066897936
2026-07-25,WS-555215c413db,EOR?,moderate_1m,23.62361723644999,143.6666173467197
2026-07-26,WS-555215c413db,EOR?,moderate_1m,23.413710774170895,141.43551886432837
2026-07-27,WS-555215c413db,EOR?,moderate_1m,23.194464774676725,139.1051503209749
2026-07-28,WS-555215c413db,EOR?,moderate_1m,22.991222918440847,136.9448900217786
2026-07-29,WS-555215c413db,EOR?,moderate_1m,22.99490365117116,136.9840125772232
2026-07-30,WS-555215c413db,EOR?,moderate_1m,22.80696369024575,134.98639631973114
2026-07-31,WS-555215c413db,EOR?,moderate_1m,22.59771478574939,132.76228702745433
2026-08-01,WS-555215c413db,EOR?,moderate_1m,22.374173539476082,130.38626425094208
2026-08-02,WS-555215c413db,EOR?,moderate_1m,22.17786303766674,128.29967740693178
2026-08-03,WS-555215c413db,EOR?,moderate_1m,22.013267007918692,126.55018409361857
2026-08-04,WS-555215c413db,EOR?,moderate_1m,21.856552062660263,124.88445892852471
2026-08-05,WS-555215c413db,EOR?,moderate_1m,21.80595764531163,124.34669021698343
2026-08-06,WS-555215c413db,EOR?,moderate_1m,21.694665249367148,123.16376191169249
2026-08-07,WS-555215c413db,EOR?,moderate_1m,21.52568646004996,121.36768419065201
2026-08-08,WS-555215c413db,EOR?,moderate_1m,21.342954397560234,119.42542275249302
2026-08-09,WS-555215c413db,EOR?,moderate_1m,21.29750654293861,118.94235692224989
2026-08-10,WS-555215c413db,EOR?,moderate_1m,23.295619253602283,140.18032257611884
2026-08-11,WS-555215c413db,EOR?,moderate_1m,23.72062962483643,144.69776326834622
2026-08-12,WS-555215c413db,EOR?,moderate_1m,23.601837637800415,143.4351217130619
2026-08-13,WS-555215c413db,EOR?,moderate_1m,23.50351587936865,142.39005848041361
2026-08-14,WS-555215c413db,EOR?,moderate_1m,23.289132378211242,140.11137349430746
2026-08-15,WS-555215c413db,EOR?,moderate_1m,23.059457637126044,137.67015772269644
2026-08-16,WS-555215c413db,EOR?,moderate_1m,22.85218045266205,135.46700586795706
2026-08-17,WS-555215c413db,EOR?,moderate_1m,22.731806070324364,134.18754501269612
2026-08-18,WS-555215c413db,EOR?,moderate_1m,22.505865016444428,131.78601465032372
2026-08-19,WS-555215c413db,EOR?,moderate_1m,22.27222786330416,129.302682350109
2026-08-20,WS-555215c413db,EOR?,moderate_1m,22.074139927119983,127.19720313330946
2026-08-21,WS-555215c413db,EOR?,moderate_1m,22.15085572543143,128.01261633845667
2026-08-22,WS-555215c413db,EOR?,moderate_1m,21.9068028733131,125.41857544008502
2026-08-23,WS-555215c413db,EOR?,moderate_1m,21.695626753291144,123.17398174924463
2026-08-24,WS-555215c413db,EOR?,moderate_1m,21.45531236157087,120.61967699443908
2026-08-25,WS-555215c413db,EOR?,moderate_1m,22.04221559953797,126.85787904558848
2026-08-26,WS-555215c413db,EOR?,moderate_1m,23.78086627985494,145.3380194478698
2026-08-27,WS-555215c413db,EOR?,moderate_1m,24.60945800875006,154.1451315719449
2026-08-28,WS-555215c413db,EOR?,moderate_1m,24.338542156275935,151.26556349791812
2026-08-29,WS-555215c413db,EOR?,moderate_1m,24.043420643079827,148.12871314531967
2026-08-30,WS-555215c413db,EOR?,moderate_1m,23.73462583247167,144.84652913898768
2026-08-31,WS-555215c413db,EOR?,moderate_1m,23.41331842056539,141.4313485328183
2026-09-01,WS-555215c413db,EOR?,moderate_1m,23.127684941303947,138.39534661472098
2026-09-02,WS-555215c413db,EOR?,moderate_1m,22.845069348448188,135.39142184997394
2026-09-03,WS-555215c413db,EOR?,moderate_1m,23.02575670229755,137.31195005374408
2026-09-04,WS-555215c413db,EOR?,moderate_1m,22.806786852353333,134.98451670750237
2026-09-05,WS-555215c413db,EOR?,moderate_1m,22.6925307652415,133.7700872907451
2026-09-06,WS-555215c413db,EOR?,moderate_1m,22.949174583196555,136.49795772664098
2026-09-07,WS-555215c413db,EOR?,moderate_1m,22.682864903049037,133.66734871740883
2026-09-08,WS-555215c413db,EOR?,moderate_1m,22.365751650990127,130.29674789010278
2026-09-09,WS-555215c413db,EOR?,moderate_1m,22.157968866443355,128.0882220055925
2026-09-10,WS-555215c413db,EOR?,moderate_1m,21.85672027441521,124.88624685342756
2026-09-11,WS-555215c413db,EOR?,moderate_1m,21.59081506143219,122.05993693087949
2026-09-12,WS-555215c413db,EOR?,moderate_1m,21.314617604243423,119.12423061253446
2026-09-13,WS-555215c413db,EOR?,moderate_1m,21.045063068889363,116.25913199565376
2026-09-14,WS-555215c413db,EOR?,moderate_1m,20.802704812452966,113.683102976541
2026-09-15,WS-555215c413db,EOR?,moderate_1m,20.59012038556444,111.42354037393568
2026-09-16,WS-555215c413db,EOR?,moderate_1m,20.298287781459813,108.32164787829437
2026-09-17,WS-555215c413db,EOR?,moderate_1m,20.03387839208996,105.51123708413441
2026-09-18,WS-555215c413db,EOR?,moderate_1m,19.75283131026797,102.52398404330219
2026-09-19,WS-555215c413db,EOR?,moderate_1m,19.461475256814353,99.42715681064857
2026-09-20,WS-555215c413db,EOR?,moderate_1m,19.16563415542124,96.2826579458659
2026-09-21,WS-555215c413db,EOR?,moderate_1m,18.853418295016127,92.96411155732186
2026-09-22,WS-555215c413db,EOR?,moderate_1m,18.651340330291813,90.8162222759443
2026-09-23,WS-555215c413db,EOR?,moderate_1m,18.42157101244853,88.3740012467574
2026-09-24,WS-555215c413db,EOR?,moderate_1m,18.170426848754264,85.7045867066052
2026-09-25,WS-555215c413db,EOR?,moderate_1m,17.945955497024087,83.31867782725097
2026-09-26,WS-555215c413db,EOR?,moderate_1m,17.67577794645961,80.44695717370038
2026-09-27,WS-555215c413db,EOR?,moderate_1m,17.525991011074055,78.85486991448862
2026-09-28,WS-555215c413db,EOR?,moderate_1m,17.322972213862226,76.69698051252267
2025-03-01,WS-57c7afe16ae1,AER,moderate_1m,15.661103680519112,52.56024749909979
2025-03-02,WS-57c7afe16ae1,AER,moderate_1m,15.438779511997076,50.19716105763089
2025-03-03,WS-57c7afe16ae1,AER,moderate_1m,15.257059979986995,48.265661818939144
2025-03-04,WS-57c7afe16ae1,AER,moderate_1m,15.082332698740458,46.40848330338119
2025-03-05,WS-57c7afe16ae1,AER,moderate_1m,14.908264592106622,44.55831116324428
2025-03-06,WS-57c7afe16ae1,AER,moderate_1m,14.758602891891673,42.967555030268684
2025-03-07,WS-57c7afe16ae1,AER,moderate_1m,14.634870377550627,41.652400546831586
2025-03-08,WS-57c7afe16ae1,AER,moderate_1m,14.500411567274007,40.223236126188624
2025-03-09,WS-57c7afe16ae1,AER,moderate_1m,14.365310443608472,38.78724454828877
2025-03-10,WS-57c7afe16ae1,AER,moderate_1m,14.246858274196565,37.52821491889375
2025-03-11,WS-57c7afe16ae1,AER,moderate_1m,14.736881344519418,42.73667642438279
2025-03-12,WS-57c7afe16ae1,AER,moderate_1m,14.610090855115345,41.389018684741814
2025-03-13,WS-57c7afe16ae1,AER,moderate_1m,14.45665238348543,39.75811919990951
2025-03-14,WS-57c7afe16ae1,AER,moderate_1m,14.304064978018395,38.136265708248644
2025-03-15,WS-57c7afe16ae1,AER,moderate_1m,14.151057904425677,36.50995155869208
2025-03-16,WS-57c7afe16ae1,AER,moderate_1m,14.030019105235489,35.223428608175965
2025-03-17,WS-57c7afe16ae1,AER,moderate_1m,13.919245055747567,34.04600981402646
2025-03-18,WS-57c7afe16ae1,AER,moderate_1m,13.807857673375302,32.86207189677514
2025-03-19,WS-57c7afe16ae1,AER,moderate_1m,13.694618458962058,31.658450832986023
2025-03-20,WS-57c7afe16ae1,AER,moderate_1m,13.646252337495874,31.144366706986663
2025-03-21,WS-57c7afe16ae1,AER,moderate_1m,13.869356931352435,33.51574829935553
2025-03-22,WS-57c7afe16ae1,AER,moderate_1m,14.241338832823246,37.469548705676914
2025-03-23,WS-57c7afe16ae1,AER,moderate_1m,14.1350707825444,36.3400242349697
2025-03-24,WS-57c7afe16ae1,AER,moderate_1m,14.009846913244488,35.009018120528424
2025-03-25,WS-57c7afe16ae1,AER,moderate_1m,13.902933050358591,33.872629299329816
2025-03-26,WS-57c7afe16ae1,AER,moderate_1m,13.792112912188863,32.69472062798964
2025-03-27,WS-57c7afe16ae1,AER,moderate_1m,13.700810869464583,31.72427004371693
2025-03-28,WS-57c7afe16ae1,AER,moderate_1m,13.639367389090829,31.071186501998916
2025-03-29,WS-57c7afe16ae1,AER,moderate_1m,14.752302589259745,42.90058903270919
2025-03-30,WS-57c7afe16ae1,AER,moderate_1m,15.625444044285196,52.181220767763016
2025-03-31,WS-57c7afe16ae1,AER,moderate_1m,15.693658627080243,52.906274444045856
2025-04-01,WS-57c7afe16ae1,AER,moderate_1m,15.534392780243113,51.213435713322895
2025-04-02,WS-57c7afe16ae1,AER,moderate_1m,15.395837320825791,49.74072795636973
2025-04-03,WS-57c7afe16ae1,AER,moderate_1m,15.265599159773231,48.35642487051496
2025-04-04,WS-57c7afe16ae1,AER,moderate_1m,15.141091761154904,47.03303413214651
2025-04-05,WS-57c7afe16ae1,AER,moderate_1m,15.00155490628682,45.54989511034783
2025-04-06,WS-57c7afe16ae1,AER,moderate_1m,14.892209502411184,44.38766140875257
2025-04-07,WS-57c7afe16ae1,AER,moderate_1m,14.77598749214285,43.15233616952586
2025-04-08,WS-57c7afe16ae1,AER,moderate_1m,14.666759022418113,41.991345362521734
2025-04-09,WS-57c7afe16ae1,AER,moderate_1m,14.544008721076011,40.686630833660324
2025-04-10,WS-57c7afe16ae1,AER,moderate_1m,14.44456576631621,39.62965039084711
2025-04-11,WS-57c7afe16ae1,AER,moderate_1m,14.33044532632697,38.416662769097364
2025-04-12,WS-57c7afe16ae1,AER,moderate_1m,14.224837658832655,37.2941575154851
2025-04-13,WS-57c7afe16ae1,AER,moderate_1m,14.12718885688746,36.256247145972125
2025-04-14,WS-57c7afe16ae1,AER,moderate_1m,14.036995128686229,35.29757685099367
2025-04-15,WS-57c7afe16ae1,AER,moderate_1m,13.958410669945021,34.46230163014825
2025-04-16,WS-57c7afe16ae1,AER,moderate_1m,13.875681735419409,33.58297472298265
2025-04-17,WS-57c7afe16ae1,AER,moderate_1m,13.790675516442406,32.67944253014695
2025-04-18,WS-57c7afe16ae1,AER,moderate_1m,13.707956344877687,31.800219393618043
2025-04-19,WS-57c7afe16ae1,AER,moderate_1m,13.624692543460753,30.91520737939787
2025-04-20,WS-57c7afe16ae1,AER,moderate_1m,13.55047863300915,30.126386772432735
2025-04-21,WS-57c7afe16ae1,AER,moderate_1m,13.87492313282133,33.57491152622855
2025-04-22,WS-57c7afe16ae1,AER,moderate_1m,13.97322928847732,34.61980891677283
2025-04-23,WS-57c7afe16ae1,AER,moderate_1m,13.917437243898235,34.026794558670794
2025-04-24,WS-57c7afe16ae1,AER,moderate_1m,13.885921661484197,33.691815028587804
2025-04-25,WS-57c7afe16ae1,AER,moderate_1m,13.824119335060647,33.03491730759958
2025-04-26,WS-57c7afe16ae1,AER,moderate_1m,13.78284920384404,32.596256553062936
2025-04-27,WS-57c7afe16ae1,AER,moderate_1m,13.844454976717312,33.25106510384186
2025-04-28,WS-57c7afe16ae1,AER,moderate_1m,13.791711858582843,32.69045782406247
2025-04-29,WS-57c7afe16ae1,AER,moderate_1m,13.74313714388608,32.17415655793734
2025-04-30,WS-57c7afe16ae1,AER,moderate_1m,14.667589861830205,42.00017636529937
2025-05-01,WS-57c7afe16ae1,AER,moderate_1m,14.592376491945409,41.200732491187566
2025-05-02,WS-57c7afe16ae1,AER,moderate_1m,14.504238625603115,40.26391397830136
2025-05-03,WS-57c7afe16ae1,AER,moderate_1m,14.423365968224164,39.404317464758954
2025-05-04,WS-57c7afe16ae1,AER,moderate_1m,14.34593613826678,38.58131480808018
2025-05-05,WS-57c7afe16ae1,AER,moderate_1m,14.276845221217695,37.846946563760575
2025-05-06,WS-57c7afe16ae1,AER,moderate_1m,14.200827198132806,37.03895002045466
2025-05-07,WS-57c7afe16ae1,AER,moderate_1m,14.124818840024062,36.231056206304245
2025-05-08,WS-57c7afe16ae1,AER,moderate_1m,14.055202556117951,35.49110383091652
2025-05-09,WS-57c7afe16ae1,AER,moderate_1m,13.987008056173881,34.76626361551454
2025-05-10,WS-57c7afe16ae1,AER,moderate_1m,13.927777603428119,34.13670237286583
2025-05-11,WS-57c7afe16ae1,AER,moderate_1m,13.874080236997294,33.56595237569361
2025-05-12,WS-57c7afe16ae1,AER,moderate_1m,13.88780382758178,33.71182059620268
2025-05-13,WS-57c7afe16ae1,AER,moderate_1m,13.839179804458468,33.19499523017875
2025-05-14,WS-57c7afe16ae1,AER,moderate_1m,14.171124281268597,36.723237335772154
2025-05-15,WS-57c7afe16ae1,AER,moderate_1m,14.105360785204219,36.02423629181719
2025-05-16,WS-57c7afe16ae1,AER,moderate_1m,14.057945219918878,35.5202556396675
2025-05-17,WS-57c7afe16ae1,AER,moderate_1m,14.008259912950777,34.99214987403233
2025-05-18,WS-57c7afe16ae1,AER,moderate_1m,13.944072327124907,34.30989920023436
2025-05-19,WS-57c7afe16ae1,AER,moderate_1m,13.917855251729403,34.03123756927477
2025-05-20,WS-57c7afe16ae1,AER,moderate_1m,13.865806028187485,33.478005704027986
2025-05-21,WS-57c7afe16ae1,AER,moderate_1m,13.821893694824073,33.01126094895175
2025-05-22,WS-57c7afe16ae1,AER,moderate_1m,14.057012633421532,35.51034316581448
2025-05-23,WS-57c7afe16ae1,AER,moderate_1m,18.43716706118551,82.06706081193505
2025-05-24,WS-57c7afe16ae1,AER,moderate_1m,18.774819675266407,85.65597478186186
2025-05-25,WS-57c7afe16ae1,AER,moderate_1m,18.632620421540235,84.14453708842005
2025-05-26,WS-57c7afe16ae1,AER,moderate_1m,18.54057472344003,83.16618218160941
2025-05-27,WS-57c7afe16ae1,AER,moderate_1m,18.924732828382997,87.24940361095719
2025-05-28,WS-57c7afe16ae1,AER,moderate_1m,18.811428141901576,86.04508664371487
2025-05-29,WS-57c7afe16ae1,AER,moderate_1m,18.691069308160095,84.76579105468262
2025-05-30,WS-57c7afe16ae1,AER,moderate_1m,18.561423902278765,83.38778837115281
2025-05-31,WS-57c7afe16ae1,AER,moderate_1m,18.44115007315138,82.1093962972551
2025-06-01,WS-57c7afe16ae1,AER,moderate_1m,18.34060168122479,81.0406661486043
2025-06-02,WS-57c7afe16ae1,AER,moderate_1m,18.244891782460982,80.02336440589835
2025-06-03,WS-57c7afe16ae1,AER,moderate_1m,18.129470608152882,78.79655126237434
2025-06-04,WS-57c7afe16ae1,AER,moderate_1m,18.005522862983913,77.47910908770405
2025-06-05,WS-57c7afe16ae1,AER,moderate_1m,17.893771378631314,76.29130112582935
2025-06-06,WS-57c7afe16ae1,AER,moderate_1m,17.816962137578834,75.47489471658805
2025-06-07,WS-57c7afe16ae1,AER,moderate_1m,17.92792825757126,76.65435503059577
2025-06-08,WS-57c7afe16ae1,AER,moderate_1m,18.902504673204383,87.01314026419362
2025-06-09,WS-57c7afe16ae1,AER,moderate_1m,19.70332006543549,95.52501734926791
2025-06-10,WS-57c7afe16ae1,AER,moderate_1m,19.59050399204408,94.32589385683225
2025-06-11,WS-57c7afe16ae1,AER,moderate_1m,19.46267047098458,92.96714972033504
2025-06-12,WS-57c7afe16ae1,AER,moderate_1m,19.356924492434437,91.84317435673468
2025-06-13,WS-57c7afe16ae1,AER,moderate_1m,19.25645725603475,90.77530681122123
2025-06-14,WS-57c7afe16ae1,AER,moderate_1m,19.14666640875408,89.60833848595513
2025-06-15,WS-57c7afe16ae1,AER,moderate_1m,19.16278342116965,89.77964641783407
2025-06-16,WS-57c7afe16ae1,AER,moderate_1m,19.41153262578706,92.42360490721134
2025-06-17,WS-57c7afe16ae1,AER,moderate_1m,19.34762574222869,91.74433782141833
2025-06-18,WS-57c7afe16ae1,AER,moderate_1m,19.2312827609817,90.50772678010642
2025-06-19,WS-57c7afe16ae1,AER,moderate_1m,19.120450057356337,89.32968455037707
2025-06-20,WS-57c7afe16ae1,AER,moderate_1m,19.011059944435118,88.1669756357623
2025-06-21,WS-57c7afe16ae1,AER,moderate_1m,18.887733037856783,86.85613236244237
2025-06-22,WS-57c7afe16ae1,AER,moderate_1m,18.77380583822979,85.6451986949838
2025-06-23,WS-57c7afe16ae1,AER,moderate_1m,18.700621399084543,84.86732035175051
2025-06-24,WS-57c7afe16ae1,AER,moderate_1m,20.154337656696185,100.31888911704412
2025-06-25,WS-57c7afe16ae1,AER,moderate_1m,20.746786856000675,106.61603926244891
2025-06-26,WS-57c7afe16ae1,AER,moderate_1m,21.419066483582434,113.7617080548939
2025-06-27,WS-57c7afe16ae1,AER,moderate_1m,21.264892914610236,112.12299521097316
2025-06-28,WS-57c7afe16ae1,AER,moderate_1m,21.108056615577,110.45598017504886
2025-06-29,WS-57c7afe16ae1,AER,moderate_1m,20.96798499551541,108.96715712714294
2025-06-30,WS-57c7afe16ae1,AER,moderate_1m,20.839293610401484,107.5992947425978
2025-07-01,WS-57c7afe16ae1,AER,moderate_1m,20.730963826468056,106.44785607840706
2025-07-02,WS-57c7afe16ae1,AER,moderate_1m,21.163630184755487,111.0466723553131
2025-07-03,WS-57c7afe16ae1,AER,moderate_1m,20.998203594391263,109.28835100254763
2025-07-04,WS-57c7afe16ae1,AER,moderate_1m,21.233078263041392,111.78483687100419
2025-07-05,WS-57c7afe16ae1,AER,moderate_1m,21.125403359827743,110.64035894239147
2025-07-06,WS-57c7afe16ae1,AER,moderate_1m,21.0140118659781,109.45637732419432
2025-07-07,WS-57c7afe16ae1,AER,moderate_1m,21.88518173041841,118.71605299760694
2025-07-08,WS-57c7afe16ae1,AER,moderate_1m,21.759441990877097,117.37956369174695
2025-07-09,WS-57c7afe16ae1,AER,moderate_1m,21.61987182390581,115.89607059517567
2025-07-10,WS-57c7afe16ae1,AER,moderate_1m,22.001766910213938,119.95523837040061
2025-07-11,WS-57c7afe16ae1,AER,moderate_1m,22.519430391057682,125.45749015417009
2025-07-12,WS-57c7afe16ae1,AER,moderate_1m,22.36833908525034,123.85153872499936
2025-07-13,WS-57c7afe16ae1,AER,moderate_1m,22.222069085305186,122.29683301773481
2025-07-14,WS-57c7afe16ae1,AER,moderate_1m,22.155340122783972,121.58757001841526
2025-07-15,WS-57c7afe16ae1,AER,moderate_1m,22.022335495865743,120.17386213135781
2025-07-16,WS-57c7afe16ae1,AER,moderate_1m,21.85302891014669,118.37430025815358
2025-07-17,WS-57c7afe16ae1,AER,moderate_1m,21.68744836069557,116.61434247227696
2025-07-18,WS-57c7afe16ae1,AER,moderate_1m,21.509092050050754,114.71859095665437
2025-07-19,WS-57c7afe16ae1,AER,moderate_1m,21.333635204763773,112.85365789554426
2025-07-20,WS-57c7afe16ae1,AER,moderate_1m,21.161030689416044,111.01904228597725
2025-07-21,WS-57c7afe16ae1,AER,moderate_1m,21.00090310260012,109.31704410995648
2025-07-22,WS-57c7afe16ae1,AER,moderate_1m,20.86703714460876,107.89418112386475
2025-07-23,WS-57c7afe16ae1,AER,moderate_1m,22.379242267266818,123.96742878663001
2025-07-24,WS-57c7afe16ae1,AER,moderate_1m,22.220510261596676,122.28026426052455
2025-07-25,WS-57c7afe16ae1,AER,moderate_1m,22.070769982283903,120.68867290930936
2025-07-26,WS-57c7afe16ae1,AER,moderate_1m,23.232633389154877,133.03813397720725
2025-07-27,WS-57c7afe16ae1,AER,moderate_1m,24.14415652586882,142.72672509968075
2025-07-28,WS-57c7afe16ae1,AER,moderate_1m,24.69093322442378,148.53842164826483
2025-07-29,WS-57c7afe16ae1,AER,moderate_1m,25.08560108482748,152.7333514033314
2025-07-30,WS-57c7afe16ae1,AER,moderate_1m,24.95428351293595,151.33757524581156
2025-07-31,WS-57c7afe16ae1,AER,moderate_1m,24.68327015038647,148.45697073594198
2025-08-01,WS-57c7afe16ae1,AER,moderate_1m,24.475610322782863,146.24975176235924
2025-08-02,WS-57c7afe16ae1,AER,moderate_1m,24.41649822223006,145.62144848668896
2025-08-03,WS-57c7afe16ae1,AER,moderate_1m,24.15572122517826,142.84964643711103
2025-08-04,WS-57c7afe16ae1,AER,moderate_1m,23.90612981523458,140.1967361365084
2025-08-05,WS-57c7afe16ae1,AER,moderate_1m,23.811975963442908,139.19597363704625
2025-08-06,WS-57c7afe16ae1,AER,moderate_1m,23.578001854176357,136.70905982583932
2025-08-07,WS-57c7afe16ae1,AER,moderate_1m,23.380820439213366,134.6132160347379
2025-08-08,WS-57c7afe16ae1,AER,moderate_1m,23.169072534893388,132.3625448412532
2025-08-09,WS-57c7afe16ae1,AER,moderate_1m,22.972395177641175,130.27205868603082
2025-08-10,WS-57c7afe16ae1,AER,moderate_1m,22.756127841081152,127.97335038924517
2025-08-11,WS-57c7afe16ae1,AER,moderate_1m,22.543676637665016,125.71520382063828
2025-08-12,WS-57c7afe16ae1,AER,moderate_1m,22.324023066546353,123.38050319325552
2025-08-13,WS-57c7afe16ae1,AER,moderate_1m,22.15681379337237,121.60323368201867
2025-08-14,WS-57c7afe16ae1,AER,moderate_1m,21.986224727939366,119.7900403154701
2025-08-15,WS-57c7afe16ae1,AER,moderate_1m,21.80301133248811,117.84266278308354
2025-08-16,WS-57c7afe16ae1,AER,moderate_1m,21.635104890976855,116.05798306063937
2025-08-17,WS-57c7afe16ae1,AER,moderate_1m,21.522386368573798,114.8598964389113
2025-08-18,WS-57c7afe16ae1,AER,moderate_1m,21.311693985077405,112.62044438981144
2025-08-19,WS-57c7afe16ae1,AER,moderate_1m,21.11001475719018,110.47679328739441
2025-08-20,WS-57c7afe16ae1,AER,moderate_1m,21.015929140625808,109.47675606103921
2025-08-21,WS-57c7afe16ae1,AER,moderate_1m,20.977651148095582,109.06989878701388
2025-08-22,WS-57c7afe16ae1,AER,moderate_1m,20.818931123167772,107.38286160437245
2025-08-23,WS-57c7afe16ae1,AER,moderate_1m,20.6219541820461,105.28919116835549
2025-08-24,WS-57c7afe16ae1,AER,moderate_1m,20.392130408231942,102.84639132595504
2025-08-25,WS-57c7afe16ae1,AER,moderate_1m,20.176597784585347,100.55549230215858
2025-08-26,WS-57c7afe16ae1,AER,moderate_1m,19.983385098193725,98.50183217799369
2025-08-27,WS-57c7afe16ae1,AER,moderate_1m,21.114849107814145,110.52817766224103
2025-08-28,WS-57c7afe16ae1,AER,moderate_1m,21.782820054788772,117.62804943319703
2025-08-29,WS-57c7afe16ae1,AER,moderate_1m,22.48585741244888,125.1006425335196
2025-08-30,WS-57c7afe16ae1,AER,moderate_1m,23.584747907379704,136.78076371194507
2025-08-31,WS-57c7afe16ae1,AER,moderate_1m,23.315972505163217,133.92394651118633
2025-09-01,WS-57c7afe16ae1,AER,moderate_1m,23.052810773841337,131.126797090436
2025-09-02,WS-57c7afe16ae1,AER,moderate_1m,22.817990610097457,128.63089055532774
2025-09-03,WS-57c7afe16ae1,AER,moderate_1m,22.531614325562067,125.5869933504373
2025-09-04,WS-57c7afe16ae1,AER,moderate_1m,22.202784818273226,122.09186029587632
2025-09-05,WS-57c7afe16ae1,AER,moderate_1m,21.94691994410313,119.37226926347098
2025-09-06,WS-57c7afe16ae1,AER,moderate_1m,21.66555857480312,116.38167565700005
2025-09-07,WS-57c7afe16ae1,AER,moderate_1m,21.42166039252037,113.78927874629645
2025-09-08,WS-57c7afe16ae1,AER,moderate_1m,21.4693874610952,114.29657037090925
2025-09-09,WS-57c7afe16ae1,AER,moderate_1m,21.134423160054588,110.73623051480084
2025-09-10,WS-57c7afe16ae1,AER,moderate_1m,21.431735776623253,113.89637013327605
2025-09-11,WS-57c7afe16ae1,AER,moderate_1m,24.685943588077823,148.4853867394856
2025-09-12,WS-57c7afe16ae1,AER,moderate_1m,24.43101534097371,145.7757511281892
2025-09-13,WS-57c7afe16ae1,AER,moderate_1m,24.13186605382589,142.59608951454857
2025-09-14,WS-57c7afe16ae1,AER,moderate_1m,23.845452649080812,139.5517977584728
2025-09-15,WS-57c7afe16ae1,AER,moderate_1m,23.49829325151974,135.861836064885
2025-09-16,WS-57c7afe16ae1,AER,moderate_1m,23.231323550201854,133.02421168215952
2025-09-17,WS-57c7afe16ae1,AER,moderate_1m,23.35572932869082,134.3465222988684
2025-09-18,WS-57c7afe16ae1,AER,moderate_1m,23.033222005579123,130.9185878210919
2025-09-19,WS-57c7afe16ae1,AER,moderate_1m,22.764561395580692,128.06299074829266
2025-09-20,WS-57c7afe16ae1,AER,moderate_1m,23.535912583448255,136.2616924269187
2025-09-21,WS-57c7afe16ae1,AER,moderate_1m,23.256287283358233,133.28955152236878
2025-09-22,WS-57c7afe16ae1,AER,moderate_1m,22.913095342111717,129.64175997288345
2025-09-23,WS-57c7afe16ae1,AER,moderate_1m,23.123789107727738,131.88122671255056
2025-09-24,WS-57c7afe16ae1,AER,moderate_1m,22.853153047519434,129.0046325541093
2025-09-25,WS-57c7afe16ae1,AER,moderate_1m,22.526612705742103,125.53383106915896
2025-09-26,WS-57c7afe16ae1,AER,moderate_1m,22.126842529787872,121.28466873660115
2025-09-27,WS-57c7afe16ae1,AER,moderate_1m,21.71419103255397,116.89859067478835
2025-09-28,WS-57c7afe16ae1,AER,moderate_1m,21.392836010939035,113.4829040244145
2025-09-29,WS-57c7afe16ae1,AER,moderate_1m,21.080870735180106,110.16702110329175
2025-09-30,WS-57c7afe16ae1,AER,moderate_1m,20.79721433899634,107.1520336266093
2025-10-01,WS-57c7afe16ae1,AER,moderate_1m,20.488651505294566,103.87231530579339
2025-10-02,WS-57c7afe16ae1,AER,moderate_1m,20.25287205830427,101.36621253674348
2025-10-03,WS-57c7afe16ae1,AER,moderate_1m,20.1155100849162,99.90619035811744
2025-10-04,WS-57c7afe16ae1,AER,moderate_1m,19.849570204767844,97.07951195782398
2025-10-05,WS-57c7afe16ae1,AER,moderate_1m,19.56578459980357,94.06315111935473
2025-10-06,WS-57c7afe16ae1,AER,moderate_1m,19.307204356991043,91.3146983987885
2025-10-07,WS-57c7afe16ae1,AER,moderate_1m,19.12866494353417,89.41700068102584
2025-10-08,WS-57c7afe16ae1,AER,moderate_1m,18.867278610613795,86.63872199267807
2025-10-09,WS-57c7afe16ae1,AER,moderate_1m,19.88855371159054,97.49386815232155
2025-10-10,WS-57c7afe16ae1,AER,moderate_1m,19.77196763159091,96.25467321124694
2025-10-11,WS-57c7afe16ae1,AER,moderate_1m,19.41093733006155,92.41727750130232
2025-10-12,WS-57c7afe16ae1,AER,moderate_1m,19.16493215646585,89.80248535288334
2025-10-13,WS-57c7afe16ae1,AER,moderate_1m,18.867216478209357,86.63806158655363
2025-10-14,WS-57c7afe16ae1,AER,moderate_1m,18.60263294132539,83.82579977623038
2025-10-15,WS-57c7afe16ae1,AER,moderate_1m,18.324731336066847,80.87198004617342
2025-10-16,WS-57c7afe16ae1,AER,moderate_1m,18.02844299438608,77.72272745863151
2025-10-17,WS-57c7afe16ae1,AER,moderate_1m,17.764003966856887,74.91200164009545
2025-10-18,WS-57c7afe16ae1,AER,moderate_1m,17.509127979977556,72.20292150339924
2025-10-19,WS-57c7afe16ae1,AER,moderate_1m,17.282338183320995,69.79236984315774
2025-10-20,WS-57c7afe16ae1,AER,moderate_1m,16.9688849722968,66.46067163899806
2025-10-21,WS-57c7afe16ae1,AER,moderate_1m,16.932317105369886,66.07199131196532
2025-10-22,WS-57c7afe16ae1,AER,moderate_1m,17.036224273061727,67.1764219313457
2025-10-23,WS-57c7afe16ae1,AER,moderate_1m,16.94955341596303,66.25519627854354
2025-10-24,WS-57c7afe16ae1,AER,moderate_1m,16.896045343150398,65.68645828566927
2025-10-25,WS-57c7afe16ae1,AER,moderate_1m,16.70975081618474,63.70633136685982
2025-10-26,WS-57c7afe16ae1,AER,moderate_1m,16.592891588415597,62.46423313463629
2025-10-27,WS-57c7afe16ae1,AER,moderate_1m,17.50480199726998,72.15694057766248
2025-10-28,WS-57c7afe16ae1,AER,moderate_1m,17.54675601417971,72.60287036201119
2025-10-29,WS-57c7afe16ae1,AER,moderate_1m,17.388279484241735,70.91842129074276
2025-10-30,WS-57c7afe16ae1,AER,moderate_1m,17.213287374486843,69.05842790956956
2025-10-31,WS-57c7afe16ae1,AER,moderate_1m,17.02946102723375,67.10453530461204
2025-11-01,WS-57c7afe16ae1,AER,moderate_1m,17.142188858437798,68.30272086970537
2025-11-02,WS-57c7afe16ae1,AER,moderate_1m,16.87707537194673,65.48482621820469
2025-11-03,WS-57c7afe16ae1,AER,moderate_1m,16.68850047645973,63.48046123310602
2025-11-04,WS-57c7afe16ae1,AER,moderate_1m,16.794053576120287,64.60238648451275
2025-11-05,WS-57c7afe16ae1,AER,moderate_1m,17.837030289413022,75.6881993600731
2025-11-06,WS-57c7afe16ae1,AER,moderate_1m,17.572920148627347,72.88096928295623
2025-11-07,WS-57c7afe16ae1,AER,moderate_1m,17.29638515337713,69.94167526822257
2025-11-08,WS-57c7afe16ae1,AER,moderate_1m,17.055373558399243,67.37995993104103
2025-11-09,WS-57c7afe16ae1,AER,moderate_1m,16.829058891159043,64.97445842746589
2025-11-10,WS-57c7afe16ae1,AER,moderate_1m,16.613653773092793,62.68491466211984
2025-11-11,WS-57c7afe16ae1,AER,moderate_1m,16.41402982191786,60.5631091222639
2025-11-12,WS-57c7afe16ae1,AER,moderate_1m,16.266112783366857,58.990897020512755
2025-11-13,WS-57c7afe16ae1,AER,moderate_1m,16.029434536189505,56.47524089273558
2025-11-14,WS-57c7afe16ae1,AER,moderate_1m,15.780711151405903,53.83155684270338
2025-11-15,WS-57c7afe16ae1,AER,moderate_1m,15.984144791666562,55.993855616761195
2025-11-16,WS-57c7afe16ae1,AER,moderate_1m,15.854525803536461,54.61613372784836
2025-11-17,WS-57c7afe16ae1,AER,moderate_1m,15.724609922264214,53.23525615791604
2025-11-18,WS-57c7afe16ae1,AER,moderate_1m,15.520030966551573,51.06078381121531
2025-11-19,WS-57c7afe16ae1,AER,moderate_1m,15.312945268232944,48.859667265173336
2025-11-20,WS-57c7afe16ae1,AER,moderate_1m,15.10414604971692,46.64033769095475
2025-11-21,WS-57c7afe16ae1,AER,moderate_1m,15.002340172958284,45.55824171988027
2025-11-22,WS-57c7afe16ae1,AER,moderate_1m,14.912817827781705,44.6067075636902
2025-11-23,WS-57c7afe16ae1,AER,moderate_1m,16.43312927907819,60.76611749762421
2025-11-24,WS-57c7afe16ae1,AER,moderate_1m,16.328007874762122,59.648780741576246
2025-11-25,WS-57c7afe16ae1,AER,moderate_1m,16.096484210316795,57.18791273983351
2025-11-26,WS-57c7afe16ae1,AER,moderate_1m,16.082009856556425,57.03406464788945
2025-11-27,WS-57c7afe16ae1,AER,moderate_1m,15.808468051405598,54.12658528914951
2025-11-28,WS-57c7afe16ae1,AER,moderate_1m,15.581875950802448,51.71813494279782
2025-11-29,WS-57c7afe16ae1,AER,moderate_1m,15.405913349423386,49.847826193691894
2025-11-30,WS-57c7afe16ae1,AER,moderate_1m,15.485813939883329,50.69709059547256
2025-12-01,WS-57c7afe16ae1,AER,moderate_1m,15.40167907799681,49.8028200683383
2025-12-02,WS-57c7afe16ae1,AER,moderate_1m,15.578867000712837,51.686152773665725
2025-12-03,WS-57c7afe16ae1,AER,moderate_1m,15.369245012141107,49.45807796596212
2025-12-04,WS-57c7afe16ae1,AER,moderate_1m,15.144963505171354,47.07418694900371
2025-12-05,WS-57c7afe16ae1,AER,moderate_1m,14.88023398979562,44.260373531417386
2025-12-06,WS-57c7afe16ae1,AER,moderate_1m,14.639039543104733,41.69671466103086
2025-12-07,WS-57c7afe16ae1,AER,moderate_1m,14.472364223921346,39.925120553615045
2025-12-08,WS-57c7afe16ae1,AER,moderate_1m,14.317396928713059,38.277971183340824
2025-12-09,WS-57c7afe16ae1,AER,moderate_1m,14.122140964050374,36.202593028200724
2025-12-10,WS-57c7afe16ae1,AER,moderate_1m,13.953239705953234,34.40733938749351
2025-12-11,WS-57c7afe16ae1,AER,moderate_1m,13.845166052689553,33.25862313947977
2025-12-12,WS-57c7afe16ae1,AER,moderate_1m,13.749392088784226,32.24064044756214
2025-12-13,WS-57c7afe16ae1,AER,moderate_1m,13.677613414295124,31.47770399490654
2025-12-14,WS-57c7afe16ae1,AER,moderate_1m,14.061792624084013,35.56114974793259
2025-12-15,WS-57c7afe16ae1,AER,moderate_1m,13.91447056599307,33.99526170112993
2025-12-16,WS-57c7afe16ae1,AER,moderate_1m,13.767712924155074,32.43537284192591
2025-12-17,WS-57c7afe16ae1,AER,moderate_1m,13.603672795891768,30.691788212630836
2025-12-18,WS-57c7afe16ae1,AER,moderate_1m,13.445777162716059,29.013513500506207
2025-12-19,WS-57c7afe16ae1,AER,moderate_1m,13.302833990894136,27.494168692074112
2025-12-20,WS-57c7afe16ae1,AER,moderate_1m,13.608842072337819,30.746732518340234
2025-12-21,WS-57c7afe16ae1,AER,moderate_1m,14.653710406074264,41.85265145188188
2025-12-22,WS-57c7afe16ae1,AER,moderate_1m,16.983244744207568,66.61330183899162
2025-12-23,WS-57c7afe16ae1,AER,moderate_1m,16.672463953509894,63.31000882479169
2025-12-24,WS-57c7afe16ae1,AER,moderate_1m,16.385366986351876,60.25845147505304
2025-12-25,WS-57c7afe16ae1,AER,moderate_1m,16.10948357697466,57.32608317492874
2025-12-26,WS-57c7afe16ae1,AER,moderate_1m,15.862006712212597,54.69564840220858
2025-12-27,WS-57c7afe16ae1,AER,moderate_1m,15.62112085518067,52.135269535268904
2025-12-28,WS-57c7afe16ae1,AER,moderate_1m,15.380157323391249,49.57406506233461
2025-12-29,WS-57c7afe16ae1,AER,moderate_1m,15.157509060948925,47.207533822426186
2025-12-30,WS-57c7afe16ae1,AER,moderate_1m,14.924927970128937,44.73542642217167
2025-12-31,WS-57c7afe16ae1,AER,moderate_1m,14.731805006521423,42.682719962630955
2026-01-01,WS-57c7afe16ae1,AER,moderate_1m,15.808313854362545,54.124946326799304
2026-01-02,WS-57c7afe16ae1,AER,moderate_1m,15.58172861500734,51.71656890874004
2026-01-03,WS-57c7afe16ae1,AER,moderate_1m,15.342700271865262,49.17593358078275
2026-01-04,WS-57c7afe16ae1,AER,moderate_1m,15.173245220332976,47.37479366254365
2026-01-05,WS-57c7afe16ae1,AER,moderate_1m,15.021094083434463,45.75757727509851
2026-01-06,WS-57c7afe16ae1,AER,moderate_1m,14.799642591572809,43.403766525056454
2026-01-07,WS-57c7afe16ae1,AER,moderate_1m,14.570678058769854,40.970099566395156
2026-01-08,WS-57c7afe16ae1,AER,moderate_1m,14.327784596815938,38.38838184096558
2026-01-09,WS-57c7afe16ae1,AER,moderate_1m,14.096852942543975,35.93380632295585
2026-01-10,WS-57c7afe16ae1,AER,moderate_1m,13.846254707943146,33.27019447014659
2026-01-11,WS-57c7afe16ae1,AER,moderate_1m,13.706974477864101,31.78978311652521
2026-01-12,WS-57c7afe16ae1,AER,moderate_1m,13.55589171162999,30.18392245458799
2026-01-13,WS-57c7afe16ae1,AER,moderate_1m,13.407182193439084,28.603287076570258
2026-01-14,WS-57c7afe16ae1,AER,moderate_1m,13.274980919019768,27.198118033537373
2026-01-15,WS-57c7afe16ae1,AER,moderate_1m,13.486452227980976,29.44584929140273
2026-01-16,WS-57c7afe16ae1,AER,moderate_1m,13.444088193722774,28.995561427393202
2026-01-17,WS-57c7afe16ae1,AER,moderate_1m,13.36844342810739,28.191532242522626
2026-01-18,WS-57c7afe16ae1,AER,moderate_1m,13.29724830268611,27.434798340400672
2026-01-19,WS-57c7afe16ae1,AER,moderate_1m,13.20271089733287,26.42995904520841
2026-01-20,WS-57c7afe16ae1,AER,moderate_1m,13.093217363254276,25.26615086578413
2026-01-21,WS-57c7afe16ae1,AER,moderate_1m,12.973138533181768,23.989831439344183
2026-01-22,WS-57c7afe16ae1,AER,moderate_1m,12.868529474552496,22.877940412178788
2026-01-23,WS-57c7afe16ae1,AER,moderate_1m,12.765779504893445,21.7858096655453
2026-01-24,WS-57c7afe16ae1,AER,moderate_1m,12.65844563323921,20.644956565755837
2026-01-25,WS-57c7afe16ae1,AER,moderate_1m,12.556732492788868,19.563846290092744
2026-01-26,WS-57c7afe16ae1,AER,moderate_1m,12.459493631799347,18.530293188260547
2026-01-27,WS-57c7afe16ae1,AER,moderate_1m,12.361742209233231,17.49129206285032
2026-01-28,WS-57c7afe16ae1,AER,moderate_1m,12.259567815653956,16.405279121758152
2026-01-29,WS-57c7afe16ae1,AER,moderate_1m,12.180171707899422,15.56137687312994
2026-01-30,WS-57c7afe16ae1,AER,moderate_1m,12.090626370190982,14.609598329023534
2026-01-31,WS-57c7afe16ae1,AER,moderate_1m,12.002739917348364,13.675452093453139
2026-02-01,WS-57c7afe16ae1,AER,moderate_1m,11.946085513258161,13.073271705036264
2026-02-02,WS-57c7afe16ae1,AER,moderate_1m,12.05563670092278,14.237692685166495
2026-02-03,WS-57c7afe16ae1,AER,moderate_1m,12.004094605769602,13.68985109407425
2026-02-04,WS-57c7afe16ae1,AER,moderate_1m,11.942014141670622,13.029997044163093
2026-02-05,WS-57c7afe16ae1,AER,moderate_1m,11.873278005973308,12.299399775386247
2026-02-06,WS-57c7afe16ae1,AER,moderate_1m,11.811610168584316,11.643931540072955
2026-02-07,WS-57c7afe16ae1,AER,moderate_1m,11.762864752762322,11.125815889496234
2026-02-08,WS-57c7afe16ae1,AER,moderate_1m,14.306187754520376,38.1588287269409
2026-02-09,WS-57c7afe16ae1,AER,moderate_1m,14.889441352423042,44.358238706990434
2026-02-10,WS-57c7afe16ae1,AER,moderate_1m,15.634937620942992,52.282128115939415
2026-02-11,WS-57c7afe16ae1,AER,moderate_1m,15.452025349845144,50.3379512381711
2026-02-12,WS-57c7afe16ae1,AER,moderate_1m,15.423544171571663,50.03522442865444
2026-02-13,WS-57c7afe16ae1,AER,moderate_1m,15.211900577844204,47.78566195379676
2026-02-14,WS-57c7afe16ae1,AER,moderate_1m,15.057642883924157,46.14605494472527
2026-02-15,WS-57c7afe16ae1,AER,moderate_1m,14.890588824850191,44.370435206150134
2026-02-16,WS-57c7afe16ae1,AER,moderate_1m,14.724164992458086,42.601514155067484
2026-02-17,WS-57c7afe16ae1,AER,moderate_1m,14.547676245957987,40.72561300271533
2026-02-18,WS-57c7afe16ae1,AER,moderate_1m,14.377185125017348,38.91346068943357
2026-02-19,WS-57c7afe16ae1,AER,moderate_1m,14.20919560410282,37.12789791494541
2026-02-20,WS-57c7afe16ae1,AER,moderate_1m,14.061851339936037,35.56177383947755
2026-02-21,WS-57c7afe16ae1,AER,moderate_1m,13.903684333988426,33.88061470267647
2026-02-22,WS-57c7afe16ae1,AER,moderate_1m,13.832681572652021,33.125925440882234
2026-02-23,WS-57c7afe16ae1,AER,moderate_1m,14.34628178794399,38.584988722936764
2026-02-24,WS-57c7afe16ae1,AER,moderate_1m,14.181390867830391,36.832361016142244
2026-02-25,WS-57c7afe16ae1,AER,moderate_1m,14.046449208686774,35.398064388693065
2026-02-26,WS-57c7afe16ae1,AER,moderate_1m,14.466419955238074,39.86193884546666
2026-02-27,WS-57c7afe16ae1,AER,moderate_1m,14.3681261730365,38.817172972528255
2026-02-28,WS-57c7afe16ae1,AER,moderate_1m,14.367531297558799,38.810850033438626
2026-03-01,WS-57c7afe16ae1,AER,moderate_1m,14.282815516948826,37.91040491373477
2026-03-02,WS-57c7afe16ae1,AER,moderate_1m,14.670946322389682,42.03585222767704
2026-03-03,WS-57c7afe16ae1,AER,moderate_1m,17.948746821839432,76.87563581747564
2026-03-04,WS-57c7afe16ae1,AER,moderate_1m,19.589158025117143,94.31158755708603
2026-03-05,WS-57c7afe16ae1,AER,moderate_1m,19.29876351842001,91.22498061725155
2026-03-06,WS-57c7afe16ae1,AER,moderate_1m,18.988385255206907,87.92596607285286
2026-03-07,WS-57c7afe16ae1,AER,moderate_1m,18.739016866576424,85.27542626865144
2026-03-08,WS-57c7afe16ae1,AER,moderate_1m,19.36984179606177,91.98047254282488
2026-03-09,WS-57c7afe16ae1,AER,moderate_1m,19.09294934793625,89.03737915689062
2026-03-10,WS-57c7afe16ae1,AER,moderate_1m,18.75898954347202,85.48771610778849
2026-03-11,WS-57c7afe16ae1,AER,moderate_1m,18.471854851734907,82.43575778301434
2026-03-12,WS-57c7afe16ae1,AER,moderate_1m,18.162656290290663,79.14928230386212
2026-03-13,WS-57c7afe16ae1,AER,moderate_1m,18.23978026864403,79.96903405991519
2026-03-14,WS-57c7afe16ae1,AER,moderate_1m,17.988597067249387,77.29920458754457
2026-03-15,WS-57c7afe16ae1,AER,moderate_1m,17.732332610513737,74.57536638692004
2026-03-16,WS-57c7afe16ae1,AER,moderate_1m,17.517579930626365,72.29275739535349
2026-03-17,WS-57c7afe16ae1,AER,moderate_1m,17.36607779748214,70.68243927714477
2026-03-18,WS-57c7afe16ae1,AER,moderate_1m,17.25686007693048,69.52156272323921
2026-03-19,WS-57c7afe16ae1,AER,moderate_1m,17.750076336050903,74.76396467345258
2026-03-20,WS-57c7afe16ae1,AER,moderate_1m,19.11719661627584,89.29510368336402
2026-03-21,WS-57c7afe16ae1,AER,moderate_1m,18.906727360734713,87.0580232641653
2026-03-22,WS-57c7afe16ae1,AER,moderate_1m,18.78613730173604,85.77626997890586
2026-03-23,WS-57c7afe16ae1,AER,moderate_1m,18.542865704246285,83.19053304601123
2026-03-24,WS-57c7afe16ae1,AER,moderate_1m,18.28518715653761,80.45166445427998
2026-03-25,WS-57c7afe16ae1,AER,moderate_1m,18.028983902157684,77.7284767742802
2026-03-26,WS-57c7afe16ae1,AER,moderate_1m,17.872861264051966,76.06904724951664
2026-03-27,WS-57c7afe16ae1,AER,moderate_1m,19.382446752948077,92.11445079139477
2026-03-28,WS-57c7afe16ae1,AER,moderate_1m,19.268145262328463,90.89953878017037
2026-03-29,WS-57c7afe16ae1,AER,moderate_1m,19.030139321168136,88.36977057600295
2026-03-30,WS-57c7afe16ae1,AER,moderate_1m,18.79490818972894,85.86949585998502
2026-03-31,WS-57c7afe16ae1,AER,moderate_1m,18.562592445176797,83.400208828618
2026-04-01,WS-57c7afe16ae1,AER,moderate_1m,18.318794570226025,80.80887808583375
2026-04-02,WS-57c7afe16ae1,AER,moderate_1m,18.07553241397818,78.22324150402063
2026-04-03,WS-57c7afe16ae1,AER,moderate_1m,17.874124383147986,76.08247295860444
2026-04-04,WS-57c7afe16ae1,AER,moderate_1m,17.73124926750247,74.56385152014509
2026-04-05,WS-57c7afe16ae1,AER,moderate_1m,17.587978306065352,73.04102263168481
2026-04-06,WS-57c7afe16ae1,AER,moderate_1m,17.723491470644237,74.48139379774256
2026-04-07,WS-57c7afe16ae1,AER,moderate_1m,17.838075137648076,75.69930506537753
2026-04-08,WS-57c7afe16ae1,AER,moderate_1m,17.675426741129414,73.97051317066361
2026-04-09,WS-57c7afe16ae1,AER,moderate_1m,17.45275038478226,71.60368332028006
2026-04-10,WS-57c7afe16ae1,AER,moderate_1m,18.03283702985744,77.76943171806822
2026-04-11,WS-57c7afe16ae1,AER,moderate_1m,17.851923108018305,75.84649532022608
2026-04-12,WS-57c7afe16ae1,AER,moderate_1m,17.72270524593572,74.47303700522204
2026-04-13,WS-57c7afe16ae1,AER,moderate_1m,17.54717171711027,72.60728887379699
2026-04-14,WS-57c7afe16ae1,AER,moderate_1m,17.39501042817172,70.98996458018794
2026-04-15,WS-57c7afe16ae1,AER,moderate_1m,17.24933052507084,69.44153101985704
2026-04-16,WS-57c7afe16ae1,AER,moderate_1m,17.106828192945823,67.92687190222291
2026-04-17,WS-57c7afe16ae1,AER,moderate_1m,16.961516952228223,66.38235685909684
2026-04-18,WS-57c7afe16ae1,AER,moderate_1m,16.822401098446434,64.90369266324932
2026-04-19,WS-57c7afe16ae1,AER,moderate_1m,16.689210953698712,63.4880129048004
2026-04-20,WS-57c7afe16ae1,AER,moderate_1m,16.553395455832547,62.044428234350754
2026-04-21,WS-57c7afe16ae1,AER,moderate_1m,16.412561000233307,60.54749699772169
2026-04-22,WS-57c7afe16ae1,AER,moderate_1m,16.293584636765733,59.28289570297929
2026-04-23,WS-57c7afe16ae1,AER,moderate_1m,16.184839504796436,58.127042299182946
2026-04-24,WS-57c7afe16ae1,AER,moderate_1m,16.07568285454999,56.96681486233556
2026-04-25,WS-57c7afe16ae1,AER,moderate_1m,15.956298917887054,55.69788146686714
2026-04-26,WS-57c7afe16ae1,AER,moderate_1m,15.837148307316578,54.431428097430974
2026-04-27,WS-57c7afe16ae1,AER,moderate_1m,15.71122379204882,53.092974808002445
2026-04-28,WS-57c7afe16ae1,AER,moderate_1m,15.59764567742808,51.88575156955696
2026-04-29,WS-57c7afe16ae1,AER,moderate_1m,15.475350556468712,50.58587515882729
2026-04-30,WS-57c7afe16ae1,AER,moderate_1m,15.373745577078509,49.505914528461034
2026-05-01,WS-57c7afe16ae1,AER,moderate_1m,15.282934776681191,48.54068536518828
2026-05-02,WS-57c7afe16ae1,AER,moderate_1m,15.215036648996605,47.81899529433723
2026-05-03,WS-57c7afe16ae1,AER,moderate_1m,15.657867887054518,52.525854208822764
2026-05-04,WS-57c7afe16ae1,AER,moderate_1m,16.93596258711657,66.11073918425234
2026-05-05,WS-57c7afe16ae1,AER,moderate_1m,17.18368393916073,68.74377261543268
2026-05-06,WS-57c7afe16ae1,AER,moderate_1m,17.06956098172395,67.53075823570072
2026-05-07,WS-57c7afe16ae1,AER,moderate_1m,16.966693973881256,66.43738348871071
2026-05-08,WS-57c7afe16ae1,AER,moderate_1m,16.88882662323177,65.60973041897856
2026-05-09,WS-57c7afe16ae1,AER,moderate_1m,16.797734803161823,64.64151429399766
2026-05-10,WS-57c7afe16ae1,AER,moderate_1m,16.69042208953332,63.50088608313532
2026-05-11,WS-57c7afe16ae1,AER,moderate_1m,16.593300384566735,62.46857823417498
2026-05-12,WS-57c7afe16ae1,AER,moderate_1m,16.511361781162186,61.597651766641626
2026-05-13,WS-57c7afe16ae1,AER,moderate_1m,16.41983389933629,60.62480073565842
2026-05-14,WS-57c7afe16ae1,AER,moderate_1m,16.693687222089608,63.53559121899458
2026-05-15,WS-57c7afe16ae1,AER,moderate_1m,16.62983901043611,62.856947757631744
2026-05-16,WS-57c7afe16ae1,AER,moderate_1m,16.52822665496974,61.77690872685718
2026-05-17,WS-57c7afe16ae1,AER,moderate_1m,16.461862495014575,61.07152321869559
2026-05-18,WS-57c7afe16ae1,AER,moderate_1m,17.12336416567559,68.10263296866017
2026-05-19,WS-57c7afe16ae1,AER,moderate_1m,18.441621531728913,82.11440743652838
2026-05-20,WS-57c7afe16ae1,AER,moderate_1m,19.024314018788868,88.30785336222714
2026-05-21,WS-57c7afe16ae1,AER,moderate_1m,18.89694376622118,86.95403331247695
2026-05-22,WS-57c7afe16ae1,AER,moderate_1m,18.779100830478313,85.70147923557167
2026-05-23,WS-57c7afe16ae1,AER,moderate_1m,18.662955396783097,84.46696792972375
2026-05-24,WS-57c7afe16ae1,AER,moderate_1m,18.56512240512376,83.42709980537448
2026-05-25,WS-57c7afe16ae1,AER,moderate_1m,18.43389076184497,82.03223698418257
2026-05-26,WS-57c7afe16ae1,AER,moderate_1m,20.006785440273788,98.7505547143816
2026-05-27,WS-57c7afe16ae1,AER,moderate_1m,20.995683103834047,109.26156067605632
2026-05-28,WS-57c7afe16ae1,AER,moderate_1m,20.871402960940966,107.9405854417091
2026-05-29,WS-57c7afe16ae1,AER,moderate_1m,20.72511836677448,106.3857246122787
2026-05-30,WS-57c7afe16ae1,AER,moderate_1m,20.613376714213324,105.19802115264143
2026-05-31,WS-57c7afe16ae1,AER,moderate_1m,20.62848837444769,105.35864318327947
2026-06-01,WS-57c7afe16ae1,AER,moderate_1m,20.490291855124426,103.88975060519417
2026-06-02,WS-57c7afe16ae1,AER,moderate_1m,21.52706419077219,114.90961707111295
2026-06-03,WS-57c7afe16ae1,AER,moderate_1m,22.992785337738887,130.4887859594829
2026-06-04,WS-57c7afe16ae1,AER,moderate_1m,23.30483045624495,133.80551753018995
2026-06-05,WS-57c7afe16ae1,AER,moderate_1m,23.203537173041497,132.72886992259427
2026-06-06,WS-57c7afe16ae1,AER,moderate_1m,23.058345079617318,131.1856212975796
2026-06-07,WS-57c7afe16ae1,AER,moderate_1m,22.93343878853414,129.8579907260812
2026-06-08,WS-57c7afe16ae1,AER,moderate_1m,22.75179499078285,127.92729646779841
2026-06-09,WS-57c7afe16ae1,AER,moderate_1m,22.63414305962387,126.6767725810674
2026-06-10,WS-57c7afe16ae1,AER,moderate_1m,22.638752374866954,126.72576505196157
2026-06-11,WS-57c7afe16ae1,AER,moderate_1m,22.910713006424558,129.6164380962797
2026-06-12,WS-57c7afe16ae1,AER,moderate_1m,22.85202261762854,128.99261720028625
2026-06-13,WS-57c7afe16ae1,AER,moderate_1m,22.735142295471668,127.75029475554479
2026-06-14,WS-57c7afe16ae1,AER,moderate_1m,22.794661777582604,128.38292809502653
2026-06-15,WS-57c7afe16ae1,AER,moderate_1m,22.631856606708,126.65246984367057
2026-06-16,WS-57c7afe16ae1,AER,moderate_1m,22.46770820244462,124.90773434738063
2026-06-17,WS-57c7afe16ae1,AER,moderate_1m,22.704946240784814,127.4293405026144
2026-06-18,WS-57c7afe16ae1,AER,moderate_1m,22.56000106017011,125.88871631702155
2026-06-19,WS-57c7afe16ae1,AER,moderate_1m,23.325843426603697,134.02886466190236
2026-06-20,WS-57c7afe16ae1,AER,moderate_1m,24.375268240318412,145.18321447963018
2026-06-21,WS-57c7afe16ae1,AER,moderate_1m,24.49541698409793,146.46027701975947
2026-06-22,WS-57c7afe16ae1,AER,moderate_1m,24.5760678127587,147.3175157130085
2026-06-23,WS-57c7afe16ae1,AER,moderate_1m,24.414917201615136,145.6046437982754
2026-06-24,WS-57c7afe16ae1,AER,moderate_1m,24.230272800171292,143.642056084822
2026-06-25,WS-57c7afe16ae1,AER,moderate_1m,24.04811719870098,141.70592185823907
2026-06-26,WS-57c7afe16ae1,AER,moderate_1m,23.868416850964728,139.7958845551166
2026-06-27,WS-57c7afe16ae1,AER,moderate_1m,23.715494151159632,138.1704672156319
2026-06-28,WS-57c7afe16ae1,AER,moderate_1m,23.610339388251614,137.05277589068183
2026-06-29,WS-57c7afe16ae1,AER,moderate_1m,23.505558697841074,135.93906058710994
2026-06-30,WS-57c7afe16ae1,AER,moderate_1m,23.948876013433484,140.65108602595
2026-07-01,WS-57c7afe16ae1,AER,moderate_1m,25.20086749350503,153.95851954098146
2026-07-02,WS-57c7afe16ae1,AER,moderate_1m,27.472198516044948,178.1005261394217
2026-07-03,WS-57c7afe16ae1,AER,moderate_1m,27.670624733480615,180.20960095198623
2026-07-04,WS-57c7afe16ae1,AER,moderate_1m,27.49407639231513,178.33306636717057
2026-07-05,WS-57c7afe16ae1,AER,moderate_1m,27.269438037086516,175.94538240548746
2026-07-06,WS-57c7afe16ae1,AER,moderate_1m,27.030991128953403,173.41092715770506
2026-07-07,WS-57c7afe16ae1,AER,moderate_1m,26.78087301658718,170.7524185302913
2026-07-08,WS-57c7afe16ae1,AER,moderate_1m,26.57921257291261,168.60896708551175
2026-07-09,WS-57c7afe16ae1,AER,moderate_1m,26.387427407180176,166.5704800967602
2026-07-10,WS-57c7afe16ae1,AER,moderate_1m,26.17619577477228,164.32529636405698
2026-07-11,WS-57c7afe16ae1,AER,moderate_1m,25.97496857000207,162.18644982115384
2026-07-12,WS-57c7afe16ae1,AER,moderate_1m,26.606550298727,168.89954012416078
2026-07-13,WS-57c7afe16ae1,AER,moderate_1m,26.717546095067533,170.07931586845356
2026-07-14,WS-57c7afe16ae1,AER,moderate_1m,26.700683325236568,169.90008127143219
2026-07-15,WS-57c7afe16ae1,AER,moderate_1m,26.631644622896737,169.1662680179276
2026-07-16,WS-57c7afe16ae1,AER,moderate_1m,26.387648766775143,166.57283293073698
2026-07-17,WS-57c7afe16ae1,AER,moderate_1m,26.14939800227055,164.04046249610022
2026-07-18,WS-57c7afe16ae1,AER,moderate_1m,25.884215896224077,161.22183848646418
2026-07-19,WS-57c7afe16ae1,AER,moderate_1m,25.616568190672652,158.37700758803598
2026-07-20,WS-57c7afe16ae1,AER,moderate_1m,25.362885447037762,155.6806104491041
2026-07-21,WS-57c7afe16ae1,AER,moderate_1m,25.117998325424495,153.0777020895602
2026-07-22,WS-57c7afe16ae1,AER,moderate_1m,24.897207706750386,150.73091576911298
2026-07-23,WS-57c7afe16ae1,AER,moderate_1m,24.786913759471616,149.55859998750822
2026-07-24,WS-57c7afe16ae1,AER,moderate_1m,24.577712986102185,147.33500228159747
2026-07-25,WS-57c7afe16ae1,AER,moderate_1m,24.36520531279603,145.07625549380458
2026-07-26,WS-57c7afe16ae1,AER,moderate_1m,24.15595552809087,142.85213684577724
2026-07-27,WS-57c7afe16ae1,AER,moderate_1m,23.937469709319494,140.5298482730857
2026-07-28,WS-57c7afe16ae1,AER,moderate_1m,23.734777405222587,138.37542917062981
2026-07-29,WS-57c7afe16ae1,AER,moderate_1m,23.739000009123703,138.42031128170555
2026-07-30,WS-57c7afe16ae1,AER,moderate_1m,23.551408298578664,136.42639658197737
2026-07-31,WS-57c7afe16ae1,AER,moderate_1m,23.34275035605575,134.20856863210324
2026-08-01,WS-57c7afe16ae1,AER,moderate_1m,23.119947937990407,131.84039887009865
2026-08-02,WS-57c7afe16ae1,AER,moderate_1m,22.924046436852397,129.75815929947478
2026-08-03,WS-57c7afe16ae1,AER,moderate_1m,22.759497305510813,128.00916446992596
2026-08-04,WS-57c7afe16ae1,AER,moderate_1m,22.60274160860225,126.34300615501964
2026-08-05,WS-57c7afe16ae1,AER,moderate_1m,22.551976743680235,125.80342575403266
2026-08-06,WS-57c7afe16ae1,AER,moderate_1m,22.440561985538256,124.61919685937359
2026-08-07,WS-57c7afe16ae1,AER,moderate_1m,22.271673994396394,122.82408423330435
2026-08-08,WS-57c7afe16ae1,AER,moderate_1m,22.089169825087,120.88424507468487
2026-08-09,WS-57c7afe16ae1,AER,moderate_1m,22.043208939253574,120.39572622910508
2026-08-10,WS-57c7afe16ae1,AER,moderate_1m,24.04103833052658,141.63068047753325
2026-08-11,WS-57c7afe16ae1,AER,moderate_1m,24.466708689732638,146.1551361903872
2026-08-12,WS-57c7afe16ae1,AER,moderate_1m,24.348542559332508,144.89914687332063
2026-08-13,WS-57c7afe16ae1,AER,moderate_1m,24.251624767796336,143.86900642283
2026-08-14,WS-57c7afe16ae1,AER,moderate_1m,24.037849972156977,141.5967913754899
2026-08-15,WS-57c7afe16ae1,AER,moderate_1m,23.808949524212505,139.16380557561217
2026-08-16,WS-57c7afe16ae1,AER,moderate_1m,23.60216618124642,136.96590276849415
2026-08-17,WS-57c7afe16ae1,AER,moderate_1m,23.482463970666494,135.69358643547596
2026-08-18,WS-57c7afe16ae1,AER,moderate_1m,23.25719624385944,133.2992128752055
2026-08-19,WS-57c7afe16ae1,AER,moderate_1m,23.024291652803605,130.823666986791
2026-08-20,WS-57c7afe16ae1,AER,moderate_1m,22.82693086140059,128.7259166012057
2026-08-21,WS-57c7afe16ae1,AER,moderate_1m,22.904445872612236,129.54982465052962
2026-08-22,WS-57c7afe16ae1,AER,moderate_1m,22.661164529892588,126.96398413546137
2026-08-23,WS-57c7afe16ae1,AER,moderate_1m,22.450388996251856,124.72364828240985
2026-08-24,WS-57c7afe16ae1,AER,moderate_1m,22.21073832586584,122.17639823018717
2026-08-25,WS-57c7afe16ae1,AER,moderate_1m,22.797093640872113,128.40877640115153
2026-08-26,WS-57c7afe16ae1,AER,moderate_1m,24.536749564393517,146.89960154635835
2026-08-27,WS-57c7afe16ae1,AER,moderate_1m,25.36726293470835,155.72713882175398
2026-08-28,WS-57c7afe16ae1,AER,moderate_1m,25.09761793148884,152.86107862077006
2026-08-29,WS-57c7afe16ae1,AER,moderate_1m,24.803902501641502,149.73917354613727
2026-08-30,WS-57c7afe16ae1,AER,moderate_1m,24.496619797366225,146.47306173743019
2026-08-31,WS-57c7afe16ae1,AER,moderate_1m,24.176900446908082,143.07476065678097
2026-09-01,WS-57c7afe16ae1,AER,moderate_1m,23.892496914906282,140.0518318638967
2026-09-02,WS-57c7afe16ae1,AER,moderate_1m,23.61131858219963,137.0631837557264
2026-09-03,WS-57c7afe16ae1,AER,moderate_1m,23.793209517371295,138.99650484082315
2026-09-04,WS-57c7afe16ae1,AER,moderate_1m,23.57456665692399,136.6725470701421
2026-09-05,WS-57c7afe16ae1,AER,moderate_1m,23.460235713020914,135.45732199958962
2026-09-06,WS-57c7afe16ae1,AER,moderate_1m,23.718625897523903,138.2037545879438
2026-09-07,WS-57c7afe16ae1,AER,moderate_1m,23.453073831873365,135.3811982729265
2026-09-08,WS-57c7afe16ae1,AER,moderate_1m,23.13725085874986,132.0243118369897
2026-09-09,WS-57c7afe16ae1,AER,moderate_1m,22.929575326032808,129.81692593355453
2026-09-10,WS-57c7afe16ae1,AER,moderate_1m,22.62925005360982,126.62476475732652
2026-09-11,WS-57c7afe16ae1,AER,moderate_1m,22.363885684331336,123.8042034694575
2026-09-12,WS-57c7afe16ae1,AER,moderate_1m,22.08825525336424,120.87452408010213
2026-09-13,WS-57c7afe16ae1,AER,moderate_1m,21.819147289082874,118.01417207288635
2026-09-14,WS-57c7afe16ae1,AER,moderate_1m,21.576968084546316,115.44004619871566
2026-09-15,WS-57c7afe16ae1,AER,moderate_1m,21.364371488466773,113.18035424962281
2026-09-16,WS-57c7afe16ae1,AER,moderate_1m,21.072956407222552,110.08289960982499
2026-09-17,WS-57c7afe16ae1,AER,moderate_1m,20.808695444854216,107.27406644816968
2026-09-18,WS-57c7afe16ae1,AER,moderate_1m,20.527815415211407,104.28858900709466
2026-09-19,WS-57c7afe16ae1,AER,moderate_1m,20.236583038048074,101.19307633131821
2026-09-20,WS-57c7afe16ae1,AER,moderate_1m,19.940772544095914,98.0489027934184
2026-09-21,WS-57c7afe16ae1,AER,moderate_1m,19.628529806118372,94.73007072281196
2026-09-22,WS-57c7afe16ae1,AER,moderate_1m,19.425880343181053,92.57610697959134
2026-09-23,WS-57c7afe16ae1,AER,moderate_1m,19.195581156471846,90.12825396742592
2026-09-24,WS-57c7afe16ae1,AER,moderate_1m,18.943892396441463,87.45305090582552
2026-09-25,WS-57c7afe16ae1,AER,moderate_1m,18.71871959058005,85.05968626150495
2026-09-26,WS-57c7afe16ae1,AER,moderate_1m,18.447841808441467,82.18052283756346
2026-09-27,WS-57c7afe16ae1,AER,moderate_1m,18.297094587083528,80.57822868642288
2026-09-28,WS-57c7afe16ae1,AER,moderate_1m,18.093132591191324,78.41031401357421
2025-03-01,WS-a2f10ef43bc1,AOG,moderate_1m,17.376807980445168,49.84926398816102
2025-03-02,WS-a2f10ef43bc1,AOG,moderate_1m,17.156730923883742,47.510062128570404
2025-03-03,WS-a2f10ef43bc1,AOG,moderate_1m,16.97743381329124,45.60431083822565
2025-03-04,WS-a2f10ef43bc1,AOG,moderate_1m,16.80532877285309,43.77500415388503
2025-03-05,WS-a2f10ef43bc1,AOG,moderate_1m,16.634114743561668,41.95516803846188
2025-03-06,WS-a2f10ef43bc1,AOG,moderate_1m,16.48730633588311,40.39473958848678
2025-03-07,WS-a2f10ef43bc1,AOG,moderate_1m,16.366301837781524,39.10858122468183
2025-03-08,WS-a2f10ef43bc1,AOG,moderate_1m,16.234825756823763,37.71112027226201
2025-03-09,WS-a2f10ef43bc1,AOG,moderate_1m,16.102868008165238,36.308539667667006
2025-03-10,WS-a2f10ef43bc1,AOG,moderate_1m,15.987454548913814,35.08180852757941
2025-03-11,WS-a2f10ef43bc1,AOG,moderate_1m,16.47971981572708,40.3141023683509
2025-03-12,WS-a2f10ef43bc1,AOG,moderate_1m,16.35526539976831,38.991274783351095
2025-03-13,WS-a2f10ef43bc1,AOG,moderate_1m,16.204546798756663,37.38928483823867
2025-03-14,WS-a2f10ef43bc1,AOG,moderate_1m,16.05488512286603,35.79852896380654
2025-03-15,WS-a2f10ef43bc1,AOG,moderate_1m,15.905034938146215,34.20576942660892
2025-03-16,WS-a2f10ef43bc1,AOG,moderate_1m,15.786909092190886,32.950208293423294
2025-03-17,WS-a2f10ef43bc1,AOG,moderate_1m,15.679155727897577,31.804896400987563
2025-03-18,WS-a2f10ef43bc1,AOG,moderate_1m,15.570777182757187,30.652939453301972
2025-03-19,WS-a2f10ef43bc1,AOG,moderate_1m,15.460710412602626,29.483038340266933
2025-03-20,WS-a2f10ef43bc1,AOG,moderate_1m,15.415190273855966,28.99920420113081
2025-03-21,WS-a2f10ef43bc1,AOG,moderate_1m,15.640437540377807,31.393360288767013
2025-03-22,WS-a2f10ef43bc1,AOG,moderate_1m,16.014280219164064,35.36693892106335
2025-03-23,WS-a2f10ef43bc1,AOG,moderate_1m,15.909955988942318,34.25807533869828
2025-03-24,WS-a2f10ef43bc1,AOG,moderate_1m,15.786944109119617,32.95058048880831
2025-03-25,WS-a2f10ef43bc1,AOG,moderate_1m,15.682204548857367,31.837302358110605
2025-03-26,WS-a2f10ef43bc1,AOG,moderate_1m,15.573715576993916,30.68417168336791
2025-03-27,WS-a2f10ef43bc1,AOG,moderate_1m,15.484609259098765,29.73705948649323
2025-03-28,WS-a2f10ef43bc1,AOG,moderate_1m,15.425129878508788,29.104852386592572
2025-03-29,WS-a2f10ef43bc1,AOG,moderate_1m,16.539098970169544,40.945244163242926
2025-03-30,WS-a2f10ef43bc1,AOG,moderate_1m,17.412025777765745,50.22359440801551
2025-03-31,WS-a2f10ef43bc1,AOG,moderate_1m,17.47963929373284,50.942259337267494
2025-04-01,WS-a2f10ef43bc1,AOG,moderate_1m,17.32004216305914,49.24589938639248
2025-04-02,WS-a2f10ef43bc1,AOG,moderate_1m,17.181542235576938,47.773781879090635
2025-04-03,WS-a2f10ef43bc1,AOG,moderate_1m,17.051557050749413,46.39216768077956
2025-04-04,WS-a2f10ef43bc1,AOG,moderate_1m,16.927455040435788,45.07308581990624
2025-04-05,WS-a2f10ef43bc1,AOG,moderate_1m,16.78830907806457,43.594101599475124
2025-04-06,WS-a2f10ef43bc1,AOG,moderate_1m,16.67967569881367,42.43943601675729
2025-04-07,WS-a2f10ef43bc1,AOG,moderate_1m,16.564204456688113,41.21209070175871
2025-04-08,WS-a2f10ef43bc1,AOG,moderate_1m,16.455846331752205,40.06035080068873
2025-04-09,WS-a2f10ef43bc1,AOG,moderate_1m,16.334009394631718,38.765344431864825
2025-04-10,WS-a2f10ef43bc1,AOG,moderate_1m,16.23563410518309,37.71971221735106
2025-04-11,WS-a2f10ef43bc1,AOG,moderate_1m,16.122642787702297,36.518726053239504
2025-04-12,WS-a2f10ef43bc1,AOG,moderate_1m,16.0182649905459,35.409293107238305
2025-04-13,WS-a2f10ef43bc1,AOG,moderate_1m,15.921921696627802,34.385258999305755
2025-04-14,WS-a2f10ef43bc1,AOG,moderate_1m,15.833087513619542,33.44103932763752
2025-04-15,WS-a2f10ef43bc1,AOG,moderate_1m,15.755879078427206,32.620389878758765
2025-04-16,WS-a2f10ef43bc1,AOG,moderate_1m,15.67459140291621,31.75638213216276
2025-04-17,WS-a2f10ef43bc1,AOG,moderate_1m,15.591094983200662,30.868897615060188
2025-04-18,WS-a2f10ef43bc1,AOG,moderate_1m,15.509932008756763,30.006215317707298
2025-04-19,WS-a2f10ef43bc1,AOG,moderate_1m,15.428289666647068,29.138437815280422
2025-04-20,WS-a2f10ef43bc1,AOG,moderate_1m,15.355678766322786,28.36665562353838
2025-04-21,WS-a2f10ef43bc1,AOG,moderate_1m,15.681321139111546,31.827912584580847
2025-04-22,WS-a2f10ef43bc1,AOG,moderate_1m,15.780737137008803,32.88460650255594
2025-04-23,WS-a2f10ef43bc1,AOG,moderate_1m,15.726072024003564,32.303570314620146
2025-04-24,WS-a2f10ef43bc1,AOG,moderate_1m,15.695685576811822,31.980592377311023
2025-04-25,WS-a2f10ef43bc1,AOG,moderate_1m,15.635026767018964,31.335849109271148
2025-04-26,WS-a2f10ef43bc1,AOG,moderate_1m,15.594884186455023,30.909173105097455
2025-04-27,WS-a2f10ef43bc1,AOG,moderate_1m,15.657573227771792,31.57549573006954
2025-04-28,WS-a2f10ef43bc1,AOG,moderate_1m,15.605936220654115,31.02664531848814
2025-04-29,WS-a2f10ef43bc1,AOG,moderate_1m,15.558450956302867,30.521923834072084
2025-04-30,WS-a2f10ef43bc1,AOG,moderate_1m,16.483530445005584,40.35460559587384
2025-05-01,WS-a2f10ef43bc1,AOG,moderate_1m,16.40883591459874,39.560676473234146
2025-05-02,WS-a2f10ef43bc1,AOG,moderate_1m,16.321120985683045,38.628353367685065
2025-05-03,WS-a2f10ef43bc1,AOG,moderate_1m,16.240778892876097,37.774396231789964
2025-05-04,WS-a2f10ef43bc1,AOG,moderate_1m,16.16394238079774,36.95769995846449
2025-05-05,WS-a2f10ef43bc1,AOG,moderate_1m,16.095535367458055,36.23060093545223
2025-05-06,WS-a2f10ef43bc1,AOG,moderate_1m,16.020180296660687,35.4296509205215
2025-05-07,WS-a2f10ef43bc1,AOG,moderate_1m,15.944868994346692,34.62916612136243
2025-05-08,WS-a2f10ef43bc1,AOG,moderate_1m,15.876015619617576,33.89732271741141
2025-05-09,WS-a2f10ef43bc1,AOG,moderate_1m,15.808617373434114,33.18094589345339
2025-05-10,WS-a2f10ef43bc1,AOG,moderate_1m,15.750239263061722,32.56044420883383
2025-05-11,WS-a2f10ef43bc1,AOG,moderate_1m,15.697425083856324,31.9990816200192
2025-05-12,WS-a2f10ef43bc1,AOG,moderate_1m,15.711981174360762,32.153798492865256
2025-05-13,WS-a2f10ef43bc1,AOG,moderate_1m,15.66424296413182,31.646388443467877
2025-05-14,WS-a2f10ef43bc1,AOG,moderate_1m,15.996907563655451,35.18228474262822
2025-05-15,WS-a2f10ef43bc1,AOG,moderate_1m,15.9317867627286,34.49011491354108
2025-05-16,WS-a2f10ef43bc1,AOG,moderate_1m,15.885088598081861,33.99375952198925
2025-05-17,WS-a2f10ef43bc1,AOG,moderate_1m,15.83617499395302,33.473856195739856
2025-05-18,WS-a2f10ef43bc1,AOG,moderate_1m,15.77268385369974,32.79900805087404
2025-05-19,WS-a2f10ef43bc1,AOG,moderate_1m,15.747220739377031,32.52836028183673
2025-05-20,WS-a2f10ef43bc1,AOG,moderate_1m,15.695947875443899,31.983380352838807
2025-05-21,WS-a2f10ef43bc1,AOG,moderate_1m,15.652855650396337,31.52535253958049
2025-05-22,WS-a2f10ef43bc1,AOG,moderate_1m,15.888768163799025,34.03286967323609
2025-05-23,WS-a2f10ef43bc1,AOG,moderate_1m,20.268302645461084,80.58299790428038
2025-05-24,WS-a2f10ef43bc1,AOG,moderate_1m,20.604857566506713,84.16024448084288
2025-05-25,WS-a2f10ef43bc1,AOG,moderate_1m,20.460640344358744,82.62735777513865
2025-05-26,WS-a2f10ef43bc1,AOG,moderate_1m,20.368228877164494,81.64511510393156
2025-05-27,WS-a2f10ef43bc1,AOG,moderate_1m,20.751023119999775,85.7138400254272
2025-05-28,WS-a2f10ef43bc1,AOG,moderate_1m,20.635792251738405,84.48904964731702
2025-05-29,WS-a2f10ef43bc1,AOG,moderate_1m,20.51422099907959,83.19686724204715
2025-05-30,WS-a2f10ef43bc1,AOG,moderate_1m,20.383081844913672,81.80298748882338
2025-05-31,WS-a2f10ef43bc1,AOG,moderate_1m,20.26163030894777,80.51207755381937
2025-06-01,WS-a2f10ef43bc1,AOG,moderate_1m,20.160526135520275,79.43743999646018
2025-06-02,WS-a2f10ef43bc1,AOG,moderate_1m,20.06440840625822,78.41580341815258
2025-06-03,WS-a2f10ef43bc1,AOG,moderate_1m,19.947985766187326,77.17834568217874
2025-06-04,WS-a2f10ef43bc1,AOG,moderate_1m,19.82279979042201,75.84774233860324
2025-06-05,WS-a2f10ef43bc1,AOG,moderate_1m,19.710189907954966,74.65081045214977
2025-06-06,WS-a2f10ef43bc1,AOG,moderate_1m,19.633535115838534,73.83604568263257
2025-06-07,WS-a2f10ef43bc1,AOG,moderate_1m,19.74492443909821,75.02000422960111
2025-06-08,WS-a2f10ef43bc1,AOG,moderate_1m,20.719415087521792,85.37787784242765
2025-06-09,WS-a2f10ef43bc1,AOG,moderate_1m,21.520114198666537,93.88851897434213
2025-06-10,WS-a2f10ef43bc1,AOG,moderate_1m,21.406510950022156,92.68102858603669
2025-06-11,WS-a2f10ef43bc1,AOG,moderate_1m,21.27739555843262,91.30865943121879
2025-06-12,WS-a2f10ef43bc1,AOG,moderate_1m,21.17109435198336,90.17878254315059
2025-06-13,WS-a2f10ef43bc1,AOG,moderate_1m,21.07023727717186,89.10677140015312
2025-06-14,WS-a2f10ef43bc1,AOG,moderate_1m,20.959454369753345,87.92925845494561
2025-06-15,WS-a2f10ef43bc1,AOG,moderate_1m,20.97560157303007,88.10088728587537
2025-06-16,WS-a2f10ef43bc1,AOG,moderate_1m,21.22433303135838,90.74465714971795
2025-06-17,WS-a2f10ef43bc1,AOG,moderate_1m,21.16002855603573,90.06116405595803
2025-06-18,WS-a2f10ef43bc1,AOG,moderate_1m,21.04280963488883,88.81524263820448
2025-06-19,WS-a2f10ef43bc1,AOG,moderate_1m,20.931278645160045,87.62977831651706
2025-06-20,WS-a2f10ef43bc1,AOG,moderate_1m,20.82123631892143,86.46013701817844
2025-06-21,WS-a2f10ef43bc1,AOG,moderate_1m,20.696828869598363,85.13780864215249
2025-06-22,WS-a2f10ef43bc1,AOG,moderate_1m,20.582119993626208,83.91856652678587
2025-06-23,WS-a2f10ef43bc1,AOG,moderate_1m,20.50910087649007,83.14244539330983
2025-06-24,WS-a2f10ef43bc1,AOG,moderate_1m,21.963291683306025,98.59905814818845
2025-06-25,WS-a2f10ef43bc1,AOG,moderate_1m,22.55550779966362,104.89373085195832
2025-06-26,WS-a2f10ef43bc1,AOG,moderate_1m,23.226174508849823,112.02225591406999
2025-06-27,WS-a2f10ef43bc1,AOG,moderate_1m,23.07011455073594,110.36349261574435
2025-06-28,WS-a2f10ef43bc1,AOG,moderate_1m,22.911312574608804,108.67558437275318
2025-06-29,WS-a2f10ef43bc1,AOG,moderate_1m,22.7698660933345,107.17214790736654
2025-06-30,WS-a2f10ef43bc1,AOG,moderate_1m,22.640189916742553,105.79381816155855
2025-07-01,WS-a2f10ef43bc1,AOG,moderate_1m,22.531556090944022,104.63914783248023
2025-07-02,WS-a2f10ef43bc1,AOG,moderate_1m,22.963828495338145,109.2337767683967
2025-07-03,WS-a2f10ef43bc1,AOG,moderate_1m,22.795893497239387,107.44879351761733
2025-07-04,WS-a2f10ef43bc1,AOG,moderate_1m,23.030727724563068,109.94484953469588
2025-07-05,WS-a2f10ef43bc1,AOG,moderate_1m,22.922865134059407,108.79837667546802
2025-07-06,WS-a2f10ef43bc1,AOG,moderate_1m,22.811146093152153,107.61091355539041
2025-07-07,WS-a2f10ef43bc1,AOG,moderate_1m,23.681620096711097,116.86319291456137
2025-07-08,WS-a2f10ef43bc1,AOG,moderate_1m,23.55486018788763,115.51586021630426
2025-07-09,WS-a2f10ef43bc1,AOG,moderate_1m,23.41378881641734,114.01641079784024
2025-07-10,WS-a2f10ef43bc1,AOG,moderate_1m,23.7953673592221,118.072214028104
2025-07-11,WS-a2f10ef43bc1,AOG,moderate_1m,24.312618492182715,123.57008296092987
2025-07-12,WS-a2f10ef43bc1,AOG,moderate_1m,24.158413535775978,121.93103649956443
2025-07-13,WS-a2f10ef43bc1,AOG,moderate_1m,24.01087939626407,120.36289423661555
2025-07-14,WS-a2f10ef43bc1,AOG,moderate_1m,23.941414872929823,119.62455492629452
2025-07-15,WS-a2f10ef43bc1,AOG,moderate_1m,23.807625279133514,118.20250361621237
2025-07-16,WS-a2f10ef43bc1,AOG,moderate_1m,23.635975383888347,116.37803467597116
2025-07-17,WS-a2f10ef43bc1,AOG,moderate_1m,23.468519086100795,114.59813953694527
2025-07-18,WS-a2f10ef43bc1,AOG,moderate_1m,23.287883641689884,112.67816307926284
2025-07-19,WS-a2f10ef43bc1,AOG,moderate_1m,23.11027456229758,110.79035389421635
2025-07-20,WS-a2f10ef43bc1,AOG,moderate_1m,22.93564114422475,108.93417305153676
2025-07-21,WS-a2f10ef43bc1,AOG,moderate_1m,22.773908387971897,107.21511350896334
2025-07-22,WS-a2f10ef43bc1,AOG,moderate_1m,22.63927150168595,105.7840563161311
2025-07-23,WS-a2f10ef43bc1,AOG,moderate_1m,24.14834341820764,121.82400109064814
2025-07-24,WS-a2f10ef43bc1,AOG,moderate_1m,23.98789739532673,120.11861825360441
2025-07-25,WS-a2f10ef43bc1,AOG,moderate_1m,23.837056751528095,118.51533111414231
2025-07-26,WS-a2f10ef43bc1,AOG,moderate_1m,24.99905782313601,130.86625542229646
2025-07-27,WS-a2f10ef43bc1,AOG,moderate_1m,25.909694121731505,140.5454203310236
2025-07-28,WS-a2f10ef43bc1,AOG,moderate_1m,26.45475237847084,146.33885153948765
2025-07-29,WS-a2f10ef43bc1,AOG,moderate_1m,26.846366371435458,150.50132169833796
2025-07-30,WS-a2f10ef43bc1,AOG,moderate_1m,26.713068030692195,149.0844919232635
2025-07-31,WS-a2f10ef43bc1,AOG,moderate_1m,26.437119450580447,146.15143092256514
2025-08-01,WS-a2f10ef43bc1,AOG,moderate_1m,26.22682222733906,143.91617903688896
2025-08-02,WS-a2f10ef43bc1,AOG,moderate_1m,26.16536384357811,143.2629370868771
2025-08-03,WS-a2f10ef43bc1,AOG,moderate_1m,25.90019069537359,140.44440829025817
2025-08-04,WS-a2f10ef43bc1,AOG,moderate_1m,25.64666460281802,137.74967619765948
2025-08-05,WS-a2f10ef43bc1,AOG,moderate_1m,25.550364196570648,136.72609794332965
2025-08-06,WS-a2f10ef43bc1,AOG,moderate_1m,25.312777982273946,134.20079102138425
2025-08-07,WS-a2f10ef43bc1,AOG,moderate_1m,25.113532298250323,132.0830060879358
2025-08-08,WS-a2f10ef43bc1,AOG,moderate_1m,24.899289043189825,129.80581177939422
2025-08-09,WS-a2f10ef43bc1,AOG,moderate_1m,24.70062550018022,127.69421443025745
2025-08-10,WS-a2f10ef43bc1,AOG,moderate_1m,24.481808349599216,125.36840412750766
2025-08-11,WS-a2f10ef43bc1,AOG,moderate_1m,24.26697671383194,123.08495591287998
2025-08-12,WS-a2f10ef43bc1,AOG,moderate_1m,24.04478739134589,120.72330275165878
2025-08-13,WS-a2f10ef43bc1,AOG,moderate_1m,23.87660586869163,118.93569918821407
2025-08-14,WS-a2f10ef43bc1,AOG,moderate_1m,23.7028364390361,117.08870168951402
2025-08-15,WS-a2f10ef43bc1,AOG,moderate_1m,23.518275243272853,115.12699837030794
2025-08-16,WS-a2f10ef43bc1,AOG,moderate_1m,23.348703861518768,113.32462197664783
2025-08-17,WS-a2f10ef43bc1,AOG,moderate_1m,23.234829904758804,112.11425422830649
2025-08-18,WS-a2f10ef43bc1,AOG,moderate_1m,23.02217852100495,109.85397994032003
2025-08-19,WS-a2f10ef43bc1,AOG,moderate_1m,22.818843825403214,107.69273285031217
2025-08-20,WS-a2f10ef43bc1,AOG,moderate_1m,22.72442879278297,106.68919425646995
2025-08-21,WS-a2f10ef43bc1,AOG,moderate_1m,22.685111988121623,106.27129543496643
2025-08-22,WS-a2f10ef43bc1,AOG,moderate_1m,22.524747452828034,104.56677873053457
2025-08-23,WS-a2f10ef43bc1,AOG,moderate_1m,22.326411653827403,102.45866497667683
2025-08-24,WS-a2f10ef43bc1,AOG,moderate_1m,22.094546766022777,99.99417010746737
2025-08-25,WS-a2f10ef43bc1,AOG,moderate_1m,21.877415291405768,97.68627687617999
2025-08-26,WS-a2f10ef43bc1,AOG,moderate_1m,21.683185092385802,95.62180159722537
2025-08-27,WS-a2f10ef43bc1,AOG,moderate_1m,22.814051785637744,107.6417981981237
2025-08-28,WS-a2f10ef43bc1,AOG,moderate_1m,23.48083974577933,114.72909598684386
2025-08-29,WS-a2f10ef43bc1,AOG,moderate_1m,24.18156991660349,122.17716596866694
2025-08-30,WS-a2f10ef43bc1,AOG,moderate_1m,25.27730123967506,133.8237082688422
2025-08-31,WS-a2f10ef43bc1,AOG,moderate_1m,25.005091806765154,130.93039071175627
2025-09-01,WS-a2f10ef43bc1,AOG,moderate_1m,24.738767641433245,128.09962773931332
2025-09-02,WS-a2f10ef43bc1,AOG,moderate_1m,24.501661085737954,125.57941911480026
2025-09-03,WS-a2f10ef43bc1,AOG,moderate_1m,24.21172421065396,122.49767634725704
2025-09-04,WS-a2f10ef43bc1,AOG,moderate_1m,23.878426688987386,118.95505271051375
2025-09-05,WS-a2f10ef43bc1,AOG,moderate_1m,23.620122770064725,116.20953704012042
2025-09-06,WS-a2f10ef43bc1,AOG,moderate_1m,23.335857447585784,113.18807727802898
2025-09-07,WS-a2f10ef43bc1,AOG,moderate_1m,23.09007617751745,110.57566500307688
2025-09-08,WS-a2f10ef43bc1,AOG,moderate_1m,23.135095189516015,111.05417265957396
2025-09-09,WS-a2f10ef43bc1,AOG,moderate_1m,22.796268217622387,107.45277642537896
2025-09-10,WS-a2f10ef43bc1,AOG,moderate_1m,23.094428350594622,110.62192430658834
2025-09-11,WS-a2f10ef43bc1,AOG,moderate_1m,26.344433741322053,145.16627332893748
2025-09-12,WS-a2f10ef43bc1,AOG,moderate_1m,26.085971722910696,142.4190772170491
2025-09-13,WS-a2f10ef43bc1,AOG,moderate_1m,25.78323754684912,139.20131177312047
2025-09-14,WS-a2f10ef43bc1,AOG,moderate_1m,25.493716411871592,136.12398791250627
2025-09-15,WS-a2f10ef43bc1,AOG,moderate_1m,25.142040618058953,132.38602138517803
2025-09-16,WS-a2f10ef43bc1,AOG,moderate_1m,24.872755569298658,129.52378714476225
2025-09-17,WS-a2f10ef43bc1,AOG,moderate_1m,24.992210274918698,130.7934727443843
2025-09-18,WS-a2f10ef43bc1,AOG,moderate_1m,24.666282307444444,127.32918019376315
2025-09-19,WS-a2f10ef43bc1,AOG,moderate_1m,24.395624083786597,124.4523504597322
2025-09-20,WS-a2f10ef43bc1,AOG,moderate_1m,25.161968616781838,132.59783633944375
2025-09-21,WS-a2f10ef43bc1,AOG,moderate_1m,24.880111034805,129.60196848206027
2025-09-22,WS-a2f10ef43bc1,AOG,moderate_1m,24.533417495070047,125.91695839728709
2025-09-23,WS-a2f10ef43bc1,AOG,moderate_1m,24.741437802684448,128.12800891753253
2025-09-24,WS-a2f10ef43bc1,AOG,moderate_1m,24.469081542778728,125.23313073442306
2025-09-25,WS-a2f10ef43bc1,AOG,moderate_1m,24.1398085795496,121.73328418097961
2025-09-26,WS-a2f10ef43bc1,AOG,moderate_1m,23.736136391029728,117.44264730676664
2025-09-27,WS-a2f10ef43bc1,AOG,moderate_1m,23.319807226245143,113.01747926934296
2025-09-28,WS-a2f10ef43bc1,AOG,moderate_1m,22.996780746375475,109.58402666772093
2025-09-29,WS-a2f10ef43bc1,AOG,moderate_1m,22.683567758320276,106.25488179658272
2025-09-30,WS-a2f10ef43bc1,AOG,moderate_1m,22.399329165993066,103.23370614961723
2025-10-01,WS-a2f10ef43bc1,AOG,moderate_1m,22.090087345719986,99.94677087181795
2025-10-02,WS-a2f10ef43bc1,AOG,moderate_1m,21.854754998335817,97.44542033022148
2025-10-03,WS-a2f10ef43bc1,AOG,moderate_1m,21.717526623114605,95.9868181682262
2025-10-04,WS-a2f10ef43bc1,AOG,moderate_1m,21.45196646168467,93.16417580306575
2025-10-05,WS-a2f10ef43bc1,AOG,moderate_1m,21.168623016050017,90.15251468178754
2025-10-06,WS-a2f10ef43bc1,AOG,moderate_1m,20.910949161905265,87.41369597800748
2025-10-07,WS-a2f10ef43bc1,AOG,moderate_1m,20.73377701619083,85.53053096663257
2025-10-08,WS-a2f10ef43bc1,AOG,moderate_1m,20.47365003989176,82.7656379959805
2025-10-09,WS-a2f10ef43bc1,AOG,moderate_1m,21.49616114406059,93.63392164942077
2025-10-10,WS-a2f10ef43bc1,AOG,moderate_1m,21.379631780798544,92.39532955127805
2025-10-11,WS-a2f10ef43bc1,AOG,moderate_1m,21.018252565286137,88.55422523012822
2025-10-12,WS-a2f10ef43bc1,AOG,moderate_1m,20.773255650124298,85.95014987354702
2025-10-13,WS-a2f10ef43bc1,AOG,moderate_1m,20.47643630256996,82.7952532177578
2025-10-14,WS-a2f10ef43bc1,AOG,moderate_1m,20.2132561617292,79.99790812199491
2025-10-15,WS-a2f10ef43bc1,AOG,moderate_1m,19.936992223511332,77.06149517593802
2025-10-16,WS-a2f10ef43bc1,AOG,moderate_1m,19.64264347894488,73.93285859102518
2025-10-17,WS-a2f10ef43bc1,AOG,moderate_1m,19.380554655393944,71.14711312074644
2025-10-18,WS-a2f10ef43bc1,AOG,moderate_1m,19.128341180462442,68.46633285772563
2025-10-19,WS-a2f10ef43bc1,AOG,moderate_1m,18.9044388765767,66.08647239521545
2025-10-20,WS-a2f10ef43bc1,AOG,moderate_1m,18.594522805231936,62.79237049411904
2025-10-21,WS-a2f10ef43bc1,AOG,moderate_1m,18.561007959879973,62.43614077260184
2025-10-22,WS-a2f10ef43bc1,AOG,moderate_1m,18.667625991162907,63.56938519589464
2025-10-23,WS-a2f10ef43bc1,AOG,moderate_1m,18.583900005042587,62.67946061452853
2025-10-24,WS-a2f10ef43bc1,AOG,moderate_1m,18.533302405946937,62.14165808415744
2025-10-25,WS-a2f10ef43bc1,AOG,moderate_1m,18.34999899202124,60.19332374425036
2025-10-26,WS-a2f10ef43bc1,AOG,moderate_1m,18.235828018177966,58.97979899751727
2025-10-27,WS-a2f10ef43bc1,AOG,moderate_1m,19.149571434732877,68.69198950292491
2025-10-28,WS-a2f10ef43bc1,AOG,moderate_1m,19.19342322214897,69.15809071434977
2025-10-29,WS-a2f10ef43bc1,AOG,moderate_1m,19.036917835826443,67.49459295387595
2025-10-30,WS-a2f10ef43bc1,AOG,moderate_1m,18.863828533643353,65.65482453881214
2025-10-31,WS-a2f10ef43bc1,AOG,moderate_1m,18.682185823363866,63.72414183928109
2025-11-01,WS-a2f10ef43bc1,AOG,moderate_1m,18.796730381977902,64.94163742333873
2025-11-02,WS-a2f10ef43bc1,AOG,moderate_1m,18.533808983154525,62.14704249980043
2025-11-03,WS-a2f10ef43bc1,AOG,moderate_1m,18.347644354720344,60.16829627414975
2025-11-04,WS-a2f10ef43bc1,AOG,moderate_1m,18.455376701375656,61.31338476984139
2025-11-05,WS-a2f10ef43bc1,AOG,moderate_1m,19.49898883926201,72.40595158156506
2025-11-06,WS-a2f10ef43bc1,AOG,moderate_1m,19.235682787325906,69.60726817515334
2025-11-07,WS-a2f10ef43bc1,AOG,moderate_1m,18.96024598966304,66.67964691667454
2025-11-08,WS-a2f10ef43bc1,AOG,moderate_1m,18.720816639588932,64.1347492808885
2025-11-09,WS-a2f10ef43bc1,AOG,moderate_1m,18.49639803136981,61.749401012990404
2025-11-10,WS-a2f10ef43bc1,AOG,moderate_1m,18.28315329651464,59.482819988530466
2025-11-11,WS-a2f10ef43bc1,AOG,moderate_1m,18.085906008842635,57.38627603555924
2025-11-12,WS-a2f10ef43bc1,AOG,moderate_1m,17.94053129475732,55.84108633319285
2025-11-13,WS-a2f10ef43bc1,AOG,moderate_1m,17.706784340784875,53.35658695852325
2025-11-14,WS-a2f10ef43bc1,AOG,moderate_1m,17.4614514941888,50.748940982414766
2025-11-15,WS-a2f10ef43bc1,AOG,moderate_1m,17.66761052909232,52.940208011120795
2025-11-16,WS-a2f10ef43bc1,AOG,moderate_1m,17.540841817800068,51.592781751309936
2025-11-17,WS-a2f10ef43bc1,AOG,moderate_1m,17.41361898354027,50.240528612646926
2025-11-18,WS-a2f10ef43bc1,AOG,moderate_1m,17.212305198002884,48.10076180165791
2025-11-19,WS-a2f10ef43bc1,AOG,moderate_1m,17.008756472423464,45.93723978426951
2025-11-20,WS-a2f10ef43bc1,AOG,moderate_1m,16.803847234208032,43.75925686060636
2025-11-21,WS-a2f10ef43bc1,AOG,moderate_1m,16.704819639180243,42.70669128171723
2025-11-22,WS-a2f10ef43bc1,AOG,moderate_1m,16.617950396311105,41.783356984014084
2025-11-23,WS-a2f10ef43bc1,AOG,moderate_1m,18.139247575761257,57.95324423514843
2025-11-24,WS-a2f10ef43bc1,AOG,moderate_1m,18.035040011154358,56.845620693101324
2025-11-25,WS-a2f10ef43bc1,AOG,moderate_1m,17.804895981797902,54.39941685043022
2025-11-26,WS-a2f10ef43bc1,AOG,moderate_1m,17.791833357482915,54.26057404888529
2025-11-27,WS-a2f10ef43bc1,AOG,moderate_1m,17.519985662141064,51.37110140505431
2025-11-28,WS-a2f10ef43bc1,AOG,moderate_1m,17.295541888154773,48.98548564989389
2025-11-29,WS-a2f10ef43bc1,AOG,moderate_1m,17.121890435340386,47.139742128553
2025-11-30,WS-a2f10ef43bc1,AOG,moderate_1m,17.203851948835617,48.01091210773433
2025-12-01,WS-a2f10ef43bc1,AOG,moderate_1m,17.121856750480056,47.139384091740084
2025-12-02,WS-a2f10ef43bc1,AOG,moderate_1m,17.30083422033066,49.04173791653557
2025-12-03,WS-a2f10ef43bc1,AOG,moderate_1m,17.093303551808763,46.835891776490456
2025-12-04,WS-a2f10ef43bc1,AOG,moderate_1m,16.87151978690839,44.47854929205406
2025-12-05,WS-a2f10ef43bc1,AOG,moderate_1m,16.609988838587228,41.69873348475472
2025-12-06,WS-a2f10ef43bc1,AOG,moderate_1m,16.372439541182185,39.17381895292468
2025-12-07,WS-a2f10ef43bc1,AOG,moderate_1m,16.20958935968484,37.442882283081794
2025-12-08,WS-a2f10ef43bc1,AOG,moderate_1m,16.057998864334795,35.83162496185297
2025-12-09,WS-a2f10ef43bc1,AOG,moderate_1m,15.86699738600807,33.80146779659785
2025-12-10,WS-a2f10ef43bc1,AOG,moderate_1m,15.702293335210694,32.05082632616451
2025-12-11,WS-a2f10ef43bc1,AOG,moderate_1m,15.597478989877164,30.93675330398406
2025-12-12,WS-a2f10ef43bc1,AOG,moderate_1m,15.504806371002104,29.951734848208933
2025-12-13,WS-a2f10ef43bc1,AOG,moderate_1m,15.435654017324666,29.216713593177808
2025-12-14,WS-a2f10ef43bc1,AOG,moderate_1m,15.822567551026111,33.329222510174276
2025-12-15,WS-a2f10ef43bc1,AOG,moderate_1m,15.67847589184273,31.79767041483269
2025-12-16,WS-a2f10ef43bc1,AOG,moderate_1m,15.535182284848702,30.274600826457302
2025-12-17,WS-a2f10ef43bc1,AOG,moderate_1m,15.375188767194878,28.574027673281673
2025-12-18,WS-a2f10ef43bc1,AOG,moderate_1m,15.22156588466478,26.94116808262384
2025-12-19,WS-a2f10ef43bc1,AOG,moderate_1m,15.082889118307754,25.46717095265117
2025-12-20,WS-a2f10ef43bc1,AOG,moderate_1m,15.391891500270425,28.751561237575153
2025-12-21,WS-a2f10ef43bc1,AOG,moderate_1m,16.4378376289858,39.8689360677848
2025-12-22,WS-a2f10ef43bc1,AOG,moderate_1m,18.762801052737277,64.58100214724767
2025-12-23,WS-a2f10ef43bc1,AOG,moderate_1m,18.448117893940353,61.23623081242134
2025-12-24,WS-a2f10ef43bc1,AOG,moderate_1m,18.15814366044654,58.15409096186054
2025-12-25,WS-a2f10ef43bc1,AOG,moderate_1m,17.880101881053307,55.19878131912634
2025-12-26,WS-a2f10ef43bc1,AOG,moderate_1m,17.631353077329543,52.55482709085281
2025-12-27,WS-a2f10ef43bc1,AOG,moderate_1m,17.38970671148185,49.98636476594677
2025-12-28,WS-a2f10ef43bc1,AOG,moderate_1m,17.148427255159476,47.421802327095804
2025-12-29,WS-a2f10ef43bc1,AOG,moderate_1m,16.92604015927379,45.05804702987081
2025-12-30,WS-a2f10ef43bc1,AOG,moderate_1m,16.694108706216436,42.592844637735524
2025-12-31,WS-a2f10ef43bc1,AOG,moderate_1m,16.502167527486865,40.55269938483448
2026-01-01,WS-a2f10ef43bc1,AOG,moderate_1m,17.5781868192471,51.98972225113404
2026-01-02,WS-a2f10ef43bc1,AOG,moderate_1m,17.3510402494561,49.575378444666285
2026-01-03,WS-a2f10ef43bc1,AOG,moderate_1m,17.111744585246214,47.031901757647304
2026-01-04,WS-a2f10ef43bc1,AOG,moderate_1m,16.94286520163678,45.236880621150746
2026-01-05,WS-a2f10ef43bc1,AOG,moderate_1m,16.791196038130597,43.62478713508035
2026-01-06,WS-a2f10ef43bc1,AOG,moderate_1m,16.57063675893241,41.2804597248927
2026-01-07,WS-a2f10ef43bc1,AOG,moderate_1m,16.343030198808172,38.861226675267496
2026-01-08,WS-a2f10ef43bc1,AOG,moderate_1m,16.1020742187104,36.30010246936065
2026-01-09,WS-a2f10ef43bc1,AOG,moderate_1m,15.873674369950681,33.8724375446445
2026-01-10,WS-a2f10ef43bc1,AOG,moderate_1m,15.626431518850108,31.244490106136617
2026-01-11,WS-a2f10ef43bc1,AOG,moderate_1m,15.489922254226695,29.793531379917443
2026-01-12,WS-a2f10ef43bc1,AOG,moderate_1m,15.342019506389626,28.221471174348153
2026-01-13,WS-a2f10ef43bc1,AOG,moderate_1m,15.196752517508738,26.67742648456259
2026-01-14,WS-a2f10ef43bc1,AOG,moderate_1m,15.06798310232093,25.3087347173604
2026-01-15,WS-a2f10ef43bc1,AOG,moderate_1m,15.281955017041888,27.583044945949496
2026-01-16,WS-a2f10ef43bc1,AOG,moderate_1m,15.242184593614269,27.1603246047556
2026-01-17,WS-a2f10ef43bc1,AOG,moderate_1m,15.168685032429948,26.37909682532341
2026-01-18,WS-a2f10ef43bc1,AOG,moderate_1m,15.099890464535992,25.64787847997824
2026-01-19,WS-a2f10ef43bc1,AOG,moderate_1m,15.0077955726282,24.669000691555187
2026-01-20,WS-a2f10ef43bc1,AOG,moderate_1m,14.901144502716292,23.535405100250863
2026-01-21,WS-a2f10ef43bc1,AOG,moderate_1m,14.78430870230721,22.293555877738207
2026-01-22,WS-a2f10ef43bc1,AOG,moderate_1m,14.682823926798171,21.21487289596804
2026-01-23,WS-a2f10ef43bc1,AOG,moderate_1m,14.583335637838253,20.157410595359806
2026-01-24,WS-a2f10ef43bc1,AOG,moderate_1m,14.479577533849497,19.054564375993237
2026-01-25,WS-a2f10ef43bc1,AOG,moderate_1m,14.381496212211896,18.012056749116873
2026-01-26,WS-a2f10ef43bc1,AOG,moderate_1m,14.287956424952284,17.01782114944945
2026-01-27,WS-a2f10ef43bc1,AOG,moderate_1m,14.194125887248752,16.02049515958086
2026-01-28,WS-a2f10ef43bc1,AOG,moderate_1m,14.09625902714448,14.98026704709555
2026-01-29,WS-a2f10ef43bc1,AOG,moderate_1m,14.020521422010198,14.175251069786707
2026-01-30,WS-a2f10ef43bc1,AOG,moderate_1m,13.935224883504947,13.26863306695804
2026-01-31,WS-a2f10ef43bc1,AOG,moderate_1m,13.851738788987738,12.381258296521192
2026-02-01,WS-a2f10ef43bc1,AOG,moderate_1m,13.798211106180883,11.812311868766574
2026-02-02,WS-a2f10ef43bc1,AOG,moderate_1m,13.910779090379439,13.008798417986375
2026-02-03,WS-a2f10ef43bc1,AOG,moderate_1m,13.861685490747568,12.48698191722445
2026-02-04,WS-a2f10ef43bc1,AOG,moderate_1m,13.802555414286953,11.858487575399236
2026-02-05,WS-a2f10ef43bc1,AOG,moderate_1m,13.73717170530454,11.163523293214263
2026-02-06,WS-a2f10ef43bc1,AOG,moderate_1m,13.678686450840416,10.541882772668117
2026-02-07,WS-a2f10ef43bc1,AOG,moderate_1m,13.632628260735391,10.052329678736264
2026-02-08,WS-a2f10ef43bc1,AOG,moderate_1m,16.176168117570448,37.087647471578435
2026-02-09,WS-a2f10ef43bc1,AOG,moderate_1m,16.757328063590812,43.264803998892226
2026-02-10,WS-a2f10ef43bc1,AOG,moderate_1m,17.498061280110214,51.138066866978214
2026-02-11,WS-a2f10ef43bc1,AOG,moderate_1m,17.31052086855839,49.14469742490746
2026-02-12,WS-a2f10ef43bc1,AOG,moderate_1m,17.278279893511,48.802007687211834
2026-02-13,WS-a2f10ef43bc1,AOG,moderate_1m,17.062826317132416,46.511948857841894
2026-02-14,WS-a2f10ef43bc1,AOG,moderate_1m,16.90646143346649,44.84994450190887
2026-02-15,WS-a2f10ef43bc1,AOG,moderate_1m,16.737203278474713,43.05089739952666
2026-02-16,WS-a2f10ef43bc1,AOG,moderate_1m,16.568821395917414,41.2611642081003
2026-02-17,WS-a2f10ef43bc1,AOG,moderate_1m,16.390437708486118,39.365121704262755
2026-02-18,WS-a2f10ef43bc1,AOG,moderate_1m,16.218448861895705,37.537050045821395
2026-02-19,WS-a2f10ef43bc1,AOG,moderate_1m,16.04929120893532,35.739071180821064
2026-02-20,WS-a2f10ef43bc1,AOG,moderate_1m,15.90132618318491,34.16634902251135
2026-02-21,WS-a2f10ef43bc1,AOG,moderate_1m,15.74266551690982,32.47994276375178
2026-02-22,WS-a2f10ef43bc1,AOG,moderate_1m,15.672137226508589,31.73029665961889
2026-02-23,WS-a2f10ef43bc1,AOG,moderate_1m,16.184690485447987,37.17823182916087
2026-02-24,WS-a2f10ef43bc1,AOG,moderate_1m,16.018851980607764,35.41553223214176
2026-02-25,WS-a2f10ef43bc1,AOG,moderate_1m,15.883576673181096,33.977689252808595
2026-02-26,WS-a2f10ef43bc1,AOG,moderate_1m,16.302773707347086,38.43333991070561
2026-02-27,WS-a2f10ef43bc1,AOG,moderate_1m,16.204093210885713,37.38446364693504
2026-02-28,WS-a2f10ef43bc1,AOG,moderate_1m,16.203176569400107,37.374720652816485
2026-03-01,WS-a2f10ef43bc1,AOG,moderate_1m,16.118597237697244,36.47572585029811
2026-03-02,WS-a2f10ef43bc1,AOG,moderate_1m,16.507020239615713,40.60427892435221
2026-03-03,WS-a2f10ef43bc1,AOG,moderate_1m,19.783750492021284,75.43268684457814
2026-03-04,WS-a2f10ef43bc1,AOG,moderate_1m,21.416584254808487,92.78809787193401
2026-03-05,WS-a2f10ef43bc1,AOG,moderate_1m,21.118533908598813,89.62011691563335
2026-03-06,WS-a2f10ef43bc1,AOG,moderate_1m,20.800834424816546,86.24328502381353
2026-03-07,WS-a2f10ef43bc1,AOG,moderate_1m,20.54643682648368,83.53928968511933
2026-03-08,WS-a2f10ef43bc1,AOG,moderate_1m,21.17119258747088,90.1798266894086
2026-03-09,WS-a2f10ef43bc1,AOG,moderate_1m,20.888667984684904,87.17686905928147
2026-03-10,WS-a2f10ef43bc1,AOG,moderate_1m,20.547699358841246,83.5527091577566
2026-03-11,WS-a2f10ef43bc1,AOG,moderate_1m,20.255333942084118,80.44515338959147
2026-03-12,WS-a2f10ef43bc1,AOG,moderate_1m,19.940694592185253,77.10084770010496
2026-03-13,WS-a2f10ef43bc1,AOG,moderate_1m,20.01305323127454,77.86994860394167
2026-03-14,WS-a2f10ef43bc1,AOG,moderate_1m,19.758398714694582,75.16322247790075
2026-03-15,WS-a2f10ef43bc1,AOG,moderate_1m,19.498830829254068,72.40427209116208
2026-03-16,WS-a2f10ef43bc1,AOG,moderate_1m,19.28194014759465,70.09893825131232
2026-03-17,WS-a2f10ef43bc1,AOG,moderate_1m,19.1297244152651,68.48103527820135
2026-03-18,WS-a2f10ef43bc1,AOG,moderate_1m,19.018853662734973,67.30258862617472
2026-03-19,WS-a2f10ef43bc1,AOG,moderate_1m,19.51058976974191,72.5292580205713
2026-03-20,WS-a2f10ef43bc1,AOG,moderate_1m,20.87458822609118,87.02721512442963
2026-03-21,WS-a2f10ef43bc1,AOG,moderate_1m,20.661707080516617,84.76449869510112
2026-03-22,WS-a2f10ef43bc1,AOG,moderate_1m,20.538024339293006,83.44987325076823
2026-03-23,WS-a2f10ef43bc1,AOG,moderate_1m,20.29186665489687,80.83346006309348
2026-03-24,WS-a2f10ef43bc1,AOG,moderate_1m,20.031221571033097,78.06306012048462
2026-03-25,WS-a2f10ef43bc1,AOG,moderate_1m,19.772361502207993,75.31163312563822
2026-03-26,WS-a2f10ef43bc1,AOG,moderate_1m,19.61572282386648,73.6467186025834
2026-03-27,WS-a2f10ef43bc1,AOG,moderate_1m,21.124444262136297,89.68293813926171
2026-03-28,WS-a2f10ef43bc1,AOG,moderate_1m,21.006457750703785,88.42885799450794
2026-03-29,WS-a2f10ef43bc1,AOG,moderate_1m,20.76585629529475,85.87150203606919
2026-03-30,WS-a2f10ef43bc1,AOG,moderate_1m,20.528281486814663,83.34631634669496
2026-03-31,WS-a2f10ef43bc1,AOG,moderate_1m,20.29387702037668,80.85482826358786
2026-04-01,WS-a2f10ef43bc1,AOG,moderate_1m,20.047970421204585,78.24108386398291
2026-04-02,WS-a2f10ef43bc1,AOG,moderate_1m,19.802848735438335,75.6356823190456
2026-04-03,WS-a2f10ef43bc1,AOG,moderate_1m,19.600518456503664,73.4851111866869
2026-04-04,WS-a2f10ef43bc1,AOG,moderate_1m,19.45777200993484,71.96785737349553
2026-04-05,WS-a2f10ef43bc1,AOG,moderate_1m,19.314677895718443,70.44690819641474
2026-04-06,WS-a2f10ef43bc1,AOG,moderate_1m,19.45083986215111,71.89417548570582
2026-04-07,WS-a2f10ef43bc1,AOG,moderate_1m,19.564773320149158,73.10517567347064
2026-04-08,WS-a2f10ef43bc1,AOG,moderate_1m,19.40181432369106,71.37308240801295
2026-04-09,WS-a2f10ef43bc1,AOG,moderate_1m,19.178209416726844,68.9963829811997
2026-04-10,WS-a2f10ef43bc1,AOG,moderate_1m,19.758470837838846,75.16398907572706
2026-04-11,WS-a2f10ef43bc1,AOG,moderate_1m,19.576880702184187,73.23386519255828
2026-04-12,WS-a2f10ef43bc1,AOG,moderate_1m,19.448034023764105,71.86435219346833
2026-04-13,WS-a2f10ef43bc1,AOG,moderate_1m,19.272243432291706,69.99587173986866
2026-04-14,WS-a2f10ef43bc1,AOG,moderate_1m,19.12025150284575,68.38034757048072
2026-04-15,WS-a2f10ef43bc1,AOG,moderate_1m,18.974898305893035,66.83538657399293
2026-04-16,WS-a2f10ef43bc1,AOG,moderate_1m,18.832829166831004,65.32533187098674
2026-04-17,WS-a2f10ef43bc1,AOG,moderate_1m,18.68798819462633,63.785815317922
2026-04-18,WS-a2f10ef43bc1,AOG,moderate_1m,18.549481038411688,62.31362097633022
2026-04-19,WS-a2f10ef43bc1,AOG,moderate_1m,18.417023624192293,60.90572942007388
2026-04-20,WS-a2f10ef43bc1,AOG,moderate_1m,18.281981905928077,59.470369262947294
2026-04-21,WS-a2f10ef43bc1,AOG,moderate_1m,18.141954354498708,57.98201462109903
2026-04-22,WS-a2f10ef43bc1,AOG,moderate_1m,18.02401373304114,56.72842224147807
2026-04-23,WS-a2f10ef43bc1,AOG,moderate_1m,17.916414770082714,55.58475148281303
2026-04-24,WS-a2f10ef43bc1,AOG,moderate_1m,17.80844016639156,54.437088033977275
2026-04-25,WS-a2f10ef43bc1,AOG,moderate_1m,17.690233223067064,53.180664915813615
2026-04-26,WS-a2f10ef43bc1,AOG,moderate_1m,17.572319712514837,51.927360698353574
2026-04-27,WS-a2f10ef43bc1,AOG,moderate_1m,17.447675318796815,50.60251383731168
2026-04-28,WS-a2f10ef43bc1,AOG,moderate_1m,17.335478149792433,49.409968687551356
2026-04-29,WS-a2f10ef43bc1,AOG,moderate_1m,17.214614225536437,48.12530448495589
2026-04-30,WS-a2f10ef43bc1,AOG,moderate_1m,17.114519674715446,47.06139821924298
2026-05-01,WS-a2f10ef43bc1,AOG,moderate_1m,17.025256525068713,46.112619055667274
2026-05-02,WS-a2f10ef43bc1,AOG,moderate_1m,16.958905099820385,45.40736890486814
2026-05-03,WS-a2f10ef43bc1,AOG,moderate_1m,17.403029203324042,50.127969702774614
2026-05-04,WS-a2f10ef43bc1,AOG,moderate_1m,18.682245914959523,63.72478055362278
2026-05-05,WS-a2f10ef43bc1,AOG,moderate_1m,18.93011819654118,66.35941821679486
2026-05-06,WS-a2f10ef43bc1,AOG,moderate_1m,18.81640451833579,65.15075407126774
2026-05-07,WS-a2f10ef43bc1,AOG,moderate_1m,18.713998861426226,64.06228302926893
2026-05-08,WS-a2f10ef43bc1,AOG,moderate_1m,18.636959189312215,63.243427365316286
2026-05-09,WS-a2f10ef43bc1,AOG,moderate_1m,18.546522253171076,62.28217201002219
2026-05-10,WS-a2f10ef43bc1,AOG,moderate_1m,18.439795355072864,61.14777043995215
2026-05-11,WS-a2f10ef43bc1,AOG,moderate_1m,18.34341111416993,60.123301105992084
2026-05-12,WS-a2f10ef43bc1,AOG,moderate_1m,18.262405079370616,59.26228692213629
2026-05-13,WS-a2f10ef43bc1,AOG,moderate_1m,18.171706090431567,58.29824620428893
2026-05-14,WS-a2f10ef43bc1,AOG,moderate_1m,18.446281633519316,61.216713176831796
2026-05-15,WS-a2f10ef43bc1,AOG,moderate_1m,18.383173426137308,60.545935230370915
2026-05-16,WS-a2f10ef43bc1,AOG,moderate_1m,18.28219377493141,59.47262122130376
2026-05-17,WS-a2f10ef43bc1,AOG,moderate_1m,18.216792829635512,58.777473734121465
2026-05-18,WS-a2f10ef43bc1,AOG,moderate_1m,18.879220417867277,65.81842507383271
2026-05-19,WS-a2f10ef43bc1,AOG,moderate_1m,20.198158629616284,79.83743625934119
2026-05-20,WS-a2f10ef43bc1,AOG,moderate_1m,20.780822570825404,86.03057877082495
2026-05-21,WS-a2f10ef43bc1,AOG,moderate_1m,20.65309440034532,84.67295440698888
2026-05-22,WS-a2f10ef43bc1,AOG,moderate_1m,20.53513518223897,83.41916436334924
2026-05-23,WS-a2f10ef43bc1,AOG,moderate_1m,20.418922638667045,82.1839397457602
2026-05-24,WS-a2f10ef43bc1,AOG,moderate_1m,20.321234359101762,81.14560976811649
2026-05-25,WS-a2f10ef43bc1,AOG,moderate_1m,20.189613342246528,79.74660829018171
2026-05-26,WS-a2f10ef43bc1,AOG,moderate_1m,21.763326315398277,96.47362368549621
2026-05-27,WS-a2f10ef43bc1,AOG,moderate_1m,22.751773536247132,106.97984188580855
2026-05-28,WS-a2f10ef43bc1,AOG,moderate_1m,22.627227996655908,105.65604574654952
2026-05-29,WS-a2f10ef43bc1,AOG,moderate_1m,22.48003690557189,104.09154974974486
2026-05-30,WS-a2f10ef43bc1,AOG,moderate_1m,22.368385331790787,102.90480373861722
2026-05-31,WS-a2f10ef43bc1,AOG,moderate_1m,22.38318075818537,103.06206451571235
2026-06-01,WS-a2f10ef43bc1,AOG,moderate_1m,22.244321962492652,101.58613259359363
2026-06-02,WS-a2f10ef43bc1,AOG,moderate_1m,23.281592508583476,112.61129454470785
2026-06-03,WS-a2f10ef43bc1,AOG,moderate_1m,24.74607515002436,128.17729934194375
2026-06-04,WS-a2f10ef43bc1,AOG,moderate_1m,25.05579857057773,131.4693535553051
2026-06-05,WS-a2f10ef43bc1,AOG,moderate_1m,24.952853557295217,130.3751496874938
2026-06-06,WS-a2f10ef43bc1,AOG,moderate_1m,24.807040364271675,128.82529938686372
2026-06-07,WS-a2f10ef43bc1,AOG,moderate_1m,24.681553283501316,127.49149559432394
2026-06-08,WS-a2f10ef43bc1,AOG,moderate_1m,24.49810583217542,125.54163027904093
2026-06-09,WS-a2f10ef43bc1,AOG,moderate_1m,24.380689631193526,124.29361197138854
2026-06-10,WS-a2f10ef43bc1,AOG,moderate_1m,24.385531561428902,124.34507691002212
2026-06-11,WS-a2f10ef43bc1,AOG,moderate_1m,24.656384693526906,127.22397832836585
2026-06-12,WS-a2f10ef43bc1,AOG,moderate_1m,24.59625352221776,126.58484333654332
2026-06-13,WS-a2f10ef43bc1,AOG,moderate_1m,24.47907689544402,125.33937146622509
2026-06-14,WS-a2f10ef43bc1,AOG,moderate_1m,24.53882885319295,125.97447579224767
2026-06-15,WS-a2f10ef43bc1,AOG,moderate_1m,24.374867035697026,124.23172352910441
2026-06-16,WS-a2f10ef43bc1,AOG,moderate_1m,24.20894174666414,122.46810150178737
2026-06-17,WS-a2f10ef43bc1,AOG,moderate_1m,24.44610157171764,124.98887632699271
2026-06-18,WS-a2f10ef43bc1,AOG,moderate_1m,24.300589980275376,123.44223175344202
2026-06-19,WS-a2f10ef43bc1,AOG,moderate_1m,25.06679959897782,131.5862836274034
2026-06-20,WS-a2f10ef43bc1,AOG,moderate_1m,26.11492054408497,142.726774608962
2026-06-21,WS-a2f10ef43bc1,AOG,moderate_1m,26.23418424502444,143.9944300173821
2026-06-22,WS-a2f10ef43bc1,AOG,moderate_1m,26.313274995372918,144.8350866182211
2026-06-23,WS-a2f10ef43bc1,AOG,moderate_1m,26.151289628588952,143.11334207506937
2026-06-24,WS-a2f10ef43bc1,AOG,moderate_1m,25.96502075525589,141.13348782905018
2026-06-25,WS-a2f10ef43bc1,AOG,moderate_1m,25.78132875710737,139.18102322244997
2026-06-26,WS-a2f10ef43bc1,AOG,moderate_1m,25.60017798521505,137.25556934235175
2026-06-27,WS-a2f10ef43bc1,AOG,moderate_1m,25.446669645059398,135.62392722406238
2026-06-28,WS-a2f10ef43bc1,AOG,moderate_1m,25.341544632083792,134.50655211152588
2026-06-29,WS-a2f10ef43bc1,AOG,moderate_1m,25.23738404563873,133.39942790096404
2026-06-30,WS-a2f10ef43bc1,AOG,moderate_1m,25.680255762845913,138.10671706884688
2026-07-01,WS-a2f10ef43bc1,AOG,moderate_1m,26.93197036084441,151.4112076007692
2026-07-02,WS-a2f10ef43bc1,AOG,moderate_1m,29.199134935862904,175.50892897501444
2026-07-03,WS-a2f10ef43bc1,AOG,moderate_1m,29.258739070593396,176.14246208827623
2026-07-04,WS-a2f10ef43bc1,AOG,moderate_1m,29.08056097236886,174.2486047947568
2026-07-05,WS-a2f10ef43bc1,AOG,moderate_1m,28.855063766301274,171.8517920964801
2026-07-06,WS-a2f10ef43bc1,AOG,moderate_1m,28.615654344865018,169.30710628244157
2026-07-07,WS-a2f10ef43bc1,AOG,moderate_1m,28.364286898037296,166.63531846299736
2026-07-08,WS-a2f10ef43bc1,AOG,moderate_1m,28.16266146264768,164.49223912172803
2026-07-09,WS-a2f10ef43bc1,AOG,moderate_1m,27.971160201112337,162.45676975433216
2026-07-10,WS-a2f10ef43bc1,AOG,moderate_1m,27.759714929632377,160.20931524918922
2026-07-11,WS-a2f10ef43bc1,AOG,moderate_1m,27.558529829386675,158.07091623581772
2026-07-12,WS-a2f10ef43bc1,AOG,moderate_1m,28.190525551048825,164.78840687506928
2026-07-13,WS-a2f10ef43bc1,AOG,moderate_1m,28.30209819753132,165.97431396692664
2026-07-14,WS-a2f10ef43bc1,AOG,moderate_1m,28.285415553901753,165.79699393361244
2026-07-15,WS-a2f10ef43bc1,AOG,moderate_1m,28.21519463115573,165.05061484423277
2026-07-16,WS-a2f10ef43bc1,AOG,moderate_1m,27.97014672642379,162.44599751885633
2026-07-17,WS-a2f10ef43bc1,AOG,moderate_1m,27.730783613000373,159.90180391328082
2026-07-18,WS-a2f10ef43bc1,AOG,moderate_1m,27.46409637256186,157.0671818108685
2026-07-19,WS-a2f10ef43bc1,AOG,moderate_1m,27.19494562577987,154.20637506790433
2026-07-20,WS-a2f10ef43bc1,AOG,moderate_1m,26.93993401630893,151.49585339694076
2026-07-21,WS-a2f10ef43bc1,AOG,moderate_1m,26.69420244401022,148.88396936022008
2026-07-22,WS-a2f10ef43bc1,AOG,moderate_1m,26.47315688914011,146.53447331967263
2026-07-23,WS-a2f10ef43bc1,AOG,moderate_1m,26.363405244058132,145.36792167507974
2026-07-24,WS-a2f10ef43bc1,AOG,moderate_1m,26.154235411893865,143.14465284363595
2026-07-25,WS-a2f10ef43bc1,AOG,moderate_1m,25.94171092486897,140.88572734261072
2026-07-26,WS-a2f10ef43bc1,AOG,moderate_1m,25.732540226992295,138.66244930949864
2026-07-27,WS-a2f10ef43bc1,AOG,moderate_1m,25.51397338764102,136.3392995680232
2026-07-28,WS-a2f10ef43bc1,AOG,moderate_1m,25.31155269552003,134.1877674327464
2026-07-29,WS-a2f10ef43bc1,AOG,moderate_1m,25.31604069527219,134.23547043973
2026-07-30,WS-a2f10ef43bc1,AOG,moderate_1m,25.129035160315894,132.24778620786003
2026-07-31,WS-a2f10ef43bc1,AOG,moderate_1m,24.92057944078552,130.03210768876983
2026-08-01,WS-a2f10ef43bc1,AOG,moderate_1m,24.697756070005166,127.66371522008842
2026-08-02,WS-a2f10ef43bc1,AOG,moderate_1m,24.50237093561307,125.5869641182361
2026-08-03,WS-a2f10ef43bc1,AOG,moderate_1m,24.338913483132135,123.84957275731236
2026-08-04,WS-a2f10ef43bc1,AOG,moderate_1m,24.183387640756425,122.19648658202482
2026-08-05,WS-a2f10ef43bc1,AOG,moderate_1m,24.134044857112105,121.67202150119546
2026-08-06,WS-a2f10ef43bc1,AOG,moderate_1m,24.023972974232272,120.50206604493792
2026-08-07,WS-a2f10ef43bc1,AOG,moderate_1m,23.856099659896998,118.71773843167254
2026-08-08,WS-a2f10ef43bc1,AOG,moderate_1m,23.674406049945183,116.78651471887089
2026-08-09,WS-a2f10ef43bc1,AOG,moderate_1m,23.630381093345367,116.31857288996906
2026-08-10,WS-a2f10ef43bc1,AOG,moderate_1m,25.62965940333459,137.56892771403344
2026-08-11,WS-a2f10ef43bc1,AOG,moderate_1m,26.055075632522097,142.09068227565766
2026-08-12,WS-a2f10ef43bc1,AOG,moderate_1m,25.936713388932663,140.83260846898418
2026-08-13,WS-a2f10ef43bc1,AOG,moderate_1m,25.83820817115078,139.78559524454818
2026-08-14,WS-a2f10ef43bc1,AOG,moderate_1m,25.62427089644551,137.51165320513056
2026-08-15,WS-a2f10ef43bc1,AOG,moderate_1m,25.394926371093543,135.07394730078744
2026-08-16,WS-a2f10ef43bc1,AOG,moderate_1m,25.188200119231478,132.87665131574695
2026-08-17,WS-a2f10ef43bc1,AOG,moderate_1m,25.06824166226826,131.60161133663098
2026-08-18,WS-a2f10ef43bc1,AOG,moderate_1m,24.842728785799775,129.20463207746195
2026-08-19,WS-a2f10ef43bc1,AOG,moderate_1m,24.60949240487545,126.72555959027565
2026-08-20,WS-a2f10ef43bc1,AOG,moderate_1m,24.411821650492836,124.62451460420081
2026-08-21,WS-a2f10ef43bc1,AOG,moderate_1m,24.48887185720498,125.44348224053228
2026-08-22,WS-a2f10ef43bc1,AOG,moderate_1m,24.24519513077853,122.85343918696836
2026-08-23,WS-a2f10ef43bc1,AOG,moderate_1m,24.03467314572296,120.61579830508366
2026-08-24,WS-a2f10ef43bc1,AOG,moderate_1m,23.794852044347145,118.06673673968237
2026-08-25,WS-a2f10ef43bc1,AOG,moderate_1m,24.383028218595992,124.31846884691268
2026-08-26,WS-a2f10ef43bc1,AOG,moderate_1m,26.121545801431044,142.79719455434997
2026-08-27,WS-a2f10ef43bc1,AOG,moderate_1m,26.949072295514224,151.59298428393316
2026-08-28,WS-a2f10ef43bc1,AOG,moderate_1m,26.677703726696333,148.70860428207646
2026-08-29,WS-a2f10ef43bc1,AOG,moderate_1m,26.38202553392111,145.56583697508484
2026-08-30,WS-a2f10ef43bc1,AOG,moderate_1m,26.072602424457994,142.27697477215722
2026-08-31,WS-a2f10ef43bc1,AOG,moderate_1m,25.750628340565356,138.854708100886
2026-09-01,WS-a2f10ef43bc1,AOG,moderate_1m,25.464666438034545,135.8152153676421
2026-09-02,WS-a2f10ef43bc1,AOG,moderate_1m,25.181570098558446,132.80618074089557
2026-09-03,WS-a2f10ef43bc1,AOG,moderate_1m,25.361933699386313,134.72326776964385
2026-09-04,WS-a2f10ef43bc1,AOG,moderate_1m,25.143407847543276,132.40055368491971
2026-09-05,WS-a2f10ef43bc1,AOG,moderate_1m,25.02993472048065,131.1944463605773
2026-09-06,WS-a2f10ef43bc1,AOG,moderate_1m,25.285735395866098,133.91335502327638
2026-09-07,WS-a2f10ef43bc1,AOG,moderate_1m,25.01947468423543,131.08326650103854
2026-09-08,WS-a2f10ef43bc1,AOG,moderate_1m,24.701983590057182,127.70864958499514
2026-09-09,WS-a2f10ef43bc1,AOG,moderate_1m,24.494835694223756,125.50687194076993
2026-09-10,WS-a2f10ef43bc1,AOG,moderate_1m,24.193573936450676,122.304756849733
2026-09-11,WS-a2f10ef43bc1,AOG,moderate_1m,23.92799633148714,119.48192907702997
2026-09-12,WS-a2f10ef43bc1,AOG,moderate_1m,23.652137298296896,116.54981987170994
2026-09-13,WS-a2f10ef43bc1,AOG,moderate_1m,23.38304789811171,113.68966518251075
2026-09-14,WS-a2f10ef43bc1,AOG,moderate_1m,23.141382611492194,111.12100174847814
2026-09-15,WS-a2f10ef43bc1,AOG,moderate_1m,22.92964945080428,108.87048726524789
2026-09-16,WS-a2f10ef43bc1,AOG,moderate_1m,22.63841394686298,105.77494135490825
2026-09-17,WS-a2f10ef43bc1,AOG,moderate_1m,22.37483036794165,102.9733081106076
2026-09-18,WS-a2f10ef43bc1,AOG,moderate_1m,22.09465567880076,99.99532774278279
2026-09-19,WS-a2f10ef43bc1,AOG,moderate_1m,21.80427093080029,96.90882452826044
2026-09-20,WS-a2f10ef43bc1,AOG,moderate_1m,21.509538754858713,93.77611244633881
2026-09-21,WS-a2f10ef43bc1,AOG,moderate_1m,21.198573608417572,90.47085991257477
2026-09-22,WS-a2f10ef43bc1,AOG,moderate_1m,20.997979337701747,88.33874083386145
2026-09-23,WS-a2f10ef43bc1,AOG,moderate_1m,20.769756544029807,85.91295782994636
2026-09-24,WS-a2f10ef43bc1,AOG,moderate_1m,20.52026676113118,83.26112772451035
2026-09-25,WS-a2f10ef43bc1,AOG,moderate_1m,20.297537928913403,80.89374010742429
2026-09-26,WS-a2f10ef43bc1,AOG,moderate_1m,20.029291217864564,78.04254237187396
2026-09-27,WS-a2f10ef43bc1,AOG,moderate_1m,19.881264950007022,76.46916927042133
2026-09-28,WS-a2f10ef43bc1,AOG,moderate_1m,19.680206094305827,74.3321121119341
2025-03-01,WS-a84d3fd5d4ca,AOR,moderate_1m,15.594828788173649,49.35120734221171
2025-03-02,WS-a84d3fd5d4ca,AOR,moderate_1m,15.375189661050127,47.016660240238785
2025-03-03,WS-a84d3fd5d4ca,AOR,moderate_1m,15.196359943198951,45.115876873342124
2025-03-04,WS-a84d3fd5d4ca,AOR,moderate_1m,15.024759929700691,43.29193812682917
2025-03-05,WS-a84d3fd5d4ca,AOR,moderate_1m,14.854095289385254,41.477941473885
2025-03-06,WS-a84d3fd5d4ca,AOR,moderate_1m,14.707833416006773,39.923322144001965
2025-03-07,WS-a84d3fd5d4ca,AOR,moderate_1m,14.587348604443653,38.642687535086175
2025-03-08,WS-a84d3fd5d4ca,AOR,moderate_1m,14.456442036148372,37.251279940067406
2025-03-09,WS-a84d3fd5d4ca,AOR,moderate_1m,14.325084456765824,35.85507854241187
2025-03-10,WS-a84d3fd5d4ca,AOR,moderate_1m,14.210249227862684,34.634493420119625
2025-03-11,WS-a84d3fd5d4ca,AOR,moderate_1m,14.702938177363817,39.871290589619804
2025-03-12,WS-a84d3fd5d4ca,AOR,moderate_1m,14.578925187655406,38.55315492990219
2025-03-13,WS-a84d3fd5d4ca,AOR,moderate_1m,14.428723372936384,36.95665791292867
2025-03-14,WS-a84d3fd5d4ca,AOR,moderate_1m,14.279617739433176,35.37181222017111
2025-03-15,WS-a84d3fd5d4ca,AOR,moderate_1m,14.130367679619413,33.785431418304455
2025-03-16,WS-a84d3fd5d4ca,AOR,moderate_1m,14.01279292396899,32.535727831044696
2025-03-17,WS-a84d3fd5d4ca,AOR,moderate_1m,13.905610958370252,31.396489342669284
2025-03-18,WS-a84d3fd5d4ca,AOR,moderate_1m,13.797800773779587,30.250573506563477
2025-03-19,WS-a84d3fd5d4ca,AOR,moderate_1m,13.688333497649042,29.087044423206155
2025-03-20,WS-a84d3fd5d4ca,AOR,moderate_1m,13.643348994986722,28.608903566887086
2025-03-21,WS-a84d3fd5d4ca,AOR,moderate_1m,13.868995623231251,31.007304475400854
2025-03-22,WS-a84d3fd5d4ca,AOR,moderate_1m,14.243183283329193,34.98454991848805
2025-03-23,WS-a84d3fd5d4ca,AOR,moderate_1m,14.139219986963047,33.87952270670785
2025-03-24,WS-a84d3fd5d4ca,AOR,moderate_1m,14.016620689250503,32.576413197363635
2025-03-25,WS-a84d3fd5d4ca,AOR,moderate_1m,13.912286240172739,31.4674409986467
2025-03-26,WS-a84d3fd5d4ca,AOR,moderate_1m,13.804232419707871,30.31893555370613
2025-03-27,WS-a84d3fd5d4ca,AOR,moderate_1m,13.715535042782525,29.376169995649576
2025-03-28,WS-a84d3fd5d4ca,AOR,moderate_1m,13.65642002947268,28.747835760247266
2025-03-29,WS-a84d3fd5d4ca,AOR,moderate_1m,14.77057429988715,40.59019580424821
2025-03-30,WS-a84d3fd5d4ca,AOR,moderate_1m,15.643445052182821,49.86795023651183
2025-03-31,WS-a84d3fd5d4ca,AOR,moderate_1m,15.710928335825242,50.585230924712846
2025-04-01,WS-a84d3fd5d4ca,AOR,moderate_1m,15.551253690556775,48.888047070214974
2025-04-02,WS-a84d3fd5d4ca,AOR,moderate_1m,15.412751388533023,47.41590432388048
2025-04-03,WS-a84d3fd5d4ca,AOR,moderate_1m,15.28280227551121,46.03467353325543
2025-04-04,WS-a84d3fd5d4ca,AOR,moderate_1m,15.158766030543402,44.716290693087124
2025-04-05,WS-a84d3fd5d4ca,AOR,moderate_1m,15.01968347726975,43.23798044876807
2025-04-06,WS-a84d3fd5d4ca,AOR,moderate_1m,14.911175426194783,42.08464698084122
2025-04-07,WS-a84d3fd5d4ca,AOR,moderate_1m,14.795837279111462,40.85871633475529
2025-04-08,WS-a84d3fd5d4ca,AOR,moderate_1m,14.687635415394114,39.708637336183486
2025-04-09,WS-a84d3fd5d4ca,AOR,moderate_1m,14.565963416872828,38.41538410184799
2025-04-10,WS-a84d3fd5d4ca,AOR,moderate_1m,14.467782612912506,37.371819076086275
2025-04-11,WS-a84d3fd5d4ca,AOR,moderate_1m,14.35499799636902,36.17302993889104
2025-04-12,WS-a84d3fd5d4ca,AOR,moderate_1m,14.250846287200732,35.066000085018025
2025-04-13,WS-a84d3fd5d4ca,AOR,moderate_1m,14.154743604498636,34.04452343678938
2025-04-14,WS-a84d3fd5d4ca,AOR,moderate_1m,14.066160380326702,33.10297120981435
2025-04-15,WS-a84d3fd5d4ca,AOR,moderate_1m,13.989205934214121,32.28502141412505
2025-04-16,WS-a84d3fd5d4ca,AOR,moderate_1m,13.908184926382562,31.423848081717328
2025-04-17,WS-a84d3fd5d4ca,AOR,moderate_1m,13.824968437157706,30.53933894939413
2025-04-18,WS-a84d3fd5d4ca,AOR,moderate_1m,13.744094300928188,29.67972671713004
2025-04-19,WS-a84d3fd5d4ca,AOR,moderate_1m,13.662753362341926,28.815152836623234
2025-04-20,WS-a84d3fd5d4ca,AOR,moderate_1m,13.590440177422613,28.046535065742777
2025-04-21,WS-a84d3fd5d4ca,AOR,moderate_1m,13.916301948216612,31.510124010999586
2025-04-22,WS-a84d3fd5d4ca,AOR,moderate_1m,14.015920409749947,32.568969917561844
2025-04-23,WS-a84d3fd5d4ca,AOR,moderate_1m,13.96146114477036,31.990121690933393
2025-04-24,WS-a84d3fd5d4ca,AOR,moderate_1m,13.931281051404019,31.66933709108368
2025-04-25,WS-a84d3fd5d4ca,AOR,moderate_1m,13.870831405291385,31.0268170264862
2025-04-26,WS-a84d3fd5d4ca,AOR,moderate_1m,13.830894930082296,30.602331718775254
2025-04-27,WS-a84d3fd5d4ca,AOR,moderate_1m,13.89378162477629,31.270755204031403
2025-04-28,WS-a84d3fd5d4ca,AOR,moderate_1m,13.842346776342376,30.724053539695046
2025-04-29,WS-a84d3fd5d4ca,AOR,moderate_1m,13.795060456189118,30.221446635713544
2025-04-30,WS-a84d3fd5d4ca,AOR,moderate_1m,14.720249696120488,40.055294944733674
2025-05-01,WS-a84d3fd5d4ca,AOR,moderate_1m,14.645644247158922,39.26231266991947
2025-05-02,WS-a84d3fd5d4ca,AOR,moderate_1m,14.558000103871906,38.330741945726366
2025-05-03,WS-a84d3fd5d4ca,AOR,moderate_1m,14.477749702455332,37.47775939879674
2025-05-04,WS-a84d3fd5d4ca,AOR,moderate_1m,14.401017119268518,36.662167786993756
2025-05-05,WS-a84d3fd5d4ca,AOR,moderate_1m,14.33273157820767,35.93635989439271
2025-05-06,WS-a84d3fd5d4ca,AOR,moderate_1m,14.257494127519683,35.13666006511465
2025-05-07,WS-a84d3fd5d4ca,AOR,moderate_1m,14.182307155444397,34.337496773659
2025-05-08,WS-a84d3fd5d4ca,AOR,moderate_1m,14.113590862601017,33.60711041483132
2025-05-09,WS-a84d3fd5d4ca,AOR,moderate_1m,14.046336220944754,32.89225996523657
2025-05-10,WS-a84d3fd5d4ca,AOR,moderate_1m,13.988112514904719,32.27339944624785
2025-05-11,WS-a84d3fd5d4ca,AOR,moderate_1m,13.935458700226041,31.713741374046574
2025-05-12,WS-a84d3fd5d4ca,AOR,moderate_1m,13.95016554973976,31.87006066633774
2025-05-13,WS-a84d3fd5d4ca,AOR,moderate_1m,13.902588285267369,31.36436131145297
2025-05-14,WS-a84d3fd5d4ca,AOR,moderate_1m,14.235381932412428,34.901629259438245
2025-05-15,WS-a84d3fd5d4ca,AOR,moderate_1m,14.17037550257629,34.21067508214263
2025-05-16,WS-a84d3fd5d4ca,AOR,moderate_1m,14.123806099050986,33.7156882942036
2025-05-17,WS-a84d3fd5d4ca,AOR,moderate_1m,14.07503171550801,33.19726474534867
2025-05-18,WS-a84d3fd5d4ca,AOR,moderate_1m,14.011665598939414,32.52374547883247
2025-05-19,WS-a84d3fd5d4ca,AOR,moderate_1m,13.986338533010874,32.254543769923416
2025-05-20,WS-a84d3fd5d4ca,AOR,moderate_1m,13.935206084953817,31.711056323074946
2025-05-21,WS-a84d3fd5d4ca,AOR,moderate_1m,13.892262651714207,31.254610019853597
2025-05-22,WS-a84d3fd5d4ca,AOR,moderate_1m,14.128318742178484,33.763653235940104
2025-05-23,WS-a84d3fd5d4ca,AOR,moderate_1m,18.50772425817705,80.31241068929137
2025-05-24,WS-a84d3fd5d4ca,AOR,moderate_1m,18.8440583189887,83.88730973959152
2025-05-25,WS-a84d3fd5d4ca,AOR,moderate_1m,18.69944329203218,82.35019476147004
2025-05-26,WS-a84d3fd5d4ca,AOR,moderate_1m,18.606952385706713,81.36710773071745
2025-05-27,WS-a84d3fd5d4ca,AOR,moderate_1m,18.989475239112075,85.43294805047832
2025-05-28,WS-a84d3fd5d4ca,AOR,moderate_1m,18.873865155106742,84.20412698335706
2025-05-29,WS-a84d3fd5d4ca,AOR,moderate_1m,18.752052296073572,82.90937654083238
2025-05-30,WS-a84d3fd5d4ca,AOR,moderate_1m,18.620617809830108,81.51235769916478
2025-05-31,WS-a84d3fd5d4ca,AOR,moderate_1m,18.498931973062383,80.2189573779303
2025-06-01,WS-a84d3fd5d4ca,AOR,moderate_1m,18.397713088726135,79.14310055684923
2025-06-02,WS-a84d3fd5d4ca,AOR,moderate_1m,18.301509202006862,78.12054820982274
2025-06-03,WS-a84d3fd5d4ca,AOR,moderate_1m,18.184886832761336,76.88096754988761
2025-06-04,WS-a84d3fd5d4ca,AOR,moderate_1m,18.05945609763127,75.5477626558819
2025-06-05,WS-a84d3fd5d4ca,AOR,moderate_1m,17.946674514884776,74.34900576495386
2025-06-06,WS-a84d3fd5d4ca,AOR,moderate_1m,17.870041968640024,73.53447744709229
2025-06-07,WS-a84d3fd5d4ca,AOR,moderate_1m,17.981504961153846,74.71921902550892
2025-06-08,WS-a84d3fd5d4ca,AOR,moderate_1m,18.955971655855492,85.0768380339175
2025-06-09,WS-a84d3fd5d4ca,AOR,moderate_1m,19.75664084017071,93.58716107317674
2025-06-10,WS-a84d3fd5d4ca,AOR,moderate_1m,19.642879203604615,92.377987177618
2025-06-11,WS-a84d3fd5d4ca,AOR,moderate_1m,19.513510864868387,91.00292944433046
2025-06-12,WS-a84d3fd5d4ca,AOR,moderate_1m,19.407096127220427,89.87184583169379
2025-06-13,WS-a84d3fd5d4ca,AOR,moderate_1m,19.306157343794446,88.798966206784
2025-06-14,WS-a84d3fd5d4ca,AOR,moderate_1m,19.19517767594038,87.61936189238091
2025-06-15,WS-a84d3fd5d4ca,AOR,moderate_1m,19.211323786220547,87.79097910583624
2025-06-16,WS-a84d3fd5d4ca,AOR,moderate_1m,19.46004497482138,90.43463981261363
2025-06-17,WS-a84d3fd5d4ca,AOR,moderate_1m,19.39565768338627,89.75026646533112
2025-06-18,WS-a84d3fd5d4ca,AOR,moderate_1m,19.278264661904345,88.50249453288149
2025-06-19,WS-a84d3fd5d4ca,AOR,moderate_1m,19.166593754547748,87.31554302493174
2025-06-20,WS-a84d3fd5d4ca,AOR,moderate_1m,19.056420521946876,86.14451032118815
2025-06-21,WS-a84d3fd5d4ca,AOR,moderate_1m,18.9318006313528,84.81992390416522
2025-06-22,WS-a84d3fd5d4ca,AOR,moderate_1m,18.81693663242266,83.59903298488669
2025-06-23,WS-a84d3fd5d4ca,AOR,moderate_1m,18.743943142485236,82.82318424323478
2025-06-24,WS-a84d3fd5d4ca,AOR,moderate_1m,20.19821824547089,98.28069298318339
2025-06-25,WS-a84d3fd5d4ca,AOR,moderate_1m,20.790383244255892,104.5748223576179
2025-06-26,WS-a84d3fd5d4ca,AOR,moderate_1m,21.460734583194046,111.69999534531424
2025-06-27,WS-a84d3fd5d4ca,AOR,moderate_1m,21.304307242913467,110.03732713722225
2025-06-28,WS-a84d3fd5d4ca,AOR,moderate_1m,21.145123104330786,108.34535688458477
2025-06-29,WS-a84d3fd5d4ca,AOR,moderate_1m,21.003407772341973,106.83906280150207
2025-06-30,WS-a84d3fd5d4ca,AOR,moderate_1m,20.873537537000793,105.45867040275708
2025-07-01,WS-a84d3fd5d4ca,AOR,moderate_1m,20.764839830106105,104.30332108068767
2025-07-02,WS-a84d3fd5d4ca,AOR,moderate_1m,21.19703108019732,108.89708742647655
2025-07-03,WS-a84d3fd5d4ca,AOR,moderate_1m,21.028611342276854,107.10695186990914
2025-07-04,WS-a84d3fd5d4ca,AOR,moderate_1m,21.263432139342463,109.60286513660216
2025-07-05,WS-a84d3fd5d4ca,AOR,moderate_1m,21.155528114180477,108.45595186785901
2025-07-06,WS-a84d3fd5d4ca,AOR,moderate_1m,21.04374106791777,107.26776591798524
2025-07-07,WS-a84d3fd5d4ca,AOR,moderate_1m,21.91407643330224,116.51857169021986
2025-07-08,WS-a84d3fd5d4ca,AOR,moderate_1m,21.787116125743836,115.16910895123634
2025-07-09,WS-a84d3fd5d4ca,AOR,moderate_1m,21.645752762705378,113.66655595064562
2025-07-10,WS-a84d3fd5d4ca,AOR,moderate_1m,22.02726538897796,117.72165855324259
2025-07-11,WS-a84d3fd5d4ca,AOR,moderate_1m,22.544432187858753,123.21863109805133
2025-07-12,WS-a84d3fd5d4ca,AOR,moderate_1m,22.38962720501805,121.57320694801602
2025-07-13,WS-a84d3fd5d4ca,AOR,moderate_1m,22.241846603208998,120.00244503414669
2025-07-14,WS-a84d3fd5d4ca,AOR,moderate_1m,22.171855143612447,119.25850491152868
2025-07-15,WS-a84d3fd5d4ca,AOR,moderate_1m,22.037910989160395,117.83481077425236
2025-07-16,WS-a84d3fd5d4ca,AOR,moderate_1m,21.865809843028096,116.00554548253851
2025-07-17,WS-a84d3fd5d4ca,AOR,moderate_1m,21.697991855179076,114.2218059352059
2025-07-18,WS-a84d3fd5d4ca,AOR,moderate_1m,21.516918434930872,112.29717422672601
2025-07-19,WS-a84d3fd5d4ca,AOR,moderate_1m,21.33889609274363,110.40497246612657
2025-07-20,WS-a84d3fd5d4ca,AOR,moderate_1m,21.163873418104856,108.54465421041022
2025-07-21,WS-a84d3fd5d4ca,AOR,moderate_1m,21.00183237982445,106.82231793420813
2025-07-22,WS-a84d3fd5d4ca,AOR,moderate_1m,20.867045838127417,105.38967005209011
2025-07-23,WS-a84d3fd5d4ca,AOR,moderate_1m,22.37551740902505,121.42323374526167
2025-07-24,WS-a84d3fd5d4ca,AOR,moderate_1m,22.214741582585766,119.7143454219619
2025-07-25,WS-a84d3fd5d4ca,AOR,moderate_1m,22.06368810496989,118.10879606912393
2025-07-26,WS-a84d3fd5d4ca,AOR,moderate_1m,23.22571106065348,130.45995298339938
2025-07-27,WS-a84d3fd5d4ca,AOR,moderate_1m,24.13617375129939,140.13727261100155
2025-07-28,WS-a84d3fd5d4ca,AOR,moderate_1m,24.68089964930354,145.92717117420244
2025-07-29,WS-a84d3fd5d4ca,AOR,moderate_1m,25.071926509533192,150.08340069167505
2025-07-30,WS-a84d3fd5d4ca,AOR,moderate_1m,24.938246085483186,148.66250974822793
2025-07-31,WS-a84d3fd5d4ca,AOR,moderate_1m,24.66135302305978,145.71940983291353
2025-08-01,WS-a84d3fd5d4ca,AOR,moderate_1m,24.45054984078962,143.47878010222482
2025-08-02,WS-a84d3fd5d4ca,AOR,moderate_1m,24.388641267161162,142.82075307833165
2025-08-03,WS-a84d3fd5d4ca,AOR,moderate_1m,24.122628835617725,139.99330352832843
2025-08-04,WS-a84d3fd5d4ca,AOR,moderate_1m,23.868352319499934,137.29059517405275
2025-08-05,WS-a84d3fd5d4ca,AOR,moderate_1m,23.771641601981152,136.26265571595147
2025-08-06,WS-a84d3fd5d4ca,AOR,moderate_1m,23.533367816122023,133.7300405870418
2025-08-07,WS-a84d3fd5d4ca,AOR,moderate_1m,23.333728738696806,131.6080742700774
2025-08-08,WS-a84d3fd5d4ca,AOR,moderate_1m,23.119011130024198,129.32583805090286
2025-08-09,WS-a84d3fd5d4ca,AOR,moderate_1m,22.919970239333708,127.21022986842141
2025-08-10,WS-a84d3fd5d4ca,AOR,moderate_1m,22.70066995567131,124.87928433794694
2025-08-11,WS-a84d3fd5d4ca,AOR,moderate_1m,22.485388036071008,122.5910500506772
2025-08-12,WS-a84d3fd5d4ca,AOR,moderate_1m,22.262720063186144,120.22430930822199
2025-08-13,WS-a84d3fd5d4ca,AOR,moderate_1m,22.094355070116848,118.43475563538037
2025-08-14,WS-a84d3fd5d4ca,AOR,moderate_1m,21.919987268465682,116.58139803305674
2025-08-15,WS-a84d3fd5d4ca,AOR,moderate_1m,21.73517323662366,114.61700731592332
2025-08-16,WS-a84d3fd5d4ca,AOR,moderate_1m,21.565290121790433,112.81131750736297
2025-08-17,WS-a84d3fd5d4ca,AOR,moderate_1m,21.451200503825277,111.59865749330291
2025-08-18,WS-a84d3fd5d4ca,AOR,moderate_1m,21.238183750973363,109.33449969248248
2025-08-19,WS-a84d3fd5d4ca,AOR,moderate_1m,21.03454152470089,107.16998385502721
2025-08-20,WS-a84d3fd5d4ca,AOR,moderate_1m,20.940067134877083,106.16581435270629
2025-08-21,WS-a84d3fd5d4ca,AOR,moderate_1m,20.900558677107163,105.74587844785128
2025-08-22,WS-a84d3fd5d4ca,AOR,moderate_1m,20.739890211951867,104.0381312690174
2025-08-23,WS-a84d3fd5d4ca,AOR,moderate_1m,20.541304804264172,101.9273644212203
2025-08-24,WS-a84d3fd5d4ca,AOR,moderate_1m,20.309064802518556,99.45888246111627
2025-08-25,WS-a84d3fd5d4ca,AOR,moderate_1m,20.091641938357753,97.14789204662696
2025-08-26,WS-a84d3fd5d4ca,AOR,moderate_1m,19.897229309999986,95.08147772389881
2025-08-27,WS-a84d3fd5d4ca,AOR,moderate_1m,21.02798679823475,107.10031358326755
2025-08-28,WS-a84d3fd5d4ca,AOR,moderate_1m,21.694554077700346,114.18526575424946
2025-08-29,WS-a84d3fd5d4ca,AOR,moderate_1m,22.394850573813407,121.62872620200065
2025-08-30,WS-a84d3fd5d4ca,AOR,moderate_1m,23.489984755917213,133.26892148316335
2025-08-31,WS-a84d3fd5d4ca,AOR,moderate_1m,23.217127766386177,130.368721038438
2025-09-01,WS-a84d3fd5d4ca,AOR,moderate_1m,22.950208695115293,127.53163480313205
2025-09-02,WS-a84d3fd5d4ca,AOR,moderate_1m,22.712673186154035,125.00686682884808
2025-09-03,WS-a84d3fd5d4ca,AOR,moderate_1m,22.422069840124742,121.91804013307093
2025-09-04,WS-a84d3fd5d4ca,AOR,moderate_1m,22.087938467907698,118.36655348812158
2025-09-05,WS-a84d3fd5d4ca,AOR,moderate_1m,21.829182342326938,115.61623130735377
2025-09-06,WS-a84d3fd5d4ca,AOR,moderate_1m,21.5443802158103,112.58906584825402
2025-09-07,WS-a84d3fd5d4ca,AOR,moderate_1m,21.29825401205482,109.97298726871294
2025-09-08,WS-a84d3fd5d4ca,AOR,moderate_1m,21.342774811515326,110.44619941774677
2025-09-09,WS-a84d3fd5d4ca,AOR,moderate_1m,21.003238778637538,106.83726656524804
2025-09-10,WS-a84d3fd5d4ca,AOR,moderate_1m,21.301560808301858,110.00813524847611
2025-09-11,WS-a84d3fd5d4ca,AOR,moderate_1m,24.550772598263812,144.54404907810056
2025-09-12,WS-a84d3fd5d4ca,AOR,moderate_1m,24.29164460548173,141.7897743160758
2025-09-13,WS-a84d3fd5d4ca,AOR,moderate_1m,23.988236604200225,138.5648467752339
2025-09-14,WS-a84d3fd5d4ca,AOR,moderate_1m,23.698133047329783,135.4813323448426
2025-09-15,WS-a84d3fd5d4ca,AOR,moderate_1m,23.34561311100292,131.73439341589335
2025-09-16,WS-a84d3fd5d4ca,AOR,moderate_1m,23.07589793956516,128.86758739601675
2025-09-17,WS-a84d3fd5d4ca,AOR,moderate_1m,23.194429605880025,130.12746199901392
2025-09-18,WS-a84d3fd5d4ca,AOR,moderate_1m,22.86786770020602,126.656431311129
2025-09-19,WS-a84d3fd5d4ca,AOR,moderate_1m,22.596842692521804,123.77570302497287
2025-09-20,WS-a84d3fd5d4ca,AOR,moderate_1m,23.362254800880407,131.911278151251
2025-09-21,WS-a84d3fd5d4ca,AOR,moderate_1m,23.079985240586588,128.91103137104722
2025-09-22,WS-a84d3fd5d4ca,AOR,moderate_1m,22.732646179853568,125.21916003529826
2025-09-23,WS-a84d3fd5d4ca,AOR,moderate_1m,22.94017407562781,127.42497670377287
2025-09-24,WS-a84d3fd5d4ca,AOR,moderate_1m,22.667504500677715,124.52676829103443
2025-09-25,WS-a84d3fd5d4ca,AOR,moderate_1m,22.33773328854771,121.02162584362685
2025-09-26,WS-a84d3fd5d4ca,AOR,moderate_1m,21.933351414041738,116.72344570795657
2025-09-27,WS-a84d3fd5d4ca,AOR,moderate_1m,21.51636034008338,112.29124222942708
2025-09-28,WS-a84d3fd5d4ca,AOR,moderate_1m,21.193044189277586,108.85471071170615
2025-09-29,WS-a84d3fd5d4ca,AOR,moderate_1m,20.879622720553613,105.523349896863
2025-09-30,WS-a84d3fd5d4ca,AOR,moderate_1m,20.595299642468227,102.5012762496892
2025-10-01,WS-a84d3fd5d4ca,AOR,moderate_1m,20.285960482030177,99.2133063420268
2025-10-02,WS-a84d3fd5d4ca,AOR,moderate_1m,20.05073438199971,96.71308510491684
2025-10-03,WS-a84d3fd5d4ca,AOR,moderate_1m,19.913558374491927,95.2550395600199
2025-10-04,WS-a84d3fd5d4ca,AOR,moderate_1m,19.64809813864435,92.43345930515723
2025-10-05,WS-a84d3fd5d4ca,AOR,moderate_1m,19.364871000209,89.42303441459354
2025-10-06,WS-a84d3fd5d4ca,AOR,moderate_1m,19.107398460888177,86.68635548866158
2025-10-07,WS-a84d3fd5d4ca,AOR,moderate_1m,18.93050797405766,84.80618423317982
2025-10-08,WS-a84d3fd5d4ca,AOR,moderate_1m,18.670651715701176,82.04416872701506
2025-10-09,WS-a84d3fd5d4ca,AOR,moderate_1m,19.69340621263025,92.91503940522867
2025-10-10,WS-a84d3fd5d4ca,AOR,moderate_1m,19.576912984430507,91.6768313871271
2025-10-11,WS-a84d3fd5d4ca,AOR,moderate_1m,19.21550635467635,87.83543567964975
2025-10-12,WS-a84d3fd5d4ca,AOR,moderate_1m,18.970723342890366,85.23363390479668
2025-10-13,WS-a84d3fd5d4ca,AOR,moderate_1m,18.67410662796736,82.08089103384727
2025-10-14,WS-a84d3fd5d4ca,AOR,moderate_1m,18.411221193222147,79.28667837295748
2025-10-15,WS-a84d3fd5d4ca,AOR,moderate_1m,18.135300139540306,76.35390995103604
2025-10-16,WS-a84d3fd5d4ca,AOR,moderate_1m,17.841356436447455,73.22957855714611
2025-10-17,WS-a84d3fd5d4ca,AOR,moderate_1m,17.579745922614066,70.44891704699582
2025-10-18,WS-a84d3fd5d4ca,AOR,moderate_1m,17.32806924017504,67.77384235826902
2025-10-19,WS-a84d3fd5d4ca,AOR,moderate_1m,17.10474168756658,65.4000909344639
2025-10-20,WS-a84d3fd5d4ca,AOR,moderate_1m,16.795542186193508,62.11360546479607
2025-10-21,WS-a84d3fd5d4ca,AOR,moderate_1m,16.762625267350252,61.76373111181621
2025-10-22,WS-a84d3fd5d4ca,AOR,moderate_1m,16.869767311895885,62.90254527880564
2025-10-23,WS-a84d3fd5d4ca,AOR,moderate_1m,16.786621633365392,62.018788794261965
2025-10-24,WS-a84d3fd5d4ca,AOR,moderate_1m,16.73659583882494,61.48706398184896
2025-10-25,WS-a84d3fd5d4ca,AOR,moderate_1m,16.553875241580634,59.54492440793075
2025-10-26,WS-a84d3fd5d4ca,AOR,moderate_1m,16.440217364943983,58.336853377994125
2025-10-27,WS-a84d3fd5d4ca,AOR,moderate_1m,17.35431815961698,68.05284246000704
2025-10-28,WS-a84d3fd5d4ca,AOR,moderate_1m,17.398532432192958,68.52279653084996
2025-10-29,WS-a84d3fd5d4ca,AOR,moderate_1m,17.242404247418413,66.86330805047218
2025-10-30,WS-a84d3fd5d4ca,AOR,moderate_1m,17.069690810836555,65.0275347157093
2025-10-31,WS-a84d3fd5d4ca,AOR,moderate_1m,16.888469693487252,63.10133313284573
2025-11-01,WS-a84d3fd5d4ca,AOR,moderate_1m,17.00337357893136,64.3226480063933
2025-11-02,WS-a84d3fd5d4ca,AOR,moderate_1m,16.740884307172777,61.53264616697447
2025-11-03,WS-a84d3fd5d4ca,AOR,moderate_1m,16.555184598825186,59.55884158289288
2025-11-04,WS-a84d3fd5d4ca,AOR,moderate_1m,16.663329587824023,60.70831605935149
2025-11-05,WS-a84d3fd5d4ca,AOR,moderate_1m,17.707065161988353,71.80219487685848
2025-11-06,WS-a84d3fd5d4ca,AOR,moderate_1m,17.44391743562644,69.00519431500742
2025-11-07,WS-a84d3fd5d4ca,AOR,moderate_1m,17.168697505151826,66.0798781406568
2025-11-08,WS-a84d3fd5d4ca,AOR,moderate_1m,16.929575286013517,63.538245003530335
2025-11-09,WS-a84d3fd5d4ca,AOR,moderate_1m,16.7055231171939,61.15679162471394
2025-11-10,WS-a84d3fd5d4ca,AOR,moderate_1m,16.492694849808096,58.89463723833263
2025-11-11,WS-a84d3fd5d4ca,AOR,moderate_1m,16.295904204840568,56.8029469465298
2025-11-12,WS-a84d3fd5d4ca,AOR,moderate_1m,16.151019244768477,55.26296284585752
2025-11-13,WS-a84d3fd5d4ca,AOR,moderate_1m,15.917839206977638,52.784489230560396
2025-11-14,WS-a84d3fd5d4ca,AOR,moderate_1m,15.6731626702404,50.183819180367365
2025-11-15,WS-a84d3fd5d4ca,AOR,moderate_1m,15.879845619442383,52.380654900877914
2025-11-16,WS-a84d3fd5d4ca,AOR,moderate_1m,15.753623866457323,51.03904226793618
2025-11-17,WS-a84d3fd5d4ca,AOR,moderate_1m,15.626912125161928,49.69222154295331
2025-11-18,WS-a84d3fd5d4ca,AOR,moderate_1m,15.42622389037267,47.55910371889713
2025-11-19,WS-a84d3fd5d4ca,AOR,moderate_1m,15.223352117655358,45.402777042170925
2025-11-20,WS-a84d3fd5d4ca,AOR,moderate_1m,15.019187372888341,43.232707348928955
2025-11-21,WS-a84d3fd5d4ca,AOR,moderate_1m,14.92068228461106,42.18569550099904
2025-11-22,WS-a84d3fd5d4ca,AOR,moderate_1m,14.834310595341181,41.267649706890154
2025-11-23,WS-a84d3fd5d4ca,AOR,moderate_1m,16.35578736376099,57.43944581148852
2025-11-24,WS-a84d3fd5d4ca,AOR,moderate_1m,16.251747108374957,56.333600601298016
2025-11-25,WS-a84d3fd5d4ca,AOR,moderate_1m,16.02185971636486,53.89012456027612
2025-11-26,WS-a84d3fd5d4ca,AOR,moderate_1m,16.009059027793025,53.75406587710793
2025-11-27,WS-a84d3fd5d4ca,AOR,moderate_1m,15.737530530861273,50.867985997275845
2025-11-28,WS-a84d3fd5d4ca,AOR,moderate_1m,15.513491732672241,48.486674735063644
2025-11-29,WS-a84d3fd5d4ca,AOR,moderate_1m,15.340274514419184,46.645546698449934
2025-11-30,WS-a84d3fd5d4ca,AOR,moderate_1m,15.422620785731452,47.520806273408134
2025-12-01,WS-a84d3fd5d4ca,AOR,moderate_1m,15.341025905892563,46.653533248067
2025-12-02,WS-a84d3fd5d4ca,AOR,moderate_1m,15.520336335478666,48.559426106165716
2025-12-03,WS-a84d3fd5d4ca,AOR,moderate_1m,15.313197510606768,46.35774487730701
2025-12-04,WS-a84d3fd5d4ca,AOR,moderate_1m,15.091884324288449,44.005404178660676
2025-12-05,WS-a84d3fd5d4ca,AOR,moderate_1m,14.830959900079025,41.232035123931695
2025-12-06,WS-a84d3fd5d4ca,AOR,moderate_1m,14.59410176289226,38.714466942935005
2025-12-07,WS-a84d3fd5d4ca,AOR,moderate_1m,14.431975875002871,36.99122879914975
2025-12-08,WS-a84d3fd5d4ca,AOR,moderate_1m,14.281021257774137,35.38673023463586
2025-12-09,WS-a84d3fd5d4ca,AOR,moderate_1m,14.090824406062092,33.36512545599815
2025-12-10,WS-a84d3fd5d4ca,AOR,moderate_1m,13.926912569014304,31.622904435679846
2025-12-11,WS-a84d3fd5d4ca,AOR,moderate_1m,13.822709153533468,30.515324994746916
2025-12-12,WS-a84d3fd5d4ca,AOR,moderate_1m,13.730616787860141,29.536474057702407
2025-12-13,WS-a84d3fd5d4ca,AOR,moderate_1m,13.661953374330805,28.806649753782597
2025-12-14,WS-a84d3fd5d4ca,AOR,moderate_1m,14.04937535970417,32.92456301012753
2025-12-15,WS-a84d3fd5d4ca,AOR,moderate_1m,13.905886674366469,31.399419931532766
2025-12-16,WS-a84d3fd5d4ca,AOR,moderate_1m,13.763240380955727,29.883230647544504
2025-12-17,WS-a84d3fd5d4ca,AOR,moderate_1m,13.604004794764757,28.190713557618075
2025-12-18,WS-a84d3fd5d4ca,AOR,moderate_1m,13.4511823462973,26.566361790888156
2025-12-19,WS-a84d3fd5d4ca,AOR,moderate_1m,13.31330420002246,25.100853204021924
2025-12-20,WS-a84d3fd5d4ca,AOR,moderate_1m,13.622860486328927,28.391130945327284
2025-12-21,WS-a84d3fd5d4ca,AOR,moderate_1m,14.668995621777674,39.510514730532456
2025-12-22,WS-a84d3fd5d4ca,AOR,moderate_1m,16.993053056491583,64.21295104088375
2025-12-23,WS-a84d3fd5d4ca,AOR,moderate_1m,16.677596044910693,60.85995441488168
2025-12-24,WS-a84d3fd5d4ca,AOR,moderate_1m,16.387048899738012,57.77172507873104
2025-12-25,WS-a84d3fd5d4ca,AOR,moderate_1m,16.108575200236025,54.81182455161578
2025-12-26,WS-a84d3fd5d4ca,AOR,moderate_1m,15.85956730058639,52.16511638941987
2025-12-27,WS-a84d3fd5d4ca,AOR,moderate_1m,15.617761796683387,49.59496258408091
2025-12-28,WS-a84d3fd5d4ca,AOR,moderate_1m,15.37641010206311,47.02963232343412
2025-12-29,WS-a84d3fd5d4ca,AOR,moderate_1m,15.154062722168232,44.666299167985294
2025-12-30,WS-a84d3fd5d4ca,AOR,moderate_1m,14.92224676713778,42.20232440586074
2025-12-31,WS-a84d3fd5d4ca,AOR,moderate_1m,14.73052331610141,40.16449338340596
2026-01-01,WS-a84d3fd5d4ca,AOR,moderate_1m,15.806436997263889,51.600393713306104
2026-01-02,WS-a84d3fd5d4ca,AOR,moderate_1m,15.579172442417365,49.184795842168455
2026-01-03,WS-a84d3fd5d4ca,AOR,moderate_1m,15.339816806128004,46.640681711146826
2026-01-04,WS-a84d3fd5d4ca,AOR,moderate_1m,15.171038902374105,44.846739205337585
2026-01-05,WS-a84d3fd5d4ca,AOR,moderate_1m,15.019454960052473,43.23555153633185
2026-01-06,WS-a84d3fd5d4ca,AOR,moderate_1m,14.79906067150574,40.89297781389672
2026-01-07,WS-a84d3fd5d4ca,AOR,moderate_1m,14.571709527830512,38.47645958898711
2026-01-08,WS-a84d3fd5d4ca,AOR,moderate_1m,14.331121281562007,35.91924403067262
2026-01-09,WS-a84d3fd5d4ca,AOR,moderate_1m,14.103203041579482,33.49669813183225
2026-01-10,WS-a84d3fd5d4ca,AOR,moderate_1m,13.856600389076883,30.875555372441244
2026-01-11,WS-a84d3fd5d4ca,AOR,moderate_1m,13.720614617604996,29.430160861650347
2026-01-12,WS-a84d3fd5d4ca,AOR,moderate_1m,13.573313804696658,27.864498630166363
2026-01-13,WS-a84d3fd5d4ca,AOR,moderate_1m,13.428698390352539,26.32737953449715
2026-01-14,WS-a84d3fd5d4ca,AOR,moderate_1m,13.300577360826816,24.96557946682138
2026-01-15,WS-a84d3fd5d4ca,AOR,moderate_1m,13.515017301496998,27.24486434923339
2026-01-16,WS-a84d3fd5d4ca,AOR,moderate_1m,13.475732265093674,26.82730319295224
2026-01-17,WS-a84d3fd5d4ca,AOR,moderate_1m,13.402632009491315,26.050319637677084
2026-01-18,WS-a84d3fd5d4ca,AOR,moderate_1m,13.334285407832878,25.323862731200375
2026-01-19,WS-a84d3fd5d4ca,AOR,moderate_1m,13.242646342752446,24.349829931977343
2026-01-20,WS-a84d3fd5d4ca,AOR,moderate_1m,13.13652724000046,23.221888626445313
2026-01-21,WS-a84d3fd5d4ca,AOR,moderate_1m,13.020299432479382,21.9865017681448
2026-01-22,WS-a84d3fd5d4ca,AOR,moderate_1m,12.919399566261378,20.914035794738236
2026-01-23,WS-a84d3fd5d4ca,AOR,moderate_1m,12.820521883569592,19.86306363599312
2026-01-24,WS-a84d3fd5d4ca,AOR,moderate_1m,12.717433533910468,18.767336243994627
2026-01-25,WS-a84d3fd5d4ca,AOR,moderate_1m,12.620031956976208,17.732053632296804
2026-01-26,WS-a84d3fd5d4ca,AOR,moderate_1m,12.527183982390403,16.745171318420937
2026-01-27,WS-a84d3fd5d4ca,AOR,moderate_1m,12.434086486101277,15.755636835157002
2026-01-28,WS-a84d3fd5d4ca,AOR,moderate_1m,12.33702481357142,14.723967071737336
2026-01-29,WS-a84d3fd5d4ca,AOR,moderate_1m,12.261969028874555,13.926198172611171
2026-01-30,WS-a84d3fd5d4ca,AOR,moderate_1m,12.177464669391911,13.028000250783988
2026-01-31,WS-a84d3fd5d4ca,AOR,moderate_1m,12.094798149876217,12.149336753560126
2026-02-01,WS-a84d3fd5d4ca,AOR,moderate_1m,12.041850071022226,11.586550943661615
2026-02-02,WS-a84d3fd5d4ca,AOR,moderate_1m,12.15497438364366,12.788950714830413
2026-02-03,WS-a84d3fd5d4ca,AOR,moderate_1m,12.106331106212645,12.271920694522715
2026-02-04,WS-a84d3fd5d4ca,AOR,moderate_1m,12.047744609429015,11.6492040680628
2026-02-05,WS-a84d3fd5d4ca,AOR,moderate_1m,11.982978969718618,10.960809252104974
2026-02-06,WS-a84d3fd5d4ca,AOR,moderate_1m,11.92507981386324,10.34539838119567
2026-02-07,WS-a84d3fd5d4ca,AOR,moderate_1m,11.879515387148293,9.861093504676036
2026-02-08,WS-a84d3fd5d4ca,AOR,moderate_1m,14.423085144072951,36.89672910595438
2026-02-09,WS-a84d3fd5d4ca,AOR,moderate_1m,15.00382229085409,43.06939169472651
2026-02-10,WS-a84d3fd5d4ca,AOR,moderate_1m,15.743615176007852,50.932659768654894
2026-02-11,WS-a84d3fd5d4ca,AOR,moderate_1m,15.55516265234734,48.92959547527101
2026-02-12,WS-a84d3fd5d4ca,AOR,moderate_1m,15.522180823528993,48.579031193332604
2026-02-13,WS-a84d3fd5d4ca,AOR,moderate_1m,15.305978291059565,46.28101170005784
2026-02-14,WS-a84d3fd5d4ca,AOR,moderate_1m,15.14919601722348,44.614570898647635
2026-02-15,WS-a84d3fd5d4ca,AOR,moderate_1m,14.979502740731922,42.810898884258066
2026-02-16,WS-a84d3fd5d4ca,AOR,moderate_1m,14.810734444005229,41.017058491664315
2026-02-17,WS-a84d3fd5d4ca,AOR,moderate_1m,14.631977817908835,39.11705201796757
2026-02-18,WS-a84d3fd5d4ca,AOR,moderate_1m,14.459693872496237,37.285843750356676
2026-02-19,WS-a84d3fd5d4ca,AOR,moderate_1m,14.290305794013326,35.485415689519186
2026-02-20,WS-a84d3fd5d4ca,AOR,moderate_1m,14.142216303003066,33.911370588364626
2026-02-21,WS-a84d3fd5d4ca,AOR,moderate_1m,13.983456803706003,32.22391383214565
2026-02-22,WS-a84d3fd5d4ca,AOR,moderate_1m,13.913013466052425,31.47517069185818
2026-02-23,WS-a84d3fd5d4ca,AOR,moderate_1m,14.425360778721918,36.92091685585339
2026-02-24,WS-a84d3fd5d4ca,AOR,moderate_1m,14.259336802711859,35.15624588338894
2026-02-25,WS-a84d3fd5d4ca,AOR,moderate_1m,14.12399393541884,33.71768480936898
2026-02-26,WS-a84d3fd5d4ca,AOR,moderate_1m,14.543038043024529,38.171710008893264
2026-02-27,WS-a84d3fd5d4ca,AOR,moderate_1m,14.444278972057104,37.12199857568914
2026-02-28,WS-a84d3fd5d4ca,AOR,moderate_1m,14.443296344317693,37.11155421283171
2026-03-01,WS-a84d3fd5d4ca,AOR,moderate_1m,14.358738213494716,36.21278475473783
2026-03-02,WS-a84d3fd5d4ca,AOR,moderate_1m,14.747211013967485,40.34186713826491
2026-03-03,WS-a84d3fd5d4ca,AOR,moderate_1m,18.023728108200636,75.16800939753963
2026-03-04,WS-a84d3fd5d4ca,AOR,moderate_1m,19.655097664686693,92.50785735732275
2026-03-05,WS-a84d3fd5d4ca,AOR,moderate_1m,19.355571131872566,89.32418599465178
2026-03-06,WS-a84d3fd5d4ca,AOR,moderate_1m,19.036463106724312,85.93238269856965
2026-03-07,WS-a84d3fd5d4ca,AOR,moderate_1m,18.78109855892376,83.2181096415695
2026-03-08,WS-a84d3fd5d4ca,AOR,moderate_1m,19.40468880695574,89.84625839369467
2026-03-09,WS-a84d3fd5d4ca,AOR,moderate_1m,19.121084893808366,86.8318287598798
2026-03-10,WS-a84d3fd5d4ca,AOR,moderate_1m,18.778778139608036,83.19344587487264
2026-03-11,WS-a84d3fd5d4ca,AOR,moderate_1m,18.485416684962765,80.0753032072071
2026-03-12,WS-a84d3fd5d4ca,AOR,moderate_1m,18.169745374984196,76.72002880078487
2026-03-13,WS-a84d3fd5d4ca,AOR,moderate_1m,18.24120143147561,77.47953614260125
2026-03-14,WS-a84d3fd5d4ca,AOR,moderate_1m,17.985891793097785,74.7658467185602
2026-03-15,WS-a84d3fd5d4ca,AOR,moderate_1m,17.72570342817523,72.00030124744107
2026-03-16,WS-a84d3fd5d4ca,AOR,moderate_1m,17.508413326489915,69.69072196700816
2026-03-17,WS-a84d3fd5d4ca,AOR,moderate_1m,17.35606538128326,68.0714137015291
2026-03-18,WS-a84d3fd5d4ca,AOR,moderate_1m,17.244888549212504,66.88971372613562
2026-03-19,WS-a84d3fd5d4ca,AOR,moderate_1m,17.736347626882072,72.11343857214872
2026-03-20,WS-a84d3fd5d4ca,AOR,moderate_1m,19.09975377271887,86.6050999999658
2026-03-21,WS-a84d3fd5d4ca,AOR,moderate_1m,18.886415936255354,84.33752939731546
2026-03-22,WS-a84d3fd5d4ca,AOR,moderate_1m,18.762149614410518,83.01670106706742
2026-03-23,WS-a84d3fd5d4ca,AOR,moderate_1m,18.515449573492894,80.3945231649629
2026-03-24,WS-a84d3fd5d4ca,AOR,moderate_1m,18.25424983798191,77.6182278228751
2026-03-25,WS-a84d3fd5d4ca,AOR,moderate_1m,17.994896154340267,74.86155418980657
2026-03-26,WS-a84d3fd5d4ca,AOR,moderate_1m,17.83816373880532,73.19564333291926
2026-03-27,WS-a84d3fd5d4ca,AOR,moderate_1m,19.346720325941988,89.230110664787
2026-03-28,WS-a84d3fd5d4ca,AOR,moderate_1m,19.22803922114835,87.96864767828043
2026-03-29,WS-a84d3fd5d4ca,AOR,moderate_1m,18.98695033119622,85.40611077182534
2026-03-30,WS-a84d3fd5d4ca,AOR,moderate_1m,18.74893745111099,82.87626881373602
2026-03-31,WS-a84d3fd5d4ca,AOR,moderate_1m,18.514144803383502,80.38065474671919
2026-04-01,WS-a84d3fd5d4ca,AOR,moderate_1m,18.2678488949472,77.76277237394697
2026-04-02,WS-a84d3fd5d4ca,AOR,moderate_1m,18.02238707008408,75.1537554861822
2026-04-03,WS-a84d3fd5d4ca,AOR,moderate_1m,17.819892104653277,73.00143389894187
2026-04-04,WS-a84d3fd5d4ca,AOR,moderate_1m,17.677175105352035,71.48449308113571
2026-04-05,WS-a84d3fd5d4ca,AOR,moderate_1m,17.53412014148256,69.96396003359494
2026-04-06,WS-a84d3fd5d4ca,AOR,moderate_1m,17.670406429636714,71.41254874005975
2026-04-07,WS-a84d3fd5d4ca,AOR,moderate_1m,17.78422496763323,72.62232744165296
2026-04-08,WS-a84d3fd5d4ca,AOR,moderate_1m,17.62121488054428,70.88969113322398
2026-04-09,WS-a84d3fd5d4ca,AOR,moderate_1m,17.397448257797507,68.51127282728181
2026-04-10,WS-a84d3fd5d4ca,AOR,moderate_1m,17.977745177976033,74.679256241843
2026-04-11,WS-a84d3fd5d4ca,AOR,moderate_1m,17.796034969811885,72.74785610642937
2026-04-12,WS-a84d3fd5d4ca,AOR,moderate_1m,17.66726151996501,71.37912145478417
2026-04-13,WS-a84d3fd5d4ca,AOR,moderate_1m,17.49143045066498,69.5102107618349
2026-04-14,WS-a84d3fd5d4ca,AOR,moderate_1m,17.33947711338343,67.89509678905792
2026-04-15,WS-a84d3fd5d4ca,AOR,moderate_1m,17.194192196237992,66.35086153951823
2026-04-16,WS-a84d3fd5d4ca,AOR,moderate_1m,17.05221170166344,64.84174903990746
2026-04-17,WS-a84d3fd5d4ca,AOR,moderate_1m,16.907467310480683,63.30325904776463
2026-04-18,WS-a84d3fd5d4ca,AOR,moderate_1m,16.769082728306643,61.832367547224074
2026-04-19,WS-a84d3fd5d4ca,AOR,moderate_1m,16.636771106100475,60.42602561614806
2026-04-20,WS-a84d3fd5d4ca,AOR,moderate_1m,16.50188380865852,58.992306799923746
2026-04-21,WS-a84d3fd5d4ca,AOR,moderate_1m,16.362018192120054,57.505673366109875
2026-04-22,WS-a84d3fd5d4ca,AOR,moderate_1m,16.24428012730339,56.254233963625545
2026-04-23,WS-a84d3fd5d4ca,AOR,moderate_1m,16.13690343906839,55.11292576584939
2026-04-24,WS-a84d3fd5d4ca,AOR,moderate_1m,16.029158276159638,53.96770104603537
2026-04-25,WS-a84d3fd5d4ca,AOR,moderate_1m,15.911181763220325,52.71372717539419
2026-04-26,WS-a84d3fd5d4ca,AOR,moderate_1m,15.793510410119099,51.46299685258969
2026-04-27,WS-a84d3fd5d4ca,AOR,moderate_1m,15.669117832516624,50.14082654827281
2026-04-28,WS-a84d3fd5d4ca,AOR,moderate_1m,15.557189892268388,48.951143034418024
2026-04-29,WS-a84d3fd5d4ca,AOR,moderate_1m,15.436606566951715,47.669461321550976
2026-04-30,WS-a84d3fd5d4ca,AOR,moderate_1m,15.336804340013797,46.60866217014417
2026-05-01,WS-a84d3fd5d4ca,AOR,moderate_1m,15.24783888027382,45.663047156409185
2026-05-02,WS-a84d3fd5d4ca,AOR,moderate_1m,15.18178099777374,44.96091707524973
2026-05-03,WS-a84d3fd5d4ca,AOR,moderate_1m,15.626151071793641,49.684132296931224
2026-05-04,WS-a84d3fd5d4ca,AOR,moderate_1m,16.90557597715715,63.28315604158743
2026-05-05,WS-a84d3fd5d4ca,AOR,moderate_1m,17.153476012593742,65.9180887008399
2026-05-06,WS-a84d3fd5d4ca,AOR,moderate_1m,17.039838488586987,64.7102339992678
2026-05-07,WS-a84d3fd5d4ca,AOR,moderate_1m,16.937519029091035,63.62267915068483
2026-05-08,WS-a84d3fd5d4ca,AOR,moderate_1m,16.860633343834074,62.80546021501269
2026-05-09,WS-a84d3fd5d4ca,AOR,moderate_1m,16.770318855723858,61.84550636141129
2026-05-10,WS-a84d3fd5d4ca,AOR,moderate_1m,16.663702138638044,60.71227590673661
2026-05-11,WS-a84d3fd5d4ca,AOR,moderate_1m,16.56745624793902,59.68927709887002
2026-05-12,WS-a84d3fd5d4ca,AOR,moderate_1m,16.486624425116688,58.830114616354145
2026-05-13,WS-a84d3fd5d4ca,AOR,moderate_1m,16.396081045780107,57.86772787496923
2026-05-14,WS-a84d3fd5d4ca,AOR,moderate_1m,16.67079125265459,60.78762619063004
2026-05-15,WS-a84d3fd5d4ca,AOR,moderate_1m,16.60782113904755,60.11831604467626
2026-05-16,WS-a84d3fd5d4ca,AOR,moderate_1m,16.506960253611474,59.04626439850123
2026-05-17,WS-a84d3fd5d4ca,AOR,moderate_1m,16.441738737963014,58.35302407134512
2026-05-18,WS-a84d3fd5d4ca,AOR,moderate_1m,17.10433721421321,65.3957917819982
2026-05-19,WS-a84d3fd5d4ca,AOR,moderate_1m,18.423398735585614,79.41611362707683
2026-05-20,WS-a84d3fd5d4ca,AOR,moderate_1m,19.006051220627157,85.60913437080832
2026-05-21,WS-a84d3fd5d4ca,AOR,moderate_1m,18.878249505096868,84.25072829568941
2026-05-22,WS-a84d3fd5d4ca,AOR,moderate_1m,18.760262773734397,82.99664581329729
2026-05-23,WS-a84d3fd5d4ca,AOR,moderate_1m,18.644032289421062,81.76123050333749
2026-05-24,WS-a84d3fd5d4ca,AOR,moderate_1m,18.546366309652377,80.72313755051809
2026-05-25,WS-a84d3fd5d4ca,AOR,moderate_1m,18.414667102323897,79.32330498503933
2026-05-26,WS-a84d3fd5d4ca,AOR,moderate_1m,19.988528885972457,96.05190208903485
2026-05-27,WS-a84d3fd5d4ca,AOR,moderate_1m,20.97688307721149,106.55713147643011
2026-05-28,WS-a84d3fd5d4ca,AOR,moderate_1m,20.852279954434884,105.23272328475437
2026-05-29,WS-a84d3fd5d4ca,AOR,moderate_1m,20.704909536351806,103.66632121897449
2026-05-30,WS-a84d3fd5d4ca,AOR,moderate_1m,20.593268418072945,102.47968633951446
2026-05-31,WS-a84d3fd5d4ca,AOR,moderate_1m,20.607997122998142,102.63623793325478
2026-06-01,WS-a84d3fd5d4ca,AOR,moderate_1m,20.469006091392416,101.15890047391913
2026-06-02,WS-a84d3fd5d4ca,AOR,moderate_1m,21.50636452062048,112.18499653602733
2026-06-03,WS-a84d3fd5d4ca,AOR,moderate_1m,22.97060318165341,127.74840806237472
2026-06-04,WS-a84d3fd5d4ca,AOR,moderate_1m,23.27987581199597,131.03567082079815
2026-06-05,WS-a84d3fd5d4ca,AOR,moderate_1m,23.176608304397007,129.938039156757
2026-06-06,WS-a84d3fd5d4ca,AOR,moderate_1m,23.0306695237715,128.3868539838933
2026-06-07,WS-a84d3fd5d4ca,AOR,moderate_1m,22.905064737888658,127.05179910220178
2026-06-08,WS-a84d3fd5d4ca,AOR,moderate_1m,22.721266823838604,125.09820871412444
2026-06-09,WS-a84d3fd5d4ca,AOR,moderate_1m,22.60388889081075,123.85059715704683
2026-06-10,WS-a84d3fd5d4ca,AOR,moderate_1m,22.608768550924836,123.9024631270456
2026-06-11,WS-a84d3fd5d4ca,AOR,moderate_1m,22.879404104790652,126.7790519035661
2026-06-12,WS-a84d3fd5d4ca,AOR,moderate_1m,22.818992115232334,126.13693209096783
2026-06-13,WS-a84d3fd5d4ca,AOR,moderate_1m,22.701752814168152,124.89079405481192
2026-06-14,WS-a84d3fd5d4ca,AOR,moderate_1m,22.761542768572845,125.52630224777641
2026-06-15,WS-a84d3fd5d4ca,AOR,moderate_1m,22.59735482265726,123.78114646275745
2026-06-16,WS-a84d3fd5d4ca,AOR,moderate_1m,22.43108581825529,122.0138710803697
2026-06-17,WS-a84d3fd5d4ca,AOR,moderate_1m,22.66822489924178,124.53442541662048
2026-06-18,WS-a84d3fd5d4ca,AOR,moderate_1m,22.522599936509614,122.98657581817396
2026-06-19,WS-a84d3fd5d4ca,AOR,moderate_1m,23.288873383736565,131.13130612634177
2026-06-20,WS-a84d3fd5d4ca,AOR,moderate_1m,24.336739344531203,142.26908687636913
2026-06-21,WS-a84d3fd5d4ca,AOR,moderate_1m,24.455827973445977,143.53488144199113
2026-06-22,WS-a84d3fd5d4ca,AOR,moderate_1m,24.534615086612547,144.37231067932544
2026-06-23,WS-a84d3fd5d4ca,AOR,moderate_1m,24.37246457923719,142.64881085470773
2026-06-24,WS-a84d3fd5d4ca,AOR,moderate_1m,24.18588045445906,140.66560579703165
2026-06-25,WS-a84d3fd5d4ca,AOR,moderate_1m,24.00189035466947,138.7099726642614
2026-06-26,WS-a84d3fd5d4ca,AOR,moderate_1m,23.820458215891108,136.7815281319192
2026-06-27,WS-a84d3fd5d4ca,AOR,moderate_1m,23.66683323003471,135.14864618497907
2026-06-28,WS-a84d3fd5d4ca,AOR,moderate_1m,23.561708666653814,134.03127585119051
2026-06-29,WS-a84d3fd5d4ca,AOR,moderate_1m,23.457660763086167,132.9253493483794
2026-06-30,WS-a84d3fd5d4ca,AOR,moderate_1m,23.900442467087373,137.6316817647403
2026-07-01,WS-a84d3fd5d4ca,AOR,moderate_1m,25.1520985222474,150.93555004408088
2026-07-02,WS-a84d3fd5d4ca,AOR,moderate_1m,27.369461307658504,174.50392755722248
2026-07-03,WS-a84d3fd5d4ca,AOR,moderate_1m,27.369461307658504,174.50392755722248
2026-07-04,WS-a84d3fd5d4ca,AOR,moderate_1m,27.192283212810047,172.6206993124256
2026-07-05,WS-a84d3fd5d4ca,AOR,moderate_1m,26.967791306102193,170.2345719539498
2026-07-06,WS-a84d3fd5d4ca,AOR,moderate_1m,26.72939074724598,167.70060935322658
2026-07-07,WS-a84d3fd5d4ca,AOR,moderate_1m,26.47903865890475,165.03961379217063
2026-07-08,WS-a84d3fd5d4ca,AOR,moderate_1m,26.278421647469244,162.90725300205594
2026-07-09,WS-a84d3fd5d4ca,AOR,moderate_1m,26.087925223947323,160.8824640708051
2026-07-10,WS-a84d3fd5d4ca,AOR,moderate_1m,25.877491547206937,158.6457618191362
2026-07-11,WS-a84d3fd5d4ca,AOR,moderate_1m,25.67731508592042,156.51808364221097
2026-07-12,WS-a84d3fd5d4ca,AOR,moderate_1m,26.31026622341625,163.24572940862453
2026-07-13,WS-a84d3fd5d4ca,AOR,moderate_1m,26.42277847717878,164.44162359832433
2026-07-14,WS-a84d3fd5d4ca,AOR,moderate_1m,26.407022071998092,164.27414856537456
2026-07-15,WS-a84d3fd5d4ca,AOR,moderate_1m,26.33770477980824,163.53737417677746
2026-07-16,WS-a84d3fd5d4ca,AOR,moderate_1m,26.093567782901083,160.942438902365
2026-07-17,WS-a84d3fd5d4ca,AOR,moderate_1m,25.85512118850037,158.40798698924834
2026-07-18,WS-a84d3fd5d4ca,AOR,moderate_1m,25.589359090040908,155.5831982328085
2026-07-19,WS-a84d3fd5d4ca,AOR,moderate_1m,25.321146073360964,152.7323586351378
2026-07-20,WS-a84d3fd5d4ca,AOR,moderate_1m,25.0670834960263,150.0319242389346
2026-07-21,WS-a84d3fd5d4ca,AOR,moderate_1m,24.822307511149987,147.43019715319457
2026-07-22,WS-a84d3fd5d4ca,AOR,moderate_1m,24.602216135905664,145.0908431001396
2026-07-23,WS-a84d3fd5d4ca,AOR,moderate_1m,24.493399300463864,143.93422755921347
2026-07-24,WS-a84d3fd5d4ca,AOR,moderate_1m,24.285178630054403,141.72104738024706
2026-07-25,WS-a84d3fd5d4ca,AOR,moderate_1m,24.073610167003558,139.4722834703157
2026-07-26,WS-a84d3fd5d4ca,AOR,moderate_1m,23.865398774289012,137.25920190408758
2026-07-27,WS-a84d3fd5d4ca,AOR,moderate_1m,23.64780465602221,134.9463912275071
2026-07-28,WS-a84d3fd5d4ca,AOR,moderate_1m,23.446349747848558,132.80512442220547
2026-07-29,WS-a84d3fd5d4ca,AOR,moderate_1m,23.451787811049734,132.86292566578584
2026-07-30,WS-a84d3fd5d4ca,AOR,moderate_1m,23.265723397890675,130.88524462958102
2026-07-31,WS-a84d3fd5d4ca,AOR,moderate_1m,23.05823377967762,128.67983481379562
2026-08-01,WS-a84d3fd5d4ca,AOR,moderate_1m,22.836400014378363,126.32196087447758
2026-08-02,WS-a84d3fd5d4ca,AOR,moderate_1m,22.641982286373157,124.25549234753126
2026-08-03,WS-a84d3fd5d4ca,AOR,moderate_1m,22.479456555176185,122.52800426409642
2026-08-04,WS-a84d3fd5d4ca,AOR,moderate_1m,22.324852851800557,120.88471951607943
2026-08-05,WS-a84d3fd5d4ca,AOR,moderate_1m,22.276408450348256,120.36980335110269
2026-08-06,WS-a84d3fd5d4ca,AOR,moderate_1m,22.167237286607403,119.20942165013697
2026-08-07,WS-a84d3fd5d4ca,AOR,moderate_1m,22.000293566444583,117.43497470526492
2026-08-08,WS-a84d3fd5d4ca,AOR,moderate_1m,21.81955348916511,115.5138861034793
2026-08-09,WS-a84d3fd5d4ca,AOR,moderate_1m,21.7763690741209,115.05487840156302
2026-08-10,WS-a84d3fd5d4ca,AOR,moderate_1m,23.776413383785204,136.31337504600802
2026-08-11,WS-a84d3fd5d4ca,AOR,moderate_1m,24.202524759203655,140.84251832584528
2026-08-12,WS-a84d3fd5d4ca,AOR,moderate_1m,24.084857072312587,139.59182697123566
2026-08-13,WS-a84d3fd5d4ca,AOR,moderate_1m,23.986998125883034,138.55168297330053
2026-08-14,WS-a84d3fd5d4ca,AOR,moderate_1m,23.773758058768074,136.2851515623112
2026-08-15,WS-a84d3fd5d4ca,AOR,moderate_1m,23.54511158357156,133.85486524203213
2026-08-16,WS-a84d3fd5d4ca,AOR,moderate_1m,23.339100224955473,131.66516786648114
2026-08-17,WS-a84d3fd5d4ca,AOR,moderate_1m,23.219849574694898,130.39765117389456
2026-08-18,WS-a84d3fd5d4ca,AOR,moderate_1m,22.995054431089514,128.00830070654183
2026-08-19,WS-a84d3fd5d4ca,AOR,moderate_1m,22.76254684738762,125.53697461438918
2026-08-20,WS-a84d3fd5d4ca,AOR,moderate_1m,22.565614336740857,123.44377643046052
2026-08-21,WS-a84d3fd5d4ca,AOR,moderate_1m,22.6433772669031,124.27031961349313
2026-08-22,WS-a84d3fd5d4ca,AOR,moderate_1m,22.400430160658644,121.68803170221065
2026-08-23,WS-a84d3fd5d4ca,AOR,moderate_1m,22.190649705908925,119.45827255546678
2026-08-24,WS-a84d3fd5d4ca,AOR,moderate_1m,21.95158948280661,116.91729837500283
2026-08-25,WS-a84d3fd5d4ca,AOR,moderate_1m,22.540466295334873,123.17647757550004
2026-08-26,WS-a84d3fd5d4ca,AOR,moderate_1m,24.279441412549723,141.66006642173411
2026-08-27,WS-a84d3fd5d4ca,AOR,moderate_1m,25.107200889462625,150.4583325288055
2026-08-28,WS-a84d3fd5d4ca,AOR,moderate_1m,24.836184952000586,147.57770065015737
2026-08-29,WS-a84d3fd5d4ca,AOR,moderate_1m,24.540852052171722,144.43860346632547
2026-08-30,WS-a84d3fd5d4ca,AOR,moderate_1m,24.231775969661584,141.15342981733627
2026-08-31,WS-a84d3fd5d4ca,AOR,moderate_1m,23.910159954440125,137.734969062568
2026-09-01,WS-a84d3fd5d4ca,AOR,moderate_1m,23.62462283097075,134.6999913114216
2026-09-02,WS-a84d3fd5d4ca,AOR,moderate_1m,23.34194537513148,131.69540900422857
2026-09-03,WS-a84d3fd5d4ca,AOR,moderate_1m,23.522721489079167,133.61688064022334
2026-09-04,WS-a84d3fd5d4ca,AOR,moderate_1m,23.304726527535344,131.29980939530526
2026-09-05,WS-a84d3fd5d4ca,AOR,moderate_1m,23.191828530395448,130.09981513429517
2026-09-06,WS-a84d3fd5d4ca,AOR,moderate_1m,23.447932064906603,132.82194289052958
2026-09-07,WS-a84d3fd5d4ca,AOR,moderate_1m,23.18212842802955,129.99671262171594
2026-09-08,WS-a84d3fd5d4ca,AOR,moderate_1m,22.865051901004406,126.6265021452652
2026-09-09,WS-a84d3fd5d4ca,AOR,moderate_1m,22.658461690745632,124.43065214817265
2026-09-10,WS-a84d3fd5d4ca,AOR,moderate_1m,22.35769705401443,121.23382096307198
2026-09-11,WS-a84d3fd5d4ca,AOR,moderate_1m,22.092672916052145,118.41687599823078
2026-09-12,WS-a84d3fd5d4ca,AOR,moderate_1m,21.81738931552372,115.4908830740608
2026-09-13,WS-a84d3fd5d4ca,AOR,moderate_1m,21.548907768000802,112.63718925861264
2026-09-14,WS-a84d3fd5d4ca,AOR,moderate_1m,21.307881751648317,110.0753206364553
2026-09-15,WS-a84d3fd5d4ca,AOR,moderate_1m,21.096806808842807,107.83180235954748
2026-09-16,WS-a84d3fd5d4ca,AOR,moderate_1m,20.80626381535059,104.74361715166177
2026-09-17,WS-a84d3fd5d4ca,AOR,moderate_1m,20.543404041565907,101.94967724145094
2026-09-18,WS-a84d3fd5d4ca,AOR,moderate_1m,20.263998421884118,98.97987132278037
2026-09-19,WS-a84d3fd5d4ca,AOR,moderate_1m,19.974434992482465,95.90209791418917
2026-09-20,WS-a84d3fd5d4ca,AOR,moderate_1m,19.68057953184769,92.778704450519
2026-09-21,WS-a84d3fd5d4ca,AOR,moderate_1m,19.3705686048055,89.48359432699685
2026-09-22,WS-a84d3fd5d4ca,AOR,moderate_1m,19.17081692362037,87.36043114322271
2026-09-23,WS-a84d3fd5d4ca,AOR,moderate_1m,18.943506687655834,84.94434772689519
2026-09-24,WS-a84d3fd5d4ca,AOR,moderate_1m,18.695003872817104,82.30300811763878
2026-09-25,WS-a84d3fd5d4ca,AOR,moderate_1m,18.473245895776337,79.94593973269319
2026-09-26,WS-a84d3fd5d4ca,AOR,moderate_1m,18.20611439144487,77.10659554365914
2026-09-27,WS-a84d3fd5d4ca,AOR,moderate_1m,18.058935231989828,75.54222636829196
2026-09-28,WS-a84d3fd5d4ca,AOR,moderate_1m,17.858884657335466,73.4158862419961
2025-03-01,WS-f575dcdea0dc,AEG?,moderate_1m,16.163630236141245,54.01914254274566
2025-03-02,WS-f575dcdea0dc,AEG?,moderate_1m,15.94018556583975,51.644146273477695
2025-03-03,WS-f575dcdea0dc,AEG?,moderate_1m,15.757241766528454,49.699634281923885
2025-03-04,WS-f575dcdea0dc,AEG?,moderate_1m,15.581186190514673,47.82833730423194
2025-03-05,WS-f575dcdea0dc,AEG?,moderate_1m,15.405671554268407,45.96278998227364
2025-03-06,WS-f575dcdea0dc,AEG?,moderate_1m,15.254554279346687,44.356562527052766
2025-03-07,WS-f575dcdea0dc,AEG?,moderate_1m,15.129420043773065,43.02650913063903
2025-03-08,WS-f575dcdea0dc,AEG?,moderate_1m,14.993433441831572,41.581105792775986
2025-03-09,WS-f575dcdea0dc,AEG?,moderate_1m,14.856722345789327,40.128001797814875
2025-03-10,WS-f575dcdea0dc,AEG?,moderate_1m,14.736706931035242,38.85235641360854
2025-03-11,WS-f575dcdea0dc,AEG?,moderate_1m,15.225566309667867,44.048449025182435
2025-03-12,WS-f575dcdea0dc,AEG?,moderate_1m,15.097563428328156,42.68790475609259
2025-03-13,WS-f575dcdea0dc,AEG?,moderate_1m,14.942723734128313,41.042111658575315
2025-03-14,WS-f575dcdea0dc,AEG?,moderate_1m,14.78862961389821,39.404243276354265
2025-03-15,WS-f575dcdea0dc,AEG?,moderate_1m,14.633997398433765,37.760655472979145
2025-03-16,WS-f575dcdea0dc,AEG?,moderate_1m,14.51144939391198,36.45809115961798
2025-03-17,WS-f575dcdea0dc,AEG?,moderate_1m,14.399110142081119,35.264035809670936
2025-03-18,WS-f575dcdea0dc,AEG?,moderate_1m,14.286160856991442,34.063496408384204
2025-03-19,WS-f575dcdea0dc,AEG?,moderate_1m,14.171275729239271,32.842380910585
2025-03-20,WS-f575dcdea0dc,AEG?,moderate_1m,14.121425274354893,32.31251978562751
2025-03-21,WS-f575dcdea0dc,AEG?,moderate_1m,14.343398376445117,34.671874737485574
2025-03-22,WS-f575dcdea0dc,AEG?,moderate_1m,14.714391742346566,38.61516798654915
2025-03-23,WS-f575dcdea0dc,AEG?,moderate_1m,14.607092950179288,37.4746877470769
2025-03-24,WS-f575dcdea0dc,AEG?,moderate_1m,14.480702980175034,36.13128713327854
2025-03-25,WS-f575dcdea0dc,AEG?,moderate_1m,14.372640998102069,34.98269493850073
2025-03-26,WS-f575dcdea0dc,AEG?,moderate_1m,14.26059283648098,33.791733590130434
2025-03-27,WS-f575dcdea0dc,AEG?,moderate_1m,14.168130524550714,32.80895048957147
2025-03-28,WS-f575dcdea0dc,AEG?,moderate_1m,14.105643756207511,32.14477782663227
2025-03-29,WS-f575dcdea0dc,AEG?,moderate_1m,15.218006314109248,43.96809373533294
2025-03-30,WS-f575dcdea0dc,AEG?,moderate_1m,16.091205736793277,53.249341609374
2025-03-31,WS-f575dcdea0dc,AEG?,moderate_1m,16.159675076003168,53.977103094860865
2025-04-01,WS-f575dcdea0dc,AEG?,moderate_1m,16.000529761655777,52.2855455055187
2025-04-02,WS-f575dcdea0dc,AEG?,moderate_1m,15.861900779571451,50.81205627519408
2025-04-03,WS-f575dcdea0dc,AEG?,moderate_1m,15.73149039176778,49.42592258899068
2025-04-04,WS-f575dcdea0dc,AEG?,moderate_1m,15.606734643096873,48.099892134724975
2025-04-05,WS-f575dcdea0dc,AEG?,moderate_1m,15.466958443897346,46.61420911895461
2025-04-06,WS-f575dcdea0dc,AEG?,moderate_1m,15.357210907855654,45.4477011494037
2025-04-07,WS-f575dcdea0dc,AEG?,moderate_1m,15.24056826895949,44.20790504309167
2025-04-08,WS-f575dcdea0dc,AEG?,moderate_1m,15.13085899260818,43.04180373628099
2025-04-09,WS-f575dcdea0dc,AEG?,moderate_1m,15.007607599993152,41.7317631018465
2025-04-10,WS-f575dcdea0dc,AEG?,moderate_1m,14.90758455705137,40.66861689429977
2025-04-11,WS-f575dcdea0dc,AEG?,moderate_1m,14.792854379666663,39.449148365945646
2025-04-12,WS-f575dcdea0dc,AEG?,moderate_1m,14.686585808363139,38.319618357260424
2025-04-13,WS-f575dcdea0dc,AEG?,moderate_1m,14.588237568658093,37.274273654818465
2025-04-14,WS-f575dcdea0dc,AEG?,moderate_1m,14.497316763545241,36.30787525001198
2025-04-15,WS-f575dcdea0dc,AEG?,moderate_1m,14.417996277245285,35.46477678279535
2025-04-16,WS-f575dcdea0dc,AEG?,moderate_1m,14.334498735578366,34.57728034045728
2025-04-17,WS-f575dcdea0dc,AEG?,moderate_1m,14.248689457788563,33.665212425190454
2025-04-18,WS-f575dcdea0dc,AEG?,moderate_1m,14.165143628376816,32.777202731792684
2025-04-19,WS-f575dcdea0dc,AEG?,moderate_1m,14.081020134215857,31.883053032359317
2025-04-20,WS-f575dcdea0dc,AEG?,moderate_1m,14.00595532934362,31.0851882576733
2025-04-21,WS-f575dcdea0dc,AEG?,moderate_1m,14.329752932257756,34.526837136034814
2025-04-22,WS-f575dcdea0dc,AEG?,moderate_1m,14.427456839062971,35.565333215812394
2025-04-23,WS-f575dcdea0dc,AEG?,moderate_1m,14.371054261010046,34.96582948957875
2025-04-24,WS-f575dcdea0dc,AEG?,moderate_1m,14.338927359286364,34.62435223870526
2025-04-25,WS-f575dcdea0dc,AEG?,moderate_1m,14.276506497551319,33.96088009795025
2025-04-26,WS-f575dcdea0dc,AEG?,moderate_1m,14.234625862498968,33.51573029030571
2025-04-27,WS-f575dcdea0dc,AEG?,moderate_1m,14.295643929504246,34.16429210786861
2025-04-28,WS-f575dcdea0dc,AEG?,moderate_1m,14.242302026923833,33.59732034052596
2025-04-29,WS-f575dcdea0dc,AEG?,moderate_1m,14.193136709468673,33.07474155009954
2025-04-30,WS-f575dcdea0dc,AEG?,moderate_1m,15.117232930538846,42.89697214761157
2025-05-01,WS-f575dcdea0dc,AEG?,moderate_1m,15.041718246771277,42.09432560437143
2025-05-02,WS-f575dcdea0dc,AEG?,moderate_1m,14.953328355426143,41.1548283144945
2025-05-03,WS-f575dcdea0dc,AEG?,moderate_1m,14.872149701635381,40.291979361162475
2025-05-04,WS-f575dcdea0dc,AEG?,moderate_1m,14.794382582101703,39.465391649247096
2025-05-05,WS-f575dcdea0dc,AEG?,moderate_1m,14.724908760968107,38.72695351249739
2025-05-06,WS-f575dcdea0dc,AEG?,moderate_1m,14.648519134760994,37.91500719483464
2025-05-07,WS-f575dcdea0dc,AEG?,moderate_1m,14.57212239127127,37.102985227483586
2025-05-08,WS-f575dcdea0dc,AEG?,moderate_1m,14.502084558293918,36.35855220160574
2025-05-09,WS-f575dcdea0dc,AEG?,moderate_1m,14.433451962000616,35.62905545448336
2025-05-10,WS-f575dcdea0dc,AEG?,moderate_1m,14.373754935845922,34.994534997081125
2025-05-11,WS-f575dcdea0dc,AEG?,moderate_1m,14.31957540901834,34.418660110861694
2025-05-12,WS-f575dcdea0dc,AEG?,moderate_1m,14.332843112016777,34.55968269636587
2025-05-13,WS-f575dcdea0dc,AEG?,moderate_1m,14.283735835352166,34.03772082224735
2025-05-14,WS-f575dcdea0dc,AEG?,moderate_1m,14.615281045277959,37.56171911500129
2025-05-15,WS-f575dcdea0dc,AEG?,moderate_1m,14.549158398416656,36.85890065261497
2025-05-16,WS-f575dcdea0dc,AEG?,moderate_1m,14.501345796658606,36.35069989469962
2025-05-17,WS-f575dcdea0dc,AEG?,moderate_1m,14.451235914160014,35.81808131030004
2025-05-18,WS-f575dcdea0dc,AEG?,moderate_1m,14.38666299491315,35.131734922623316
2025-05-19,WS-f575dcdea0dc,AEG?,moderate_1m,14.360031217089622,34.84866541423222
2025-05-20,WS-f575dcdea0dc,AEG?,moderate_1m,14.307556124104297,34.290906977204024
2025-05-21,WS-f575dcdea0dc,AEG?,moderate_1m,14.263195549822475,33.81939786365142
2025-05-22,WS-f575dcdea0dc,AEG?,moderate_1m,14.497879286079241,36.31385430924769
2025-05-23,WS-f575dcdea0dc,AEG?,moderate_1m,18.878313562914848,82.87354647474336
2025-05-24,WS-f575dcdea0dc,AEG?,moderate_1m,19.216488463559358,86.46801183526006
2025-05-25,WS-f575dcdea0dc,AEG?,moderate_1m,19.075278742423563,84.96709189642519
2025-05-26,WS-f575dcdea0dc,AEG?,moderate_1m,18.98338605970568,83.99036339207771
2025-05-27,WS-f575dcdea0dc,AEG?,moderate_1m,19.368203771980063,88.08059579621927
2025-05-28,WS-f575dcdea0dc,AEG?,moderate_1m,19.255845171889774,86.88633479337442
2025-05-29,WS-f575dcdea0dc,AEG?,moderate_1m,19.136071301239653,85.61325678455007
2025-05-30,WS-f575dcdea0dc,AEG?,moderate_1m,19.00715492647624,84.24300298213207
2025-05-31,WS-f575dcdea0dc,AEG?,moderate_1m,18.887450573550097,82.97066387808846
2025-06-01,WS-f575dcdea0dc,AEG?,moderate_1m,18.78715595605736,81.90463110115311
2025-06-02,WS-f575dcdea0dc,AEG?,moderate_1m,18.691625087422253,80.88923227198354
2025-06-03,WS-f575dcdea0dc,AEG?,moderate_1m,18.576686245440754,79.66754584495126
2025-06-04,WS-f575dcdea0dc,AEG?,moderate_1m,18.453342702291685,78.35652574130738
2025-06-05,WS-f575dcdea0dc,AEG?,moderate_1m,18.342002687342394,77.17309129300298
2025-06-06,WS-f575dcdea0dc,AEG?,moderate_1m,18.265088043174224,76.3555645526918
2025-06-07,WS-f575dcdea0dc,AEG?,moderate_1m,18.37581148672914,77.5324454557297
2025-06-08,WS-f575dcdea0dc,AEG?,moderate_1m,19.35040442553653,87.89140631435896
2025-06-09,WS-f575dcdea0dc,AEG?,moderate_1m,20.151251482344307,96.40361996262521
2025-06-10,WS-f575dcdea0dc,AEG?,moderate_1m,20.03880946983802,95.20847236813981
2025-06-11,WS-f575dcdea0dc,AEG?,moderate_1m,19.91160303259027,93.85639351352833
2025-06-12,WS-f575dcdea0dc,AEG?,moderate_1m,19.80611425528953,92.73515194530982
2025-06-13,WS-f575dcdea0dc,AEG?,moderate_1m,19.705820344973134,91.66912668496087
2025-06-14,WS-f575dcdea0dc,AEG?,moderate_1m,19.596511044380726,90.50727672562653
2025-06-15,WS-f575dcdea0dc,AEG?,moderate_1m,19.6125876857077,90.67815555268655
2025-06-16,WS-f575dcdea0dc,AEG?,moderate_1m,19.861321001113204,93.32194515542643
2025-06-17,WS-f575dcdea0dc,AEG?,moderate_1m,19.797592710656602,92.64457633800492
2025-06-18,WS-f575dcdea0dc,AEG?,moderate_1m,19.68167348738485,91.41246942565216
2025-06-19,WS-f575dcdea0dc,AEG?,moderate_1m,19.57117444800651,90.23797371748802
2025-06-20,WS-f575dcdea0dc,AEG?,moderate_1m,19.462095134496217,89.07856829380216
2025-06-21,WS-f575dcdea0dc,AEG?,moderate_1m,19.33929924326784,87.77336918945413
2025-06-22,WS-f575dcdea0dc,AEG?,moderate_1m,19.225750859537918,86.56646196102889
2025-06-23,WS-f575dcdea0dc,AEG?,moderate_1m,19.152460021078454,85.78745269811887
2025-06-24,WS-f575dcdea0dc,AEG?,moderate_1m,20.605910262545628,101.23619397439768
2025-06-25,WS-f575dcdea0dc,AEG?,moderate_1m,21.19845485502261,107.53435805505757
2025-06-26,WS-f575dcdea0dc,AEG?,moderate_1m,21.871533897552318,114.68852383924744
2025-06-27,WS-f575dcdea0dc,AEG?,moderate_1m,21.718300491449725,113.05980399853775
2025-06-28,WS-f575dcdea0dc,AEG?,moderate_1m,21.562446174749027,111.40322646543292
2025-06-29,WS-f575dcdea0dc,AEG?,moderate_1m,21.423055656790105,109.92164286052035
2025-06-30,WS-f575dcdea0dc,AEG?,moderate_1m,21.294846666857715,108.55890786055285
2025-07-01,WS-f575dcdea0dc,AEG?,moderate_1m,21.186651314961303,107.40889807620945
2025-07-02,WS-f575dcdea0dc,AEG?,moderate_1m,21.61949780786656,112.00962900628099
2025-07-03,WS-f575dcdea0dc,AEG?,moderate_1m,21.45533472728976,110.2647375152673
2025-07-04,WS-f575dcdea0dc,AEG?,moderate_1m,21.69020926239677,112.76122196429232
2025-07-05,WS-f575dcdea0dc,AEG?,moderate_1m,21.582610016863626,111.61754820213693
2025-07-06,WS-f575dcdea0dc,AEG?,moderate_1m,21.471366267791858,110.43513696508062
2025-07-07,WS-f575dcdea0dc,AEG?,moderate_1m,22.342871478366362,119.69837703685884
2025-07-08,WS-f575dcdea0dc,AEG?,moderate_1m,22.21763372862307,118.36722338700675
2025-07-09,WS-f575dcdea0dc,AEG?,moderate_1m,22.078812771529186,116.89169365184088
2025-07-10,WS-f575dcdea0dc,AEG?,moderate_1m,22.460849967293605,120.95237191030111
2025-07-11,WS-f575dcdea0dc,AEG?,moderate_1m,22.978704212539384,126.45665133134892
2025-07-12,WS-f575dcdea0dc,AEG?,moderate_1m,22.829187398623446,124.86743519670563
2025-07-13,WS-f575dcdea0dc,AEG?,moderate_1m,22.683546127938186,123.31941226081626
2025-07-14,WS-f575dcdea0dc,AEG?,moderate_1m,22.618201063421566,122.62485873115429
2025-07-15,WS-f575dcdea0dc,AEG?,moderate_1m,22.48558116334963,121.21524011068529
2025-07-16,WS-f575dcdea0dc,AEG?,moderate_1m,22.317460267339733,119.4282809486219
2025-07-17,WS-f575dcdea0dc,AEG?,moderate_1m,22.152826927605417,117.67839106698565
2025-07-18,WS-f575dcdea0dc,AEG?,moderate_1m,21.975626898846734,115.79492968637538
2025-07-19,WS-f575dcdea0dc,AEG?,moderate_1m,21.801262984754338,113.94161340496375
2025-07-20,WS-f575dcdea0dc,AEG?,moderate_1m,21.629689792861548,112.1179597456397
2025-07-21,WS-f575dcdea0dc,AEG?,moderate_1m,21.470376765694205,110.42461953458121
2025-07-22,WS-f575dcdea0dc,AEG?,moderate_1m,21.33689591281982,109.00584983572183
2025-07-23,WS-f575dcdea0dc,AEG?,moderate_1m,22.85069717040482,125.09606283711716
2025-07-24,WS-f575dcdea0dc,AEG?,moderate_1m,22.69283302974791,123.4181228593792
2025-07-25,WS-f575dcdea0dc,AEG?,moderate_1m,22.543645680324744,121.83240860705928
2025-07-26,WS-f575dcdea0dc,AEG?,moderate_1m,23.705422368428053,134.18094794006228
2025-07-27,WS-f575dcdea0dc,AEG?,moderate_1m,24.61738390364625,143.87419880586583
2025-07-28,WS-f575dcdea0dc,AEG?,moderate_1m,25.165025021596527,149.69508327930038
2025-07-29,WS-f575dcdea0dc,AEG?,moderate_1m,25.56124193958425,153.90647798731462
2025-07-30,WS-f575dcdea0dc,AEG?,moderate_1m,25.430924375297487,152.5213309234641
2025-07-31,WS-f575dcdea0dc,AEG?,moderate_1m,25.162429898977308,149.6674996876639
2025-08-01,WS-f575dcdea0dc,AEG?,moderate_1m,24.9561114279456,147.4745380103045
2025-08-02,WS-f575dcdea0dc,AEG?,moderate_1m,24.898192226804873,146.85891407779985
2025-08-03,WS-f575dcdea0dc,AEG?,moderate_1m,24.639665717827228,144.11103249485438
2025-08-04,WS-f575dcdea0dc,AEG?,moderate_1m,24.392090994879297,141.47955758622035
2025-08-05,WS-f575dcdea0dc,AEG?,moderate_1m,24.29903366400749,140.4904500216927
2025-08-06,WS-f575dcdea0dc,AEG?,moderate_1m,24.0669153169799,138.02326113114844
2025-08-07,WS-f575dcdea0dc,AEG?,moderate_1m,23.87079238002852,135.93866791642142
2025-08-08,WS-f575dcdea0dc,AEG?,moderate_1m,23.660328297396823,133.70164248014342
2025-08-09,WS-f575dcdea0dc,AEG?,moderate_1m,23.46467329782581,131.6220229778398
2025-08-10,WS-f575dcdea0dc,AEG?,moderate_1m,23.24972318199059,129.33731543704883
2025-08-11,WS-f575dcdea0dc,AEG?,moderate_1m,23.03850419062399,127.0922660661359
2025-08-12,WS-f575dcdea0dc,AEG?,moderate_1m,22.820166759995487,124.77155471291998
2025-08-13,WS-f575dcdea0dc,AEG?,moderate_1m,22.65346158607438,122.99964327911368
2025-08-14,WS-f575dcdea0dc,AEG?,moderate_1m,22.484530210121072,121.20406951532664
2025-08-15,WS-f575dcdea0dc,AEG?,moderate_1m,22.3020212175265,119.26417908994704
2025-08-16,WS-f575dcdea0dc,AEG?,moderate_1m,22.13498723501032,117.48877274536231
2025-08-17,WS-f575dcdea0dc,AEG?,moderate_1m,22.022876153882677,116.29714262474907
2025-08-18,WS-f575dcdea0dc,AEG?,moderate_1m,21.813215398068003,114.06865575952251
2025-08-19,WS-f575dcdea0dc,AEG?,moderate_1m,21.612411983835614,111.93431369168665
2025-08-20,WS-f575dcdea0dc,AEG?,moderate_1m,21.51850605018658,110.93618631734532
2025-08-21,WS-f575dcdea0dc,AEG?,moderate_1m,21.480781788007313,110.53521465032931
2025-08-22,WS-f575dcdea0dc,AEG?,moderate_1m,21.322937190709702,108.85748239920815
2025-08-23,WS-f575dcdea0dc,AEG?,moderate_1m,21.12668867143573,106.77155436836209
2025-08-24,WS-f575dcdea0dc,AEG?,moderate_1m,20.897958975666562,104.34038349554781
2025-08-25,WS-f575dcdea0dc,AEG?,moderate_1m,20.683291536481555,102.058680528501
2025-08-26,WS-f575dcdea0dc,AEG?,moderate_1m,20.49063941490916,100.01097865499636
2025-08-27,WS-f575dcdea0dc,AEG?,moderate_1m,21.622424996455237,112.04074213136994
2025-08-28,WS-f575dcdea0dc,AEG?,moderate_1m,22.291018719700233,119.14723339929907
2025-08-29,WS-f575dcdea0dc,AEG?,moderate_1m,22.995260348425106,126.63262671222971
2025-08-30,WS-f575dcdea0dc,AEG?,moderate_1m,24.095788850003835,138.33015828434486
2025-08-31,WS-f575dcdea0dc,AEG?,moderate_1m,23.828799287193227,135.49232279355823
2025-09-01,WS-f575dcdea0dc,AEG?,moderate_1m,23.567287000389605,132.7127053397684
2025-09-02,WS-f575dcdea0dc,AEG?,moderate_1m,23.33366309935562,130.2295138963615
2025-09-03,WS-f575dcdea0dc,AEG?,moderate_1m,23.049155446353737,127.20547840003061
2025-09-04,WS-f575dcdea0dc,AEG?,moderate_1m,22.722679468309174,123.73536103802218
2025-09-05,WS-f575dcdea0dc,AEG?,moderate_1m,22.46810926067908,121.0295310328918
2025-09-06,WS-f575dcdea0dc,AEG?,moderate_1m,22.188294983338622,118.05538148672082
2025-09-07,WS-f575dcdea0dc,AEG?,moderate_1m,21.94541063140555,115.47376059181977
2025-09-08,WS-f575dcdea0dc,AEG?,moderate_1m,21.99458865414875,115.99647442691587
2025-09-09,WS-f575dcdea0dc,AEG?,moderate_1m,21.661699690326458,112.45819335674454
2025-09-10,WS-f575dcdea0dc,AEG?,moderate_1m,21.958577854434765,115.61371517444108
2025-09-11,WS-f575dcdea0dc,AEG?,moderate_1m,25.214967929299043,150.22592708644882
2025-09-12,WS-f575dcdea0dc,AEG?,moderate_1m,24.961879279985745,147.5358445836882
2025-09-13,WS-f575dcdea0dc,AEG?,moderate_1m,24.664602320066408,144.37608396019644
2025-09-14,WS-f575dcdea0dc,AEG?,moderate_1m,24.379817846033177,141.3491061295695
2025-09-15,WS-f575dcdea0dc,AEG?,moderate_1m,24.03503380945353,137.68439217834862
2025-09-16,WS-f575dcdea0dc,AEG?,moderate_1m,23.769290632915123,134.85980454325068
2025-09-17,WS-f575dcdea0dc,AEG?,moderate_1m,23.89630858073334,136.20987994129575
2025-09-18,WS-f575dcdea0dc,AEG?,moderate_1m,23.57561883847162,132.80126455370817
2025-09-19,WS-f575dcdea0dc,AEG?,moderate_1m,23.30803128162149,129.95707297659828
2025-09-20,WS-f575dcdea0dc,AEG?,moderate_1m,24.08202754112859,138.18388915563904
2025-09-21,WS-f575dcdea0dc,AEG?,moderate_1m,23.803594279069905,135.22441843862785
2025-09-22,WS-f575dcdea0dc,AEG?,moderate_1m,23.462274933325276,131.59653073077288
2025-09-23,WS-f575dcdea0dc,AEG?,moderate_1m,23.674399917900246,133.85120991512898
2025-09-24,WS-f575dcdea0dc,AEG?,moderate_1m,23.404696776420458,130.9845317618301
2025-09-25,WS-f575dcdea0dc,AEG?,moderate_1m,23.079636853793538,127.52946567103547
2025-09-26,WS-f575dcdea0dc,AEG?,moderate_1m,22.681987014792412,123.30284042717358
2025-09-27,WS-f575dcdea0dc,AEG?,moderate_1m,22.27135813462298,118.93826078810585
2025-09-28,WS-f575dcdea0dc,AEG?,moderate_1m,21.950960874585064,115.5327541978301
2025-09-29,WS-f575dcdea0dc,AEG?,moderate_1m,21.639737407516172,112.2247559707973
2025-09-30,WS-f575dcdea0dc,AEG?,moderate_1m,21.356471406252595,109.21391800673344
2025-10-01,WS-f575dcdea0dc,AEG?,moderate_1m,21.048368177210946,105.93908482975057
2025-10-02,WS-f575dcdea0dc,AEG?,moderate_1m,20.812432044951855,103.431316650967
2025-10-03,WS-f575dcdea0dc,AEG?,moderate_1m,20.675094861335936,101.97155796314749
2025-10-04,WS-f575dcdea0dc,AEG?,moderate_1m,20.409055806122808,99.14382542981735
2025-10-05,WS-f575dcdea0dc,AEG?,moderate_1m,20.125154726412575,96.12623720879074
2025-10-06,WS-f575dcdea0dc,AEG?,moderate_1m,19.866208758854498,93.37389719520881
2025-10-07,WS-f575dcdea0dc,AEG?,moderate_1m,19.687041001808176,91.46952080536708
2025-10-08,WS-f575dcdea0dc,AEG?,moderate_1m,19.425115505140674,88.68551133862915
2025-10-09,WS-f575dcdea0dc,AEG?,moderate_1m,20.445783697296342,99.53420665662183
2025-10-10,WS-f575dcdea0dc,AEG?,moderate_1m,20.329257716372254,98.29565050939266
2025-10-11,WS-f575dcdea0dc,AEG?,moderate_1m,19.96854424991814,94.46162244353052
2025-10-12,WS-f575dcdea0dc,AEG?,moderate_1m,19.72209826742312,91.84214493166144
2025-10-13,WS-f575dcdea0dc,AEG?,moderate_1m,19.424034808211466,88.67402459709437
2025-10-14,WS-f575dcdea0dc,AEG?,moderate_1m,19.158827238356494,85.85512993231089
2025-10-15,WS-f575dcdea0dc,AEG?,moderate_1m,18.880193969961766,82.89353334538619
2025-10-16,WS-f575dcdea0dc,AEG?,moderate_1m,18.583035508010134,79.73503223831446
2025-10-17,WS-f575dcdea0dc,AEG?,moderate_1m,18.317498178254695,76.91263255131535
2025-10-18,WS-f575dcdea0dc,AEG?,moderate_1m,18.0613601358056,74.19013800976553
2025-10-19,WS-f575dcdea0dc,AEG?,moderate_1m,17.833175557335522,71.76476119572169
2025-10-20,WS-f575dcdea0dc,AEG?,moderate_1m,17.518058499066477,68.41537793783563
2025-10-21,WS-f575dcdea0dc,AEG?,moderate_1m,17.479981648427277,68.0106586035523
2025-10-22,WS-f575dcdea0dc,AEG?,moderate_1m,17.5825245521642,69.1005884438412
2025-10-23,WS-f575dcdea0dc,AEG?,moderate_1m,17.49441151001127,68.16403378758238
2025-10-24,WS-f575dcdea0dc,AEG?,moderate_1m,17.43947220617516,67.58008322178517
2025-10-25,WS-f575dcdea0dc,AEG?,moderate_1m,17.251689485489152,65.58413827281633
2025-10-26,WS-f575dcdea0dc,AEG?,moderate_1m,17.13345425038883,64.32741444100422
2025-10-27,WS-f575dcdea0dc,AEG?,moderate_1m,18.044454866802532,74.01045168849828
2025-10-28,WS-f575dcdea0dc,AEG?,moderate_1m,18.08543946205829,74.44607747764127
2025-10-29,WS-f575dcdea0dc,AEG?,moderate_1m,17.925958514596175,72.75095243961384
2025-10-30,WS-f575dcdea0dc,AEG?,moderate_1m,17.7500399992432,70.88111228144523
2025-10-31,WS-f575dcdea0dc,AEG?,moderate_1m,17.56511447176792,68.91553647579454
2025-11-01,WS-f575dcdea0dc,AEG?,moderate_1m,17.676960063229657,70.10434470334043
2025-11-02,WS-f575dcdea0dc,AEG?,moderate_1m,17.410776260298434,67.27507364465633
2025-11-03,WS-f575dcdea0dc,AEG?,moderate_1m,17.22098664554754,65.25779739290697
2025-11-04,WS-f575dcdea0dc,AEG?,moderate_1m,17.325413329209155,66.36774995419972
2025-11-05,WS-f575dcdea0dc,AEG?,moderate_1m,18.368076105380148,77.4502259880627
2025-11-06,WS-f575dcdea0dc,AEG?,moderate_1m,18.103575471042426,74.63884534996787
2025-11-07,WS-f575dcdea0dc,AEG?,moderate_1m,17.82650802890243,71.69389195040709
2025-11-08,WS-f575dcdea0dc,AEG?,moderate_1m,17.58470777924439,69.12379399250528
2025-11-09,WS-f575dcdea0dc,AEG?,moderate_1m,17.35744134514789,66.70817614679544
2025-11-10,WS-f575dcdea0dc,AEG?,moderate_1m,17.1409473841803,64.40705905627235
2025-11-11,WS-f575dcdea0dc,AEG?,moderate_1m,16.94011962622256,62.27245823866716
2025-11-12,WS-f575dcdea0dc,AEG?,moderate_1m,16.790919565196,60.686608874551546
2025-11-13,WS-f575dcdea0dc,AEG?,moderate_1m,16.552769965075967,58.15531371745705
2025-11-14,WS-f575dcdea0dc,AEG?,moderate_1m,16.30234655484704,55.493560075141204
2025-11-15,WS-f575dcdea0dc,AEG?,moderate_1m,16.50440137439103,57.64120334609992
2025-11-16,WS-f575dcdea0dc,AEG?,moderate_1m,16.37333675367266,56.248115809847
2025-11-17,WS-f575dcdea0dc,AEG?,moderate_1m,16.242033578709915,54.85249267746804
2025-11-18,WS-f575dcdea0dc,AEG?,moderate_1m,16.035794312057654,52.66037286447456
2025-11-19,WS-f575dcdea0dc,AEG?,moderate_1m,15.826907364194655,50.4401108139007
2025-11-20,WS-f575dcdea0dc,AEG?,moderate_1m,15.616126869329884,48.1997222279352
2025-11-21,WS-f575dcdea0dc,AEG?,moderate_1m,15.512871766727192,47.102222416758735
2025-11-22,WS-f575dcdea0dc,AEG?,moderate_1m,15.421960269722986,46.13592294795858
2025-11-23,WS-f575dcdea0dc,AEG?,moderate_1m,16.941740935770177,62.28969115866352
2025-11-24,WS-f575dcdea0dc,AEG?,moderate_1m,16.83613146059262,61.16716669116279
2025-11-25,WS-f575dcdea0dc,AEG?,moderate_1m,16.60388181738889,58.69858225187672
2025-11-26,WS-f575dcdea0dc,AEG?,moderate_1m,16.58866148295374,58.536805121763344
2025-11-27,WS-f575dcdea0dc,AEG?,moderate_1m,16.314242398081667,55.6200011456036
2025-11-28,WS-f575dcdea0dc,AEG?,moderate_1m,16.08653584122831,53.19970522946081
2025-11-29,WS-f575dcdea0dc,AEG?,moderate_1m,15.909367697266374,51.316582752764496
2025-11-30,WS-f575dcdea0dc,AEG?,moderate_1m,15.988184328787876,52.154325741072356
2025-12-01,WS-f575dcdea0dc,AEG?,moderate_1m,15.902927365039888,51.248128378846715
2025-12-02,WS-f575dcdea0dc,AEG?,moderate_1m,16.07917109499619,53.12142524720929
2025-12-03,WS-f575dcdea0dc,AEG?,moderate_1m,15.868455298991874,50.88172434626218
2025-12-04,WS-f575dcdea0dc,AEG?,moderate_1m,15.642876209890124,48.484041312164095
2025-12-05,WS-f575dcdea0dc,AEG?,moderate_1m,15.376498762170796,45.65271200054118
2025-12-06,WS-f575dcdea0dc,AEG?,moderate_1m,15.133424993186003,43.06907778936557
2025-12-07,WS-f575dcdea0dc,AEG?,moderate_1m,14.964773518391679,41.27647909859077
2025-12-08,WS-f575dcdea0dc,AEG?,moderate_1m,14.808048136754232,39.61064300509031
2025-12-09,WS-f575dcdea0dc,AEG?,moderate_1m,14.610589945550453,37.51185735577224
2025-12-10,WS-f575dcdea0dc,AEG?,moderate_1m,14.439510065411659,35.69344711341465
2025-12-11,WS-f575dcdea0dc,AEG?,moderate_1m,14.329728706295624,34.52657963797228
2025-12-12,WS-f575dcdea0dc,AEG?,moderate_1m,14.232325821495108,33.49128312494725
2025-12-13,WS-f575dcdea0dc,AEG?,moderate_1m,14.159158640932004,32.71358822340514
2025-12-14,WS-f575dcdea0dc,AEG?,moderate_1m,14.541891527408259,36.78166098737298
2025-12-15,WS-f575dcdea0dc,AEG?,moderate_1m,14.392869159478026,35.197700325459536
2025-12-16,WS-f575dcdea0dc,AEG?,moderate_1m,14.244290656833476,33.61845751336602
2025-12-17,WS-f575dcdea0dc,AEG?,moderate_1m,14.07812977750701,31.852331393793932
2025-12-18,WS-f575dcdea0dc,AEG?,moderate_1m,13.917995137478941,30.150258249090697
2025-12-19,WS-f575dcdea0dc,AEG?,moderate_1m,13.772813740543372,28.60712331719081
2025-12-20,WS-f575dcdea0dc,AEG?,moderate_1m,14.077228160922255,31.84274809953939
2025-12-21,WS-f575dcdea0dc,AEG?,moderate_1m,15.121486076884862,42.94217889472625
2025-12-22,WS-f575dcdea0dc,AEG?,moderate_1m,17.453249267147704,67.72651977973533
2025-12-23,WS-f575dcdea0dc,AEG?,moderate_1m,17.14436973670366,64.44343528518006
2025-12-24,WS-f575dcdea0dc,AEG?,moderate_1m,16.85866614436292,61.406688134262694
2025-12-25,WS-f575dcdea0dc,AEG?,moderate_1m,16.583820244870765,58.48534754002651
2025-12-26,WS-f575dcdea0dc,AEG?,moderate_1m,16.336938622384253,55.86123960509504
2025-12-27,WS-f575dcdea0dc,AEG?,moderate_1m,16.09639375679403,53.30448514056695
2025-12-28,WS-f575dcdea0dc,AEG?,moderate_1m,15.85555028423215,50.74455677870354
2025-12-29,WS-f575dcdea0dc,AEG?,moderate_1m,15.632732355365063,48.37622215218812
2025-12-30,WS-f575dcdea0dc,AEG?,moderate_1m,15.39978816455596,45.90025535748771
2025-12-31,WS-f575dcdea0dc,AEG?,moderate_1m,15.206031437583507,43.84081261900467
2026-01-01,WS-f575dcdea0dc,AEG?,moderate_1m,16.28274801240211,55.28524691588347
2026-01-02,WS-f575dcdea0dc,AEG?,moderate_1m,16.056411928966078,52.87951777928788
2026-01-03,WS-f575dcdea0dc,AEG?,moderate_1m,15.817488569031608,50.339998319192034
2026-01-04,WS-f575dcdea0dc,AEG?,moderate_1m,15.647708078250245,48.53539930299647
2026-01-05,WS-f575dcdea0dc,AEG?,moderate_1m,15.495285288251393,46.91529551126026
2026-01-06,WS-f575dcdea0dc,AEG?,moderate_1m,15.273356981435425,44.556416688947316
2026-01-07,WS-f575dcdea0dc,AEG?,moderate_1m,15.04368227739682,42.11520131110499
2026-01-08,WS-f575dcdea0dc,AEG?,moderate_1m,14.799787696567519,39.52284268029633
2026-01-09,WS-f575dcdea0dc,AEG?,moderate_1m,14.56755196972214,37.05440615816179
2026-01-10,WS-f575dcdea0dc,AEG?,moderate_1m,14.315232744444044,34.37250187334939
2026-01-11,WS-f575dcdea0dc,AEG?,moderate_1m,14.174512789557193,32.876787666262324
2026-01-12,WS-f575dcdea0dc,AEG?,moderate_1m,14.021782157206756,31.25341181421898
2026-01-13,WS-f575dcdea0dc,AEG?,moderate_1m,13.871288786678901,29.653815846810357
2026-01-14,WS-f575dcdea0dc,AEG?,moderate_1m,13.73730516476749,28.229702209401772
2026-01-15,WS-f575dcdea0dc,AEG?,moderate_1m,13.947462228692823,30.463464339908274
2026-01-16,WS-f575dcdea0dc,AEG?,moderate_1m,13.903735082799207,29.998687944825974
2026-01-17,WS-f575dcdea0dc,AEG?,moderate_1m,13.826954870804505,29.18259008581249
2026-01-18,WS-f575dcdea0dc,AEG?,moderate_1m,13.754493371752028,28.41239588210655
2026-01-19,WS-f575dcdea0dc,AEG?,moderate_1m,13.658667573615295,27.39386224347787
2026-01-20,WS-f575dcdea0dc,AEG?,moderate_1m,13.547680247086484,26.214176524922614
2026-01-21,WS-f575dcdea0dc,AEG?,moderate_1m,13.425901081863904,24.919784214343238
2026-01-22,WS-f575dcdea0dc,AEG?,moderate_1m,13.319650972148052,23.790450434110404
2026-01-23,WS-f575dcdea0dc,AEG?,moderate_1m,13.215187770002826,22.6801097173865
2026-01-24,WS-f575dcdea0dc,AEG?,moderate_1m,13.1059770964418,21.519308066034913
2026-01-25,WS-f575dcdea0dc,AEG?,moderate_1m,13.002355987119858,20.41791796474067
2026-01-26,WS-f575dcdea0dc,AEG?,moderate_1m,12.903172047766885,19.363690600011957
2026-01-27,WS-f575dcdea0dc,AEG?,moderate_1m,12.803358143549671,18.302767330653623
2026-01-28,WS-f575dcdea0dc,AEG?,moderate_1m,12.698917586079373,17.19266730447025
2026-01-29,WS-f575dcdea0dc,AEG?,moderate_1m,12.617589321961,16.328228141045322
2026-01-30,WS-f575dcdea0dc,AEG?,moderate_1m,12.52580160213495,15.35261528862266
2026-01-31,WS-f575dcdea0dc,AEG?,moderate_1m,12.435589827658815,14.393753179556544
2026-02-01,WS-f575dcdea0dc,AEG?,moderate_1m,12.377272962007824,13.773902465867025
2026-02-02,WS-f575dcdea0dc,AEG?,moderate_1m,12.485210227329956,14.921169044699099
2026-02-03,WS-f575dcdea0dc,AEG?,moderate_1m,12.432353600738663,14.359355282074862
2026-02-04,WS-f575dcdea0dc,AEG?,moderate_1m,12.368692820247508,13.682704028942817
2026-02-05,WS-f575dcdea0dc,AEG?,moderate_1m,12.298162664731775,12.93303810048394
2026-02-06,WS-f575dcdea0dc,AEG?,moderate_1m,12.234789224010983,12.259440985460014
2026-02-07,WS-f575dcdea0dc,AEG?,moderate_1m,12.184599453456356,11.725973269887199
2026-02-08,WS-f575dcdea0dc,AEG?,moderate_1m,14.72777002862484,38.75736596315443
2026-02-09,WS-f575dcdea0dc,AEG?,moderate_1m,15.312015397467379,44.967317489256494
2026-02-10,WS-f575dcdea0dc,AEG?,moderate_1m,16.0598438471836,52.91599568208168
2026-02-11,WS-f575dcdea0dc,AEG?,moderate_1m,15.879202662815983,50.99595821432573
2026-02-12,WS-f575dcdea0dc,AEG?,moderate_1m,15.852566178625358,50.71283868189831
2026-02-13,WS-f575dcdea0dc,AEG?,moderate_1m,15.642797696825356,48.48320679579072
2026-02-14,WS-f575dcdea0dc,AEG?,moderate_1m,15.48956503452946,46.85449486101193
2026-02-15,WS-f575dcdea0dc,AEG?,moderate_1m,15.323588057016964,45.090323436181464
2026-02-16,WS-f575dcdea0dc,AEG?,moderate_1m,15.158121052262286,43.33157251834099
2026-02-17,WS-f575dcdea0dc,AEG?,moderate_1m,14.982561456271211,41.46554731867793
2026-02-18,WS-f575dcdea0dc,AEG?,moderate_1m,14.812802793676825,39.66118031456192
2026-02-19,WS-f575dcdea0dc,AEG?,moderate_1m,14.645382799479341,37.881671046860944
2026-02-20,WS-f575dcdea0dc,AEG?,moderate_1m,14.498332824351857,36.31867497336994
2026-02-21,WS-f575dcdea0dc,AEG?,moderate_1m,14.340399504312762,34.639999687090565
2026-02-22,WS-f575dcdea0dc,AEG?,moderate_1m,14.269131987584545,33.88249633683781
2026-02-23,WS-f575dcdea0dc,AEG?,moderate_1m,14.783244706310354,39.34700702447024
2026-02-24,WS-f575dcdea0dc,AEG?,moderate_1m,14.618820372615593,37.59933867071171
2026-02-25,WS-f575dcdea0dc,AEG?,moderate_1m,14.484033481541308,36.166687075058405
2026-02-26,WS-f575dcdea0dc,AEG?,moderate_1m,14.904380052643722,40.634556175810715
2026-02-27,WS-f575dcdea0dc,AEG?,moderate_1m,14.806265597166854,39.59169636893144
2026-02-28,WS-f575dcdea0dc,AEG?,moderate_1m,14.805817488894649,39.58693342035322
2026-03-01,WS-f575dcdea0dc,AEG?,moderate_1m,14.721012998679653,38.68554540511872
2026-03-02,WS-f575dcdea0dc,AEG?,moderate_1m,15.108971695618573,42.809163375584376
2026-03-03,WS-f575dcdea0dc,AEG?,moderate_1m,18.387288416421015,77.6544338887681
2026-03-04,WS-f575dcdea0dc,AEG?,moderate_1m,20.031519171459372,95.1309836930786
2026-03-05,WS-f575dcdea0dc,AEG?,moderate_1m,19.744994296640442,92.08550712015678
2026-03-06,WS-f575dcdea0dc,AEG?,moderate_1m,19.438326838392243,88.8259347693702
2026-03-07,WS-f575dcdea0dc,AEG?,moderate_1m,19.191508916553794,86.20250390944477
2026-03-08,WS-f575dcdea0dc,AEG?,moderate_1m,19.825416910012756,92.94032011017487
2026-03-09,WS-f575dcdea0dc,AEG?,moderate_1m,19.551393007072143,90.02771652783802
2026-03-10,WS-f575dcdea0dc,AEG?,moderate_1m,19.221020202808525,86.51617974991895
2026-03-11,WS-f575dcdea0dc,AEG?,moderate_1m,18.936570774793218,83.49276312771786
2026-03-12,WS-f575dcdea0dc,AEG?,moderate_1m,18.630179150590543,80.23612262054242
2026-03-13,WS-f575dcdea0dc,AEG?,moderate_1m,18.709765724430746,81.08204933564042
2026-03-14,WS-f575dcdea0dc,AEG?,moderate_1m,18.460383882780746,78.4313665391219
2026-03-15,WS-f575dcdea0dc,AEG?,moderate_1m,18.205843612202976,75.72585473530496
2026-03-16,WS-f575dcdea0dc,AEG?,moderate_1m,17.99221351091454,73.45517764607837
2026-03-17,WS-f575dcdea0dc,AEG?,moderate_1m,17.84108856435119,71.84886864888017
2026-03-18,WS-f575dcdea0dc,AEG?,moderate_1m,17.732747744166048,70.69731268022822
2026-03-19,WS-f575dcdea0dc,AEG?,moderate_1m,18.22673913441527,75.94795350916087
2026-03-20,WS-f575dcdea0dc,AEG?,moderate_1m,19.595469255184014,90.49620353488001
2026-03-21,WS-f575dcdea0dc,AEG?,moderate_1m,19.386246517740823,88.2723723725473
2026-03-22,WS-f575dcdea0dc,AEG?,moderate_1m,19.26726217544136,87.00768627069831
2026-03-23,WS-f575dcdea0dc,AEG?,moderate_1m,19.02549656537417,84.43795649745228
2026-03-24,WS-f575dcdea0dc,AEG?,moderate_1m,18.769375670900807,81.71564422195672
2026-03-25,WS-f575dcdea0dc,AEG?,moderate_1m,18.514577984752307,79.00739634473376
2026-03-26,WS-f575dcdea0dc,AEG?,moderate_1m,18.358734446157833,77.35093337225837
2026-03-27,WS-f575dcdea0dc,AEG?,moderate_1m,19.868761495754782,93.4010302684945
2026-03-28,WS-f575dcdea0dc,AEG?,moderate_1m,19.756376665729718,92.20649046733612
2026-03-29,WS-f575dcdea0dc,AEG?,moderate_1m,19.519726448018858,89.69113226511821
2026-03-30,WS-f575dcdea0dc,AEG?,moderate_1m,19.285726452672797,87.2039433104398
2026-03-31,WS-f575dcdea0dc,AEG?,moderate_1m,19.054515440566412,84.7463984944216
2026-04-01,WS-f575dcdea0dc,AEG?,moderate_1m,18.81184179014174,82.16701714855833
2026-04-02,WS-f575dcdea0dc,AEG?,moderate_1m,18.56958173868781,79.5920319514649
2026-04-03,WS-f575dcdea0dc,AEG?,moderate_1m,18.368683849195392,77.45668570487727
2026-04-04,WS-f575dcdea0dc,AEG?,moderate_1m,18.225758347684362,75.93752871440653
2026-04-05,WS-f575dcdea0dc,AEG?,moderate_1m,18.08241408791109,74.41392073699026
2026-04-06,WS-f575dcdea0dc,AEG?,moderate_1m,18.21759533271309,75.85076392347815
2026-04-07,WS-f575dcdea0dc,AEG?,moderate_1m,18.332542604137608,77.07253994716856
2026-04-08,WS-f575dcdea0dc,AEG?,moderate_1m,18.170080437210586,75.3457274891751
2026-04-09,WS-f575dcdea0dc,AEG?,moderate_1m,17.94793217806958,72.98451079077552
2026-04-10,WS-f575dcdea0dc,AEG?,moderate_1m,18.527935668575815,79.14937533758281
2026-04-11,WS-f575dcdea0dc,AEG?,moderate_1m,18.34739830657182,77.23044139906273
2026-04-12,WS-f575dcdea0dc,AEG?,moderate_1m,18.217997523381584,75.85503881325708
2026-04-13,WS-f575dcdea0dc,AEG?,moderate_1m,18.042624433136403,73.99099598556143
2026-04-14,WS-f575dcdea0dc,AEG?,moderate_1m,17.890397106584103,72.37296977730806
2026-04-15,WS-f575dcdea0dc,AEG?,moderate_1m,17.74456938250497,70.8229650259015
2026-04-16,WS-f575dcdea0dc,AEG?,moderate_1m,17.60186483640105,69.30615657328957
2026-04-17,WS-f575dcdea0dc,AEG?,moderate_1m,17.456335396004796,67.75932228297778
2026-04-18,WS-f575dcdea0dc,AEG?,moderate_1m,17.316928967658484,66.27756956635346
2026-04-19,WS-f575dcdea0dc,AEG?,moderate_1m,17.183383154116527,64.85810939972455
2026-04-20,WS-f575dcdea0dc,AEG?,moderate_1m,17.04719374710303,63.410550444147546
2026-04-21,WS-f575dcdea0dc,AEG?,moderate_1m,16.905972591188238,61.90950896489997
2026-04-22,WS-f575dcdea0dc,AEG?,moderate_1m,16.7864817083803,60.639438837483304
2026-04-23,WS-f575dcdea0dc,AEG?,moderate_1m,16.677160788778117,59.47746537954485
2026-04-24,WS-f575dcdea0dc,AEG?,moderate_1m,16.567411107512825,58.31093460838474
2026-04-25,WS-f575dcdea0dc,AEG?,moderate_1m,16.447443568679688,57.03579809795682
2026-04-26,WS-f575dcdea0dc,AEG?,moderate_1m,16.327679493016767,55.76282420017728
2026-04-27,WS-f575dcdea0dc,AEG?,moderate_1m,16.201124568683497,54.41767028469804
2026-04-28,WS-f575dcdea0dc,AEG?,moderate_1m,16.086858051886743,53.203130010685896
2026-04-29,WS-f575dcdea0dc,AEG?,moderate_1m,15.963855052130059,51.89572954713164
2026-04-30,WS-f575dcdea0dc,AEG?,moderate_1m,15.861489773627804,50.80768768774247
2026-05-01,WS-f575dcdea0dc,AEG?,moderate_1m,15.769893557578202,49.83411033141822
2026-05-02,WS-f575dcdea0dc,AEG?,moderate_1m,15.701196629586084,49.10392980184325
2026-05-03,WS-f575dcdea0dc,AEG?,moderate_1m,16.14336230109933,53.8037144009808
2026-05-04,WS-f575dcdea0dc,AEG?,moderate_1m,17.420860894624525,67.38226335237722
2026-05-05,WS-f575dcdea0dc,AEG?,moderate_1m,17.668501243235333,70.01443579702452
2026-05-06,WS-f575dcdea0dc,AEG?,moderate_1m,17.554161630880024,68.799118589382
2026-05-07,WS-f575dcdea0dc,AEG?,moderate_1m,17.45105163914318,67.70316116346162
2026-05-08,WS-f575dcdea0dc,AEG?,moderate_1m,17.37274600942068,66.87084961983574
2026-05-09,WS-f575dcdea0dc,AEG?,moderate_1m,17.281309568133643,65.89897051151398
2026-05-10,WS-f575dcdea0dc,AEG?,moderate_1m,17.17369086554573,64.7550899400737
2026-05-11,WS-f575dcdea0dc,AEG?,moderate_1m,17.076182702019594,63.71867441812244
2026-05-12,WS-f575dcdea0dc,AEG?,moderate_1m,16.993752774122278,62.842525656247794
2026-05-13,WS-f575dcdea0dc,AEG?,moderate_1m,16.901790894655164,61.86506165876432
2026-05-14,WS-f575dcdea0dc,AEG?,moderate_1m,17.175262855163737,64.7717986379051
2026-05-15,WS-f575dcdea0dc,AEG?,moderate_1m,17.111024290425718,64.08900610859536
2026-05-16,WS-f575dcdea0dc,AEG?,moderate_1m,17.009080649013796,63.005445835252466
2026-05-17,WS-f575dcdea0dc,AEG?,moderate_1m,16.942207241658224,62.29464752993407
2026-05-18,WS-f575dcdea0dc,AEG?,moderate_1m,17.603213780421385,69.3204945165998
2026-05-19,WS-f575dcdea0dc,AEG?,moderate_1m,18.921098836304964,83.32831169489398
2026-05-20,WS-f575dcdea0dc,AEG?,moderate_1m,19.503784936838457,89.52168973812094
2026-05-21,WS-f575dcdea0dc,AEG?,moderate_1m,19.376579880470402,88.16962556089749
2026-05-22,WS-f575dcdea0dc,AEG?,moderate_1m,19.258777927954007,86.91750709523252
2026-05-23,WS-f575dcdea0dc,AEG?,moderate_1m,19.142648909842165,85.68317027083104
2026-05-24,WS-f575dcdea0dc,AEG?,moderate_1m,19.044723061780644,84.64231517459086
2026-05-25,WS-f575dcdea0dc,AEG?,moderate_1m,18.9136774403391,83.24942958189523
2026-05-26,WS-f575dcdea0dc,AEG?,moderate_1m,20.486126725244382,99.96301321861453
2026-05-27,WS-f575dcdea0dc,AEG?,moderate_1m,21.47523054409892,110.47621040755882
2026-05-28,WS-f575dcdea0dc,AEG?,moderate_1m,21.351062121251587,109.15642264701212
2026-05-29,WS-f575dcdea0dc,AEG?,moderate_1m,21.205220062427813,107.60626553142073
2026-05-30,WS-f575dcdea0dc,AEG?,moderate_1m,21.09340853501771,106.41781937111693
2026-05-31,WS-f575dcdea0dc,AEG?,moderate_1m,21.108659910261494,106.57992643438381
2026-06-01,WS-f575dcdea0dc,AEG?,moderate_1m,20.970782345614793,105.11442402965052
2026-06-02,WS-f575dcdea0dc,AEG?,moderate_1m,22.007273922982954,116.13130631221098
2026-06-03,WS-f575dcdea0dc,AEG?,moderate_1m,23.473603252323656,131.71693957884222
2026-06-04,WS-f575dcdea0dc,AEG?,moderate_1m,23.786811561840445,135.0460347217356
2026-06-05,WS-f575dcdea0dc,AEG?,moderate_1m,23.68633946599806,133.97811552514324
2026-06-06,WS-f575dcdea0dc,AEG?,moderate_1m,23.541440915438045,132.43798697100036
2026-06-07,WS-f575dcdea0dc,AEG?,moderate_1m,23.416808148944725,131.11326369587908
2026-06-08,WS-f575dcdea0dc,AEG?,moderate_1m,23.236066918188797,129.19216283377736
2026-06-09,WS-f575dcdea0dc,AEG?,moderate_1m,23.118270402212275,127.94010215316455
2026-06-10,WS-f575dcdea0dc,AEG?,moderate_1m,23.12273692399682,127.98757687055465
2026-06-11,WS-f575dcdea0dc,AEG?,moderate_1m,23.395243299499178,130.884050634268
2026-06-12,WS-f575dcdea0dc,AEG?,moderate_1m,23.33727075569378,130.2678597218957
2026-06-13,WS-f575dcdea0dc,AEG?,moderate_1m,23.22052062392155,129.02692107242396
2026-06-14,WS-f575dcdea0dc,AEG?,moderate_1m,23.279898384479736,129.65804805170214
2026-06-15,WS-f575dcdea0dc,AEG?,moderate_1m,23.117666974772064,127.9336883151556
2026-06-16,WS-f575dcdea0dc,AEG?,moderate_1m,22.95441296203476,126.19845931787869
2026-06-17,WS-f575dcdea0dc,AEG?,moderate_1m,23.191670438585263,128.7202720820993
2026-06-18,WS-f575dcdea0dc,AEG?,moderate_1m,23.046996819586646,127.18253432841028
2026-06-19,WS-f575dcdea0dc,AEG?,moderate_1m,23.81262874998359,135.32044594595595
2026-06-20,WS-f575dcdea0dc,AEG?,moderate_1m,24.862700143703897,146.48166827086413
2026-06-21,WS-f575dcdea0dc,AEG?,moderate_1m,24.983280702524823,147.76332057861234
2026-06-22,WS-f575dcdea0dc,AEG?,moderate_1m,25.064710262964482,148.62883642193668
2026-06-23,WS-f575dcdea0dc,AEG?,moderate_1m,24.903966824496585,146.92029235080068
2026-06-24,WS-f575dcdea0dc,AEG?,moderate_1m,24.720136460698193,144.9663570539316
2026-06-25,WS-f575dcdea0dc,AEG?,moderate_1m,24.538750909870934,143.03840770551977
2026-06-26,WS-f575dcdea0dc,AEG?,moderate_1m,24.35977765774274,141.1360987109499
2026-06-27,WS-f575dcdea0dc,AEG?,moderate_1m,24.207137683260683,139.51368646255347
2026-06-28,WS-f575dcdea0dc,AEG?,moderate_1m,24.10194901358964,138.3956347421839
2026-06-29,WS-f575dcdea0dc,AEG?,moderate_1m,23.996830333871642,137.27832694592385
2026-06-30,WS-f575dcdea0dc,AEG?,moderate_1m,24.440358273521113,141.99259111057046
2026-07-01,WS-f575dcdea0dc,AEG?,moderate_1m,25.692471404031366,155.30131764967666
2026-07-02,WS-f575dcdea0dc,AEG?,moderate_1m,27.965914172202318,179.46577001954026
2026-07-03,WS-f575dcdea0dc,AEG?,moderate_1m,28.165420486298743,181.5863251933786
2026-07-04,WS-f575dcdea0dc,AEG?,moderate_1m,27.990792052984574,179.7301973337628
2026-07-05,WS-f575dcdea0dc,AEG?,moderate_1m,27.76756218247403,177.35748417423042
2026-07-06,WS-f575dcdea0dc,AEG?,moderate_1m,27.530597833400222,174.83878706572276
2026-07-07,WS-f575dcdea0dc,AEG?,moderate_1m,27.28216219920835,172.1981615204243
2026-07-08,WS-f575dcdea0dc,AEG?,moderate_1m,27.081315925606326,170.0633638997983
2026-07-09,WS-f575dcdea0dc,AEG?,moderate_1m,26.890175230232643,168.0317269947638
2026-07-10,WS-f575dcdea0dc,AEG?,moderate_1m,26.67992970860405,165.7970246461937
2026-07-11,WS-f575dcdea0dc,AEG?,moderate_1m,26.479514906659645,163.66681314335585
2026-07-12,WS-f575dcdea0dc,AEG?,moderate_1m,27.111613024257394,170.38539215032154
2026-07-13,WS-f575dcdea0dc,AEG?,moderate_1m,27.223002362550332,171.56935085707877
2026-07-14,WS-f575dcdea0dc,AEG?,moderate_1m,27.206789565679088,171.3970248309908
2026-07-15,WS-f575dcdea0dc,AEG?,moderate_1m,27.139300701989413,170.67968483239588
2026-07-16,WS-f575dcdea0dc,AEG?,moderate_1m,26.896774907475262,168.10187504890376
2026-07-17,WS-f575dcdea0dc,AEG?,moderate_1m,26.660041507022243,165.5856326962514
2026-07-18,WS-f575dcdea0dc,AEG?,moderate_1m,26.396651521945095,162.78605716340596
2026-07-19,WS-f575dcdea0dc,AEG?,moderate_1m,26.130807850407514,159.96040136567157
2026-07-20,WS-f575dcdea0dc,AEG?,moderate_1m,25.878823621296654,157.28205775942152
2026-07-21,WS-f575dcdea0dc,AEG?,moderate_1m,25.635315100077996,154.69380256117068
2026-07-22,WS-f575dcdea0dc,AEG?,moderate_1m,25.41550430414523,152.3574307892204
2026-07-23,WS-f575dcdea0dc,AEG?,moderate_1m,25.30563388573826,151.18961670143133
2026-07-24,WS-f575dcdea0dc,AEG?,moderate_1m,25.097217157866105,148.97435262517695
2026-07-25,WS-f575dcdea0dc,AEG?,moderate_1m,24.885533363932865,146.72436286181588
2026-07-26,WS-f575dcdea0dc,AEG?,moderate_1m,24.677046673131976,144.5083551486938
2026-07-27,WS-f575dcdea0dc,AEG?,moderate_1m,24.459446105550775,142.19547592226766
2026-07-28,WS-f575dcdea0dc,AEG?,moderate_1m,24.257394696748193,140.0478689041232
2026-07-29,WS-f575dcdea0dc,AEG?,moderate_1m,24.26224949190599,140.09947058418234
2026-07-30,WS-f575dcdea0dc,AEG?,moderate_1m,24.075064947610393,138.10988365974677
2026-07-31,WS-f575dcdea0dc,AEG?,moderate_1m,23.867099193367245,135.89941298798476
2026-08-01,WS-f575dcdea0dc,AEG?,moderate_1m,23.645163730723397,133.54045810628543
2026-08-02,WS-f575dcdea0dc,AEG?,moderate_1m,23.449744603562124,131.4633456948531
2026-08-03,WS-f575dcdea0dc,AEG?,moderate_1m,23.285254360052832,129.7149767848298
2026-08-04,WS-f575dcdea0dc,AEG?,moderate_1m,23.12845539796632,128.04835860379154
2026-08-05,WS-f575dcdea0dc,AEG?,moderate_1m,23.07749514425359,127.50670141283965
2026-08-06,WS-f575dcdea0dc,AEG?,moderate_1m,22.965941819079084,126.32099968741291
2026-08-07,WS-f575dcdea0dc,AEG?,moderate_1m,22.797166457810008,124.52708420570744
2026-08-08,WS-f575dcdea0dc,AEG?,moderate_1m,22.6149372334348,122.59016744032324
2026-08-09,WS-f575dcdea0dc,AEG?,moderate_1m,22.56837959579071,122.0953057120866
2026-08-10,WS-f575dcdea0dc,AEG?,moderate_1m,24.565876713892003,143.32672822470693
2026-08-11,WS-f575dcdea0dc,AEG?,moderate_1m,24.992313838767913,147.85933389970958
2026-08-12,WS-f575dcdea0dc,AEG?,moderate_1m,24.874875593909493,146.61108128741066
2026-08-13,WS-f575dcdea0dc,AEG?,moderate_1m,24.77959431410426,145.5983353411181
2026-08-14,WS-f575dcdea0dc,AEG?,moderate_1m,24.566530048697516,143.3336725287424
2026-08-15,WS-f575dcdea0dc,AEG?,moderate_1m,24.338535305109758,140.91031347209983
2026-08-16,WS-f575dcdea0dc,AEG?,moderate_1m,24.132331351212713,138.71856899883494
2026-08-17,WS-f575dcdea0dc,AEG?,moderate_1m,24.01341825814861,137.4546402060233
2026-08-18,WS-f575dcdea0dc,AEG?,moderate_1m,23.78894297532039,135.06868954297747
2026-08-19,WS-f575dcdea0dc,AEG?,moderate_1m,23.55690249366097,132.6023282844311
2026-08-20,WS-f575dcdea0dc,AEG?,moderate_1m,23.360401593824605,130.5137176973472
2026-08-21,WS-f575dcdea0dc,AEG?,moderate_1m,23.438860824392982,131.34766186633587
2026-08-22,WS-f575dcdea0dc,AEG?,moderate_1m,23.196494006426164,128.77154184660634
2026-08-23,WS-f575dcdea0dc,AEG?,moderate_1m,22.98619897213036,126.53631322726082
2026-08-24,WS-f575dcdea0dc,AEG?,moderate_1m,22.747341394578463,123.99749296895392
2026-08-25,WS-f575dcdea0dc,AEG?,moderate_1m,23.333058751336743,130.22309027351008
2026-08-26,WS-f575dcdea0dc,AEG?,moderate_1m,25.07388787437106,148.72638537140142
2026-08-27,WS-f575dcdea0dc,AEG?,moderate_1m,25.906638189995206,157.5776991672082
2026-08-28,WS-f575dcdea0dc,AEG?,moderate_1m,25.63847479219516,154.7273869692489
2026-08-29,WS-f575dcdea0dc,AEG?,moderate_1m,25.346402043354814,151.6229419721286
2026-08-30,WS-f575dcdea0dc,AEG?,moderate_1m,25.040889797360023,148.3756483872144
2026-08-31,WS-f575dcdea0dc,AEG?,moderate_1m,24.723034380569196,144.9971590814446
2026-09-01,WS-f575dcdea0dc,AEG?,moderate_1m,24.44007945497708,141.9896275446864
2026-09-02,WS-f575dcdea0dc,AEG?,moderate_1m,24.160597441212936,139.01900963233373
2026-09-03,WS-f575dcdea0dc,AEG?,moderate_1m,24.343909179254283,140.96743244937298
2026-09-04,WS-f575dcdea0dc,AEG?,moderate_1m,24.125659421432296,138.6476529715431
2026-09-05,WS-f575dcdea0dc,AEG?,moderate_1m,24.011249231169607,137.43158559041703
2026-09-06,WS-f575dcdea0dc,AEG?,moderate_1m,24.27169965640946,140.1999165040131
2026-09-07,WS-f575dcdea0dc,AEG?,moderate_1m,24.007049837120178,137.38695017715287
2026-09-08,WS-f575dcdea0dc,AEG?,moderate_1m,23.692761598361578,134.0463764524839
2026-09-09,WS-f575dcdea0dc,AEG?,moderate_1m,23.485227214785596,131.84049082508122
2026-09-10,WS-f575dcdea0dc,AEG?,moderate_1m,23.186012395956944,128.6601326743637
2026-09-11,WS-f575dcdea0dc,AEG?,moderate_1m,22.921310079546657,125.84660835493028
2026-09-12,WS-f575dcdea0dc,AEG?,moderate_1m,22.64637759988001,122.9243474989079
2026-09-13,WS-f575dcdea0dc,AEG?,moderate_1m,22.37782927655958,120.06994392265071
2026-09-14,WS-f575dcdea0dc,AEG?,moderate_1m,22.13589466054995,117.49841778307284
2026-09-15,WS-f575dcdea0dc,AEG?,moderate_1m,21.923317004997763,115.23892715308835
2026-09-16,WS-f575dcdea0dc,AEG?,moderate_1m,21.632442947824003,112.14722306508129
2026-09-17,WS-f575dcdea0dc,AEG?,moderate_1m,21.36840583043128,109.34076915454554
2026-09-18,WS-f575dcdea0dc,AEG?,moderate_1m,21.087780066518683,106.3579943071813
2026-09-19,WS-f575dcdea0dc,AEG?,moderate_1m,20.796759008966895,103.26472775026889
2026-09-20,WS-f575dcdea0dc,AEG?,moderate_1m,20.501057611757467,100.12171380304817
2026-09-21,WS-f575dcdea0dc,AEG?,moderate_1m,20.188867929437315,96.80344566170528
2026-09-22,WS-f575dcdea0dc,AEG?,moderate_1m,19.985599533495034,94.64290327162894
2026-09-23,WS-f575dcdea0dc,AEG?,moderate_1m,19.754743017192077,92.18912639605641
2026-09-24,WS-f575dcdea0dc,AEG?,moderate_1m,19.502491390661127,89.50794061919527
2026-09-25,WS-f575dcdea0dc,AEG?,moderate_1m,19.276564800746016,87.1065639944907
2026-09-26,WS-f575dcdea0dc,AEG?,moderate_1m,19.004957678689223,84.21964840719514
2026-09-27,WS-f575dcdea0dc,AEG?,moderate_1m,18.853126303119886,82.60583076702301
2026-09-28,WS-f575dcdea0dc,AEG?,moderate_1m,18.648126181376618,80.42688184117563
2025-03-01,WS-201f28e185df,EOG,strong_4m,15.35848880146056,53.53437625240904
2025-03-02,WS-201f28e185df,EOG,strong_4m,15.135409951475985,51.163268291986064
2025-03-03,WS-201f28e185df,EOG,strong_4m,14.952867126225026,49.22301825886736
2025-03-04,WS-201f28e185df,EOG,strong_4m,14.777246820480002,47.35634777445014
2025-03-05,WS-201f28e185df,EOG,strong_4m,14.602206248309898,45.495839285643484
2025-03-06,WS-201f28e185df,EOG,strong_4m,14.451566729630766,43.894689907658645
2025-03-07,WS-201f28e185df,EOG,strong_4m,14.32689334979164,42.569534952763405
2025-03-08,WS-201f28e185df,EOG,strong_4m,14.191408672251704,41.129466575808365
2025-03-09,WS-201f28e185df,EOG,strong_4m,14.055226481840627,39.68198432559116
2025-03-10,WS-201f28e185df,EOG,strong_4m,13.93572514985452,38.411803133725556
2025-03-11,WS-201f28e185df,EOG,strong_4m,14.424967978576987,43.61197144122724
2025-03-12,WS-201f28e185df,EOG,strong_4m,14.297364592641827,42.25567341392116
2025-03-13,WS-201f28e185df,EOG,strong_4m,14.142985809327108,40.61477934411913
2025-03-14,WS-201f28e185df,EOG,strong_4m,13.989387253349378,38.98217832069867
2025-03-15,WS-201f28e185df,EOG,strong_4m,13.835289500777485,37.34427133027011
2025-03-16,WS-201f28e185df,EOG,strong_4m,13.713238582969804,36.04699055797487
2025-03-17,WS-201f28e185df,EOG,strong_4m,13.601414870702754,34.858414884670154
2025-03-18,WS-201f28e185df,EOG,strong_4m,13.488980255745425,33.66334591882761
2025-03-19,WS-201f28e185df,EOG,strong_4m,13.374637404425197,32.4479942841854
2025-03-20,WS-201f28e185df,EOG,strong_4m,13.325276590872722,31.923337563230817
2025-03-21,WS-201f28e185df,EOG,strong_4m,13.547624007797758,34.28667111227366
2025-03-22,WS-201f28e185df,EOG,strong_4m,13.918944801944477,38.23344460035982
2025-03-23,WS-201f28e185df,EOG,strong_4m,13.81198727927383,37.09659171874855
2025-03-24,WS-201f28e185df,EOG,strong_4m,13.685982868375039,35.75728921763205
2025-03-25,WS-201f28e185df,EOG,strong_4m,13.578300660382133,34.61273364642679
2025-03-26,WS-201f28e185df,EOG,strong_4m,13.46665848178531,33.42608749683351
2025-03-27,WS-201f28e185df,EOG,strong_4m,13.374580041237287,32.44738457012468
2025-03-28,WS-201f28e185df,EOG,strong_4m,13.31243886599136,31.786885220653176
2025-03-29,WS-201f28e185df,EOG,strong_4m,14.42499285860174,43.61223589132972
2025-03-30,WS-201f28e185df,EOG,strong_4m,15.298177159619257,52.89332303698329
2025-03-31,WS-201f28e185df,EOG,strong_4m,15.366566798281895,53.62023738433016
2025-04-01,WS-201f28e185df,EOG,strong_4m,15.2073855925081,51.92829830455603
2025-04-02,WS-201f28e185df,EOG,strong_4m,15.068784185183123,50.455102166702495
2025-04-03,WS-201f28e185df,EOG,strong_4m,14.938433624797117,49.06960438688955
2025-04-04,WS-201f28e185df,EOG,strong_4m,14.813762571494912,47.74447416078511
2025-04-05,WS-201f28e185df,EOG,strong_4m,14.674067979361645,46.2596585475697
2025-04-06,WS-201f28e185df,EOG,strong_4m,14.564455426285626,45.09458531369388
2025-04-07,WS-201f28e185df,EOG,strong_4m,14.447953740359129,43.85628739830604
2025-04-08,WS-201f28e185df,EOG,strong_4m,14.33840511153091,42.691893616080726
2025-04-09,WS-201f28e185df,EOG,strong_4m,14.21532088865618,41.38362983096201
2025-04-10,WS-201f28e185df,EOG,strong_4m,14.115490981494343,40.32253646609981
2025-04-11,WS-201f28e185df,EOG,strong_4m,14.00096353146586,39.10522272941766
2025-04-12,WS-201f28e185df,EOG,strong_4m,13.894914469256804,37.97802588571565
2025-04-13,WS-201f28e185df,EOG,strong_4m,13.796798386958503,36.93514878733049
2025-04-14,WS-201f28e185df,EOG,strong_4m,13.706118820624908,35.97131451260583
2025-04-15,WS-201f28e185df,EOG,strong_4m,13.627042559197282,35.13081191469257
2025-04-16,WS-201f28e185df,EOG,strong_4m,13.543799878500817,34.246024392881424
2025-04-17,WS-201f28e185df,EOG,strong_4m,13.458256727504345,33.33678514271754
2025-04-18,WS-201f28e185df,EOG,strong_4m,13.37498476540783,32.45168638852931
2025-04-19,WS-201f28e185df,EOG,strong_4m,13.29114595972591,31.560562646594537
2025-04-20,WS-201f28e185df,EOG,strong_4m,13.216363007217701,30.76569368430428
2025-04-21,WS-201f28e185df,EOG,strong_4m,13.540375721955641,34.20962898900267
2025-04-22,WS-201f28e185df,EOG,strong_4m,13.638280106316095,35.25025594728862
2025-04-23,WS-201f28e185df,EOG,strong_4m,13.58208068899583,34.652911619090666
2025-04-24,WS-201f28e185df,EOG,strong_4m,13.55015717713924,34.31359620172569
2025-04-25,WS-201f28e185df,EOG,strong_4m,13.48794206905432,33.65231101915938
2025-04-26,WS-201f28e185df,EOG,strong_4m,13.446264567328086,33.20932031824598
2025-04-27,WS-201f28e185df,EOG,strong_4m,13.507478262421394,33.85996146926808
2025-04-28,WS-201f28e185df,EOG,strong_4m,13.454335572624558,33.29510713715961
2025-04-29,WS-201f28e185df,EOG,strong_4m,13.405366821749471,32.77461765543633
2025-04-30,WS-201f28e185df,EOG,strong_4m,14.329582913572878,42.598122360723394
2025-05-01,WS-201f28e185df,EOG,strong_4m,14.254169971782797,41.796557234268164
2025-05-02,WS-201f28e185df,EOG,strong_4m,14.165865609700106,40.857969036019774
2025-05-03,WS-201f28e185df,EOG,strong_4m,14.084790133463958,39.99621675824041
2025-05-04,WS-201f28e185df,EOG,strong_4m,14.007136410013597,39.170834334750374
2025-05-05,WS-201f28e185df,EOG,strong_4m,13.937790915755873,38.43376018601182
2025-05-06,WS-201f28e185df,EOG,strong_4m,13.861525856964533,37.62313789701054
2025-05-07,WS-201f28e185df,EOG,strong_4m,13.785259142444108,36.812498009243534
2025-05-08,WS-201f28e185df,EOG,strong_4m,13.715362193815253,36.06956244491452
2025-05-09,WS-201f28e185df,EOG,strong_4m,13.646875878307828,35.34162051814322
2025-05-10,WS-201f28e185df,EOG,strong_4m,13.587334473333225,34.70875416026209
2025-05-11,WS-201f28e185df,EOG,strong_4m,13.533315674558416,34.13458765457905
2025-05-12,WS-201f28e185df,EOG,strong_4m,13.546735446938282,34.27722658749073
2025-05-13,WS-201f28e185df,EOG,strong_4m,13.497789240069817,33.7569767263033
2025-05-14,WS-201f28e185df,EOG,strong_4m,13.829467993035468,37.28239444974238
2025-05-15,WS-201f28e185df,EOG,strong_4m,13.763465669772849,36.58085490843115
2025-05-16,WS-201f28e185df,EOG,strong_4m,13.715785813124121,36.074065099987
2025-05-17,WS-201f28e185df,EOG,strong_4m,13.665817704930124,35.54295343649108
2025-05-18,WS-201f28e185df,EOG,strong_4m,13.60137360887244,34.85797631214603
2025-05-19,WS-201f28e185df,EOG,strong_4m,13.57488029968071,34.576378588620024
2025-05-20,WS-201f28e185df,EOG,strong_4m,13.5225473214347,34.02013069098053
2025-05-21,WS-201f28e185df,EOG,strong_4m,13.478336211512428,33.5502102360244
2025-05-22,WS-201f28e185df,EOG,strong_4m,13.713165172976137,36.046210282209714
2025-05-23,WS-201f28e185df,EOG,strong_4m,18.093510426756005,82.60495622050308
2025-05-24,WS-201f28e185df,EOG,strong_4m,18.431516824257706,86.1976305589515
2025-05-25,WS-201f28e185df,EOG,strong_4m,18.28998540057186,84.69329123958215
2025-05-26,WS-201f28e185df,EOG,strong_4m,18.198045114196432,83.71605675534742
2025-05-27,WS-201f28e185df,EOG,strong_4m,18.582649136187904,87.80401784272856
2025-05-28,WS-201f28e185df,EOG,strong_4m,18.46998284353817,86.60648637171906
2025-05-29,WS-201f28e185df,EOG,strong_4m,18.350019588237462,85.33139539101234
2025-05-30,WS-201f28e185df,EOG,strong_4m,18.2208665004653,83.95862556298536
2025-05-31,WS-201f28e185df,EOG,strong_4m,18.100977680268347,82.68432575395205
2025-06-01,WS-201f28e185df,EOG,strong_4m,18.000602100241935,81.61743242520681
2025-06-02,WS-201f28e185df,EOG,strong_4m,17.905014747124653,80.60143322175111
2025-06-03,WS-201f28e185df,EOG,strong_4m,17.789919833762955,79.37808791001497
2025-06-04,WS-201f28e185df,EOG,strong_4m,17.66638013717398,78.06498288894007
2025-06-05,WS-201f28e185df,EOG,strong_4m,17.554907151110992,76.88013508896105
2025-06-06,WS-201f28e185df,EOG,strong_4m,17.47802919915811,76.06299835067729
2025-06-07,WS-201f28e185df,EOG,strong_4m,17.588834403526747,77.24074829045387
2025-06-08,WS-201f28e185df,EOG,strong_4m,18.563424060295283,87.59967426425001
2025-06-09,WS-201f28e185df,EOG,strong_4m,19.364262896471224,96.11180053531494
2025-06-10,WS-201f28e185df,EOG,strong_4m,19.251700269303,94.91537092603927
2025-06-11,WS-201f28e185df,EOG,strong_4m,19.124290119856262,93.5611268118495
2025-06-12,WS-201f28e185df,EOG,strong_4m,19.01871897384587,92.4390097455587
2025-06-13,WS-201f28e185df,EOG,strong_4m,18.918370187018994,91.37240120207528
2025-06-14,WS-201f28e185df,EOG,strong_4m,18.80890476973277,90.20889187639814
2025-06-15,WS-201f28e185df,EOG,strong_4m,18.82499663065294,90.37993247270961
2025-06-16,WS-201f28e185df,EOG,strong_4m,19.07373712748868,93.02379840696366
2025-06-17,WS-201f28e185df,EOG,strong_4m,19.00995213176615,92.34582686854259
2025-06-18,WS-201f28e185df,EOG,strong_4m,18.89389564931857,91.11226102664781
2025-06-19,WS-201f28e185df,EOG,strong_4m,18.78328888117146,89.93662026801735
2025-06-20,WS-201f28e185df,EOG,strong_4m,18.67410929552809,88.7761490505417
2025-06-21,WS-201f28e185df,EOG,strong_4m,18.551140724935657,87.46911453501626
2025-06-22,WS-201f28e185df,EOG,strong_4m,18.437469596725176,86.26090265393132
2025-06-23,WS-201f28e185df,EOG,strong_4m,18.364215428287885,85.4822831571577
2025-06-24,WS-201f28e185df,EOG,strong_4m,19.817754867644624,100.93197251894989
2025-06-25,WS-201f28e185df,EOG,strong_4m,20.41027000409044,107.22982351107635
2025-06-26,WS-201f28e185df,EOG,strong_4m,21.083088506874272,114.38122001496245
2025-06-27,WS-201f28e185df,EOG,strong_4m,20.929548272096472,112.74923888832481
2025-06-28,WS-201f28e185df,EOG,strong_4m,20.77337329841532,111.08925308805806
2025-06-29,WS-201f28e185df,EOG,strong_4m,20.63376083959266,109.60531047085558
2025-06-30,WS-201f28e185df,EOG,strong_4m,20.505395106878545,108.2409094498488
2025-07-01,WS-201f28e185df,EOG,strong_4m,20.397157271104813,107.09044810382788
2025-07-02,WS-201f28e185df,EOG,strong_4m,20.82994629124326,111.69056815512317
2025-07-03,WS-201f28e185df,EOG,strong_4m,20.66536980191298,109.94128253716126
2025-07-04,WS-201f28e185df,EOG,strong_4m,20.900246025273248,112.43778493065183
2025-07-05,WS-201f28e185df,EOG,strong_4m,20.792623540989656,111.29386416351966
2025-07-06,WS-201f28e185df,EOG,strong_4m,20.68133283719585,110.11095384411998
2025-07-07,WS-201f28e185df,EOG,strong_4m,21.55272953943072,119.37304057936319
2025-07-08,WS-201f28e185df,EOG,strong_4m,21.42732849575922,118.0401512762517
2025-07-09,WS-201f28e185df,EOG,strong_4m,21.288262966051903,116.5620219756378
2025-07-10,WS-201f28e185df,EOG,strong_4m,21.670255055877433,120.62222080249457
2025-07-11,WS-201f28e185df,EOG,strong_4m,22.188048241277816,126.12585121766172
2025-07-12,WS-201f28e185df,EOG,strong_4m,22.038015777832864,124.53115423755449
2025-07-13,WS-201f28e185df,EOG,strong_4m,21.89216944255252,122.98095166745135
2025-07-14,WS-201f28e185df,EOG,strong_4m,21.826371114537256,122.2815803942432
2025-07-15,WS-201f28e185df,EOG,strong_4m,21.693626202214936,120.87063301695997
2025-07-16,WS-201f28e185df,EOG,strong_4m,21.525116956667283,119.07954608267396
2025-07-17,WS-201f28e185df,EOG,strong_4m,21.36017353745852,117.326360362323
2025-07-18,WS-201f28e185df,EOG,strong_4m,21.182594562587344,115.43887115861803
2025-07-19,WS-201f28e185df,EOG,strong_4m,21.00787239156518,113.58174695970055
2025-07-20,WS-201f28e185df,EOG,strong_4m,20.835961065526483,111.75449926819856
2025-07-21,WS-201f28e185df,EOG,strong_4m,20.676381094092644,110.05832170310438
2025-07-22,WS-201f28e185df,EOG,strong_4m,20.542774539561904,108.63821591972588
2025-07-23,WS-201f28e185df,EOG,strong_4m,22.056052168835286,124.72286326907451
2025-07-24,WS-201f28e185df,EOG,strong_4m,21.897903750512057,123.04190170037158
2025-07-25,WS-201f28e185df,EOG,strong_4m,21.748535631003172,121.45426604048983
2025-07-26,WS-201f28e185df,EOG,strong_4m,22.91034209470409,133.80312185870213
2025-07-27,WS-201f28e185df,EOG,strong_4m,23.822160866515752,143.49485529042474
2025-07-28,WS-201f28e185df,EOG,strong_4m,24.36951925889604,149.31273467014617
2025-07-29,WS-201f28e185df,EOG,strong_4m,24.765228486954378,153.5187331353832
2025-07-30,WS-201f28e185df,EOG,strong_4m,24.63458356212101,152.13010655208004
2025-07-31,WS-201f28e185df,EOG,strong_4m,24.365262328363798,149.2674877008675
2025-08-01,WS-201f28e185df,EOG,strong_4m,24.158503983979543,147.06985060399668
2025-08-02,WS-201f28e185df,EOG,strong_4m,24.100193631712642,146.45006912115028
2025-08-03,WS-201f28e185df,EOG,strong_4m,23.840927966332764,143.69433103531605
2025-08-04,WS-201f28e185df,EOG,strong_4m,23.59269070439928,141.05581399129872
2025-08-05,WS-201f28e185df,EOG,strong_4m,23.499273443556884,140.06288072649286
2025-08-06,WS-201f28e185df,EOG,strong_4m,23.26654510383299,137.5892082157483
2025-08-07,WS-201f28e185df,EOG,strong_4m,23.070074428733093,135.50091888777638
2025-08-08,WS-201f28e185df,EOG,strong_4m,22.859188240268843,133.25940688318508
2025-08-09,WS-201f28e185df,EOG,strong_4m,22.66319707944924,131.17621431865444
2025-08-10,WS-201f28e185df,EOG,strong_4m,22.44781347498298,128.88689922163894
2025-08-11,WS-201f28e185df,EOG,strong_4m,22.23618879083558,126.63753773695052
2025-08-12,WS-201f28e185df,EOG,strong_4m,22.01741776904703,124.31221773772793
2025-08-13,WS-201f28e185df,EOG,strong_4m,21.8505466070267,122.53854201428398
2025-08-14,WS-201f28e185df,EOG,strong_4m,21.681068585788594,120.73715795074683
2025-08-15,WS-201f28e185df,EOG,strong_4m,21.498327208049254,118.79479750068006
2025-08-16,WS-201f28e185df,EOG,strong_4m,21.331005211459114,117.01632985080568
2025-08-17,WS-201f28e185df,EOG,strong_4m,21.218693479352723,115.82256700836332
2025-08-18,WS-201f28e185df,EOG,strong_4m,21.00869177965516,113.59045624622841
2025-08-19,WS-201f28e185df,EOG,strong_4m,20.80759863305432,111.45303460932861
2025-08-20,WS-201f28e185df,EOG,strong_4m,20.713632918789905,110.45427182605896
2025-08-21,WS-201f28e185df,EOG,strong_4m,20.675725195559522,110.05135014917526
2025-08-22,WS-201f28e185df,EOG,strong_4m,20.517590597129974,108.37053547229972
2025-08-23,WS-201f28e185df,EOG,strong_4m,20.32110042052497,106.28203886257964
2025-08-24,WS-201f28e185df,EOG,strong_4m,20.09200773033515,103.84700971740806
2025-08-25,WS-201f28e185df,EOG,strong_4m,19.87705266597036,101.56224957863276
2025-08-26,WS-201f28e185df,EOG,strong_4m,19.68421350195475,99.51255962859788
2025-08-27,WS-201f28e185df,EOG,strong_4m,20.815892326368377,111.54118838204002
2025-08-28,WS-201f28e185df,EOG,strong_4m,21.484280245863328,118.64549215926777
2025-08-29,WS-201f28e185df,EOG,strong_4m,22.188124608449357,126.12666292530847
2025-08-30,WS-201f28e185df,EOG,strong_4m,23.288113546110473,137.81845946561623
2025-08-31,WS-201f28e185df,EOG,strong_4m,23.02053532484051,134.9743671165078
2025-09-01,WS-201f28e185df,EOG,strong_4m,22.758478984854467,132.18896691445735
2025-09-02,WS-201f28e185df,EOG,strong_4m,22.5244602461224,129.7015787360885
2025-09-03,WS-201f28e185df,EOG,strong_4m,22.23933538797698,126.67098295836314
2025-09-04,WS-201f28e185df,EOG,strong_4m,21.912081395730276,123.19259607341186
2025-09-05,WS-201f28e185df,EOG,strong_4m,21.657082503703567,120.4822095763263
2025-09-06,WS-201f28e185df,EOG,strong_4m,21.376755539976994,117.50261067997535
2025-09-07,WS-201f28e185df,EOG,strong_4m,21.13353446591355,114.9174107612276
2025-09-08,WS-201f28e185df,EOG,strong_4m,21.182231063068876,115.43500751756956
2025-09-09,WS-201f28e185df,EOG,strong_4m,20.848653068110316,111.88940272660494
2025-09-10,WS-201f28e185df,EOG,strong_4m,21.145674026538774,115.04644230696356
2025-09-11,WS-201f28e185df,EOG,strong_4m,24.401344960354432,149.65101045953298
2025-09-12,WS-201f28e185df,EOG,strong_4m,24.14764976019398,146.95448092003096
2025-09-13,WS-201f28e185df,EOG,strong_4m,23.849755005256068,143.78815374535537
2025-09-14,WS-201f28e185df,EOG,strong_4m,23.564432623427848,140.7554584858697
2025-09-15,WS-201f28e185df,EOG,strong_4m,23.21886358272689,137.08240071576535
2025-09-16,WS-201f28e185df,EOG,strong_4m,22.95271443918569,134.2534980521828
2025-09-17,WS-201f28e185df,EOG,strong_4m,23.078868514688423,135.59439134029603
2025-09-18,WS-201f28e185df,EOG,strong_4m,22.75757674807682,132.17937702816462
2025-09-19,WS-201f28e185df,EOG,strong_4m,22.489632940707796,129.33139885971585
2025-09-20,WS-201f28e185df,EOG,strong_4m,23.26275417242187,137.54891435711068
2025-09-21,WS-201f28e185df,EOG,strong_4m,22.983925654381068,134.58524245919114
2025-09-22,WS-201f28e185df,EOG,strong_4m,22.641985177257446,130.9507527379347
2025-09-23,WS-201f28e185df,EOG,strong_4m,22.853635326642493,133.20038489296104
2025-09-24,WS-201f28e185df,EOG,strong_4m,22.583621811117798,130.3304077699542
2025-09-25,WS-201f28e185df,EOG,strong_4m,22.258069460182305,126.87010765234585
2025-09-26,WS-201f28e185df,EOG,strong_4m,21.859713867171966,122.63598094005938
2025-09-27,WS-201f28e185df,EOG,strong_4m,21.448410030988512,118.2642271848534
2025-09-28,WS-201f28e185df,EOG,strong_4m,21.127690456710326,114.85529471237982
2025-09-29,WS-201f28e185df,EOG,strong_4m,20.816215532292368,111.54462374195555
2025-09-30,WS-201f28e185df,EOG,strong_4m,20.532814312619536,108.5323485396838
2025-10-01,WS-201f28e185df,EOG,strong_4m,20.22455163340285,105.25582056474335
2025-10-02,WS-201f28e185df,EOG,strong_4m,19.98866150495968,102.74854136110986
2025-10-03,WS-201f28e185df,EOG,strong_4m,19.85130911298257,101.28862102342394
2025-10-04,WS-201f28e185df,EOG,strong_4m,19.58529540783666,98.4611579362837
2025-10-05,WS-201f28e185df,EOG,strong_4m,19.30142383219475,95.44388331437808
2025-10-06,WS-201f28e185df,EOG,strong_4m,19.04259052010454,92.69274071721043
2025-10-07,WS-201f28e185df,EOG,strong_4m,18.86362370812094,90.79050017502014
2025-10-08,WS-201f28e185df,EOG,strong_4m,18.60186726651299,88.00828759668059
2025-10-09,WS-201f28e185df,EOG,strong_4m,19.622732832350287,98.85908080206923
2025-10-10,WS-201f28e185df,EOG,strong_4m,19.506180274128003,97.62024216439634
2025-10-11,WS-201f28e185df,EOG,strong_4m,19.145352130766423,93.78499519621246
2025-10-12,WS-201f28e185df,EOG,strong_4m,18.899045153663174,91.16699517443715
2025-10-13,WS-201f28e185df,EOG,strong_4m,18.60108739365223,87.99999831803137
2025-10-14,WS-201f28e185df,EOG,strong_4m,18.336077536093306,85.18320513978087
2025-10-15,WS-201f28e185df,EOG,strong_4m,18.057676378465604,82.22407566117874
2025-10-16,WS-201f28e185df,EOG,strong_4m,17.760794254171078,79.06851175061209
2025-10-17,WS-201f28e185df,EOG,strong_4m,17.495609583611476,76.24986048273306
2025-10-18,WS-201f28e185df,EOG,strong_4m,17.23987827307277,73.5316890998805
2025-10-19,WS-201f28e185df,EOG,strong_4m,17.012145364771854,71.11111309386328
2025-10-20,WS-201f28e185df,EOG,strong_4m,16.697563426514726,67.7674176334539
2025-10-21,WS-201f28e185df,EOG,strong_4m,16.65997800353577,67.3679216900804
2025-10-22,WS-201f28e185df,EOG,strong_4m,16.76296714946804,68.46259464439254
2025-10-23,WS-201f28e185df,EOG,strong_4m,16.675322672925784,67.5310203780252
2025-10-24,WS-201f28e185df,EOG,strong_4m,16.620848837909538,66.95201728629004
2025-10-25,WS-201f28e185df,EOG,strong_4m,16.433551512711784,64.96123161219752
2025-10-26,WS-201f28e185df,EOG,strong_4m,16.315768170437707,63.70931095503704
2025-10-27,WS-201f28e185df,EOG,strong_4m,17.227065271743896,73.39549954425969
2025-10-28,WS-201f28e185df,EOG,strong_4m,17.2683680221297,73.83450700836447
2025-10-29,WS-201f28e185df,EOG,strong_4m,17.109216522775647,72.14288367850715
2025-10-30,WS-201f28e185df,EOG,strong_4m,16.93359842562777,70.2762366692974
2025-10-31,WS-201f28e185df,EOG,strong_4m,16.749032361728183,68.31448160660761
2025-11-01,WS-201f28e185df,EOG,strong_4m,16.861163829593536,69.50632841811772
2025-11-02,WS-201f28e185df,EOG,strong_4m,16.595327357882827,66.68074914743559
2025-11-03,WS-201f28e185df,EOG,strong_4m,16.40593510146401,64.66769642249919
2025-11-04,WS-201f28e185df,EOG,strong_4m,16.510732509856496,65.78158942171584
2025-11-05,WS-201f28e185df,EOG,strong_4m,17.55349729901402,76.86514975292235
2025-11-06,WS-201f28e185df,EOG,strong_4m,17.28912305160851,74.05511248315253
2025-11-07,WS-201f28e185df,EOG,strong_4m,17.012227947745934,71.11199086935503
2025-11-08,WS-201f28e185df,EOG,strong_4m,16.770684881329817,68.54462651543335
2025-11-09,WS-201f28e185df,EOG,strong_4m,16.543729412248403,66.13231392086118
2025-11-10,WS-201f28e185df,EOG,strong_4m,16.32759158646509,63.83498219578384
2025-11-11,WS-201f28e185df,EOG,strong_4m,16.127158067033648,61.704571744535976
2025-11-12,WS-201f28e185df,EOG,strong_4m,15.978377811393429,60.12318449726136
2025-11-13,WS-201f28e185df,EOG,strong_4m,15.740709009709924,57.59699975292136
2025-11-14,WS-201f28e185df,EOG,strong_4m,15.49084098749891,54.94114933697808
2025-11-15,WS-201f28e185df,EOG,strong_4m,15.693347193630284,57.093590401769134
2025-11-16,WS-201f28e185df,EOG,strong_4m,15.562756128488505,55.70553629381941
2025-11-17,WS-201f28e185df,EOG,strong_4m,15.431909141243832,54.314761986552426
2025-11-18,WS-201f28e185df,EOG,strong_4m,15.22621412113682,52.128426977075634
2025-11-19,WS-201f28e185df,EOG,strong_4m,15.017917852058538,49.91444325888776
2025-11-20,WS-201f28e185df,EOG,strong_4m,14.807787101185152,47.68096081014822
2025-11-21,WS-201f28e185df,EOG,strong_4m,14.705010002629901,46.58854171012874
2025-11-22,WS-201f28e185df,EOG,strong_4m,14.614557104152482,45.62711669095739
2025-11-23,WS-201f28e185df,EOG,strong_4m,16.134513865448042,61.782756620318004
2025-11-24,WS-201f28e185df,EOG,strong_4m,16.029065952116948,60.661949395757524
2025-11-25,WS-201f28e185df,EOG,strong_4m,15.797056019187469,58.19591284005389
2025-11-26,WS-201f28e185df,EOG,strong_4m,15.78208227743201,58.03675674669882
2025-11-27,WS-201f28e185df,EOG,strong_4m,15.507951802936013,55.12302041393158
2025-11-28,WS-201f28e185df,EOG,strong_4m,15.280612192773741,52.70662477887927
2025-11-29,WS-201f28e185df,EOG,strong_4m,15.1038415843629,50.8277277126592
2025-11-30,WS-201f28e185df,EOG,strong_4m,15.18301634906324,51.66927730312274
2025-12-01,WS-201f28e185df,EOG,strong_4m,15.098129861023104,50.76701773195212
2025-12-02,WS-201f28e185df,EOG,strong_4m,15.274685705323204,52.64363206768189
2025-12-03,WS-201f28e185df,EOG,strong_4m,15.064330764913237,50.40776670547987
2025-12-04,WS-201f28e185df,EOG,strong_4m,14.839179114402796,48.01462692165637
2025-12-05,WS-201f28e185df,EOG,strong_4m,14.573343475470473,45.18905650258639
2025-12-06,WS-201f28e185df,EOG,strong_4m,14.33088776120702,42.61199160297865
2025-12-07,WS-201f28e185df,EOG,strong_4m,14.162886527636402,40.82630433451856
2025-12-08,WS-201f28e185df,EOG,strong_4m,14.006740735673567,39.166628707110426
2025-12-09,WS-201f28e185df,EOG,strong_4m,13.810007550064352,37.07554915156479
2025-12-10,WS-201f28e185df,EOG,strong_4m,13.639645393467497,35.26476760194874
2025-12-11,WS-201f28e185df,EOG,strong_4m,13.530427882148818,34.10389327198331
2025-12-12,WS-201f28e185df,EOG,strong_4m,13.433563144094268,33.07431672763
2025-12-13,WS-201f28e185df,EOG,strong_4m,13.360855394835408,32.30150512731895
2025-12-14,WS-201f28e185df,EOG,strong_4m,13.744066812202476,36.37466420226874
2025-12-15,WS-201f28e185df,EOG,strong_4m,13.595606359076974,34.79667614002876
2025-12-16,WS-201f28e185df,EOG,strong_4m,13.447629438433985,33.223827550753136
2025-12-17,WS-201f28e185df,EOG,strong_4m,13.28216873514108,31.46514361123076
2025-12-18,WS-201f28e185df,EOG,strong_4m,13.122773309801904,29.770927588945955
2025-12-19,WS-201f28e185df,EOG,strong_4m,12.978331081145726,28.2356492861773
2025-12-20,WS-201f28e185df,EOG,strong_4m,13.283273488157768,31.47688604522817
2025-12-21,WS-201f28e185df,EOG,strong_4m,14.327736372728829,42.57849545438572
2025-12-22,WS-201f28e185df,EOG,strong_4m,16.658775661879737,67.35514198518247
2025-12-23,WS-201f28e185df,EOG,strong_4m,16.349278769478374,64.065495542457
2025-12-24,WS-201f28e185df,EOG,strong_4m,16.063123420711747,61.02394666668914
2025-12-25,WS-201f28e185df,EOG,strong_4m,15.787941773033364,58.09903740067116
2025-12-26,WS-201f28e185df,EOG,strong_4m,15.540868845369936,55.472896080558215
2025-12-27,WS-201f28e185df,EOG,strong_4m,15.30021563618497,52.91499003057066
2025-12-28,WS-201f28e185df,EOG,strong_4m,15.05933589883998,50.35467620986197
2025-12-29,WS-201f28e185df,EOG,strong_4m,14.836576460079687,47.986963275442584
2025-12-30,WS-201f28e185df,EOG,strong_4m,14.60375388842019,45.51228917224473
2025-12-31,WS-201f28e185df,EOG,strong_4m,14.41020757451308,43.45508291693455
2026-01-01,WS-201f28e185df,EOG,strong_4m,15.486859215645445,54.898827032828734
2026-01-02,WS-201f28e185df,EOG,strong_4m,15.260444228906898,52.49225923201766
2026-01-03,WS-201f28e185df,EOG,strong_4m,15.021488847659569,49.95239941697635
2026-01-04,WS-201f28e185df,EOG,strong_4m,14.851817663060253,48.148962217593024
2026-01-05,WS-201f28e185df,EOG,strong_4m,14.699486058524244,46.52982763731208
2026-01-06,WS-201f28e185df,EOG,strong_4m,14.477715963421176,44.17263044932669
2026-01-07,WS-201f28e185df,EOG,strong_4m,14.24827573824232,41.73390735029491
2026-01-08,WS-201f28e185df,EOG,strong_4m,14.00471076816341,39.145052156383784
2026-01-09,WS-201f28e185df,EOG,strong_4m,13.772904065434307,36.68117573708907
2026-01-10,WS-201f28e185df,EOG,strong_4m,13.521150442177028,34.00528324341727
2026-01-11,WS-201f28e185df,EOG,strong_4m,13.380905082289924,32.514613512675446
2026-01-12,WS-201f28e185df,EOG,strong_4m,13.228717307727273,30.897007703027842
2026-01-13,WS-201f28e185df,EOG,strong_4m,13.078811577108066,29.303657767752476
2026-01-14,WS-201f28e185df,EOG,strong_4m,12.945415399913934,27.885788087785627
2026-01-15,WS-201f28e185df,EOG,strong_4m,13.156006802686978,30.12416681148056
2026-01-16,WS-201f28e185df,EOG,strong_4m,13.112730133563048,29.664178539766592
2026-01-17,WS-201f28e185df,EOG,strong_4m,13.036325782582132,28.852075712294045
2026-01-18,WS-201f28e185df,EOG,strong_4m,12.964283155270088,28.08633370169472
2026-01-19,WS-201f28e185df,EOG,strong_4m,12.86888350348482,27.072329578106697
2026-01-20,WS-201f28e185df,EOG,strong_4m,12.758389828712204,25.897890890405655
2026-01-21,WS-201f28e185df,EOG,strong_4m,12.637172260527343,24.6094678019501
2026-01-22,WS-201f28e185df,EOG,strong_4m,12.531464395591588,23.48589754844641
2026-01-23,WS-201f28e185df,EOG,strong_4m,12.427567285125235,22.38157382744482
2026-01-24,WS-201f28e185df,EOG,strong_4m,12.318976634235696,21.227362405028494
2026-01-25,WS-201f28e185df,EOG,strong_4m,12.215985972452852,20.132673338721133
2026-01-26,WS-201f28e185df,EOG,strong_4m,12.117444872581522,19.08527872309574
2026-01-27,WS-201f28e185df,EOG,strong_4m,12.018312658735855,18.031601149448264
2026-01-28,WS-201f28e185df,EOG,strong_4m,11.914621122457909,16.929462479134493
2026-01-29,WS-201f28e185df,EOG,strong_4m,11.83393205278616,16.071817321688876
2026-01-30,WS-201f28e185df,EOG,strong_4m,11.742886023847554,15.104087911230843
2026-01-31,WS-201f28e185df,EOG,strong_4m,11.653443587995238,14.15340311227428
2026-02-01,WS-201f28e185df,EOG,strong_4m,11.59567753886742,13.539407034481046
2026-02-02,WS-201f28e185df,EOG,strong_4m,11.70415025226848,14.692364897818237
2026-02-03,WS-201f28e185df,EOG,strong_4m,11.651730110092267,14.13519053364555
2026-02-04,WS-201f28e185df,EOG,strong_4m,11.588593778393129,13.464113653456865
2026-02-05,WS-201f28e185df,EOG,strong_4m,11.518658860842166,12.720774516967317
2026-02-06,WS-201f28e185df,EOG,strong_4m,11.455851513541514,12.053194416173728
2026-02-07,WS-201f28e185df,EOG,strong_4m,11.406141455942958,11.524825575769654
2026-02-08,WS-201f28e185df,EOG,strong_4m,13.94936533112724,38.556784795589074
2026-02-09,WS-201f28e185df,EOG,strong_4m,14.533291027808826,44.76333852218833
2026-02-10,WS-201f28e185df,EOG,strong_4m,15.280361458970258,52.703959726063054
2026-02-11,WS-201f28e185df,EOG,strong_4m,15.09898175035126,50.77607247455784
2026-02-12,WS-201f28e185df,EOG,strong_4m,15.071745463924103,50.48657763645793
2026-02-13,WS-201f28e185df,EOG,strong_4m,14.861366853632717,48.25046068678242
2026-02-14,WS-201f28e185df,EOG,strong_4m,14.707801678101529,46.61821446455684
2026-02-15,WS-201f28e185df,EOG,strong_4m,14.541474919459954,44.85032521161483
2026-02-16,WS-201f28e185df,EOG,strong_4m,14.37569721581508,43.08827187128167
2026-02-17,WS-201f28e185df,EOG,strong_4m,14.199835678486956,41.21903733327066
2026-02-18,WS-201f28e185df,EOG,strong_4m,14.02983919048171,39.4121424798094
2026-02-19,WS-201f28e185df,EOG,strong_4m,13.862234461322078,37.630669661824115
2026-02-20,WS-201f28e185df,EOG,strong_4m,13.715089780026076,36.06666695525208
2026-02-21,WS-201f28e185df,EOG,strong_4m,13.557081336149022,34.38719317673455
2026-02-22,WS-201f28e185df,EOG,strong_4m,13.485902576714889,33.63063322890007
2026-02-23,WS-201f28e185df,EOG,strong_4m,13.999848891033068,39.093375201947524
2026-02-24,WS-201f28e185df,EOG,strong_4m,13.835272873571476,37.34409459948399
2026-02-25,WS-201f28e185df,EOG,strong_4m,13.70043652490596,35.91091731845854
2026-02-26,WS-201f28e185df,EOG,strong_4m,14.120661327095544,40.37749213587306
2026-02-27,WS-201f28e185df,EOG,strong_4m,14.022489519560807,39.33402273323437
2026-02-28,WS-201f28e185df,EOG,strong_4m,14.02199469904815,39.32876327965272
2026-03-01,WS-201f28e185df,EOG,strong_4m,13.937220900220073,38.4277014835638
2026-03-02,WS-201f28e185df,EOG,strong_4m,14.325237942851924,42.551939611148676
2026-03-03,WS-201f28e185df,EOG,strong_4m,17.603387581388493,77.39543420478338
2026-03-04,WS-201f28e185df,EOG,strong_4m,19.246368264570837,94.85869697928766
2026-03-05,WS-201f28e185df,EOG,strong_4m,18.95857613884768,91.79975078023554
2026-03-06,WS-201f28e185df,EOG,strong_4m,18.65069268272683,88.52725357244931
2026-03-07,WS-201f28e185df,EOG,strong_4m,18.403038937951344,85.89493873979562
2026-03-08,WS-201f28e185df,EOG,strong_4m,19.035936146494585,92.62201129467984
2026-03-09,WS-201f28e185df,EOG,strong_4m,18.760971242228983,89.69940579717888
2026-03-10,WS-201f28e185df,EOG,strong_4m,18.429420435379647,86.17534801465276
2026-03-11,WS-201f28e185df,EOG,strong_4m,18.144088564361056,83.14255189444076
2026-03-12,WS-201f28e185df,EOG,strong_4m,17.83677348329525,79.87609595241153
2026-03-13,WS-201f28e185df,EOG,strong_4m,17.91554959079038,80.71340821032283
2026-03-14,WS-201f28e185df,EOG,strong_4m,17.665574383969712,78.05641852778746
2026-03-15,WS-201f28e185df,EOG,strong_4m,17.410465442685464,75.34486231573067
2026-03-16,WS-201f28e185df,EOG,strong_4m,17.196464645364035,73.07024509361037
2026-03-17,WS-201f28e185df,EOG,strong_4m,17.04521504000718,71.46261109649552
2026-03-18,WS-201f28e185df,EOG,strong_4m,16.9365840204839,70.30797059535291
2026-03-19,WS-201f28e185df,EOG,strong_4m,17.430319617122752,75.55589259071698
2026-03-20,WS-201f28e185df,EOG,strong_4m,18.798520176918586,90.09851390605643
2026-03-21,WS-201f28e185df,EOG,strong_4m,18.588887211783096,87.87032242831567
2026-03-22,WS-201f28e185df,EOG,strong_4m,18.46937385518192,86.60001342666216
2026-03-23,WS-201f28e185df,EOG,strong_4m,18.22711153756502,84.02500414249349
2026-03-24,WS-201f28e185df,EOG,strong_4m,17.970476179674332,81.29722362873036
2026-03-25,WS-201f28e185df,EOG,strong_4m,17.715213499378827,78.58403332274918
2026-03-26,WS-201f28e185df,EOG,strong_4m,17.559277262788548,76.92658506208629
2026-03-27,WS-201f28e185df,EOG,strong_4m,19.069159414993948,92.97514184208745
2026-03-28,WS-201f28e185df,EOG,strong_4m,18.956142827761628,91.77388708546249
2026-03-29,WS-201f28e185df,EOG,strong_4m,18.71904534709719,89.25377491956888
2026-03-30,WS-201f28e185df,EOG,strong_4m,18.484638686953964,86.76226351954061
2026-03-31,WS-201f28e185df,EOG,strong_4m,18.25306222057371,84.3008342853536
2026-04-01,WS-201f28e185df,EOG,strong_4m,18.01001601679052,81.71749306505971
2026-04-02,WS-201f28e185df,EOG,strong_4m,17.767423113188244,79.13896997820835
2026-04-03,WS-201f28e185df,EOG,strong_4m,17.566354878224626,77.00181312742039
2026-04-04,WS-201f28e185df,EOG,strong_4m,17.42344484171015,75.4828205145965
2026-04-05,WS-201f28e185df,EOG,strong_4m,17.28012343965411,73.95945549215016
2026-04-06,WS-201f28e185df,EOG,strong_4m,17.41541377024376,75.39745815287556
2026-04-07,WS-201f28e185df,EOG,strong_4m,17.530239362313857,76.61794084514564
2026-04-08,WS-201f28e185df,EOG,strong_4m,17.3677140424342,74.8904571336078
2026-04-09,WS-201f28e185df,EOG,strong_4m,17.145388408512964,72.527355116392
2026-04-10,WS-201f28e185df,EOG,strong_4m,17.725418799785434,78.69250559178894
2026-04-11,WS-201f28e185df,EOG,strong_4m,17.54475551312077,76.77223319843394
2026-04-12,WS-201f28e185df,EOG,strong_4m,17.415414340852625,75.39746421788448
2026-04-13,WS-201f28e185df,EOG,strong_4m,17.2399864308632,73.53283871042356
2026-04-14,WS-201f28e185df,EOG,strong_4m,17.087779293450797,71.91502709279732
2026-04-15,WS-201f28e185df,EOG,strong_4m,16.94199871406295,70.36552344291971
2026-04-16,WS-201f28e185df,EOG,strong_4m,16.799359168600475,68.84940588296021
2026-04-17,WS-201f28e185df,EOG,strong_4m,16.653899751161127,67.30331586755632
2026-04-18,WS-201f28e185df,EOG,strong_4m,16.514587231391488,65.82256130639905
2026-04-19,WS-201f28e185df,EOG,strong_4m,16.381156827316733,64.40432782847866
2026-04-20,WS-201f28e185df,EOG,strong_4m,16.245088608769883,62.95805698666949
2026-04-21,WS-201f28e185df,EOG,strong_4m,16.103992524302203,61.45834489343896
2026-04-22,WS-201f28e185df,EOG,strong_4m,15.984669505654725,60.19005899633891
2026-04-23,WS-201f28e185df,EOG,strong_4m,15.875536933129244,59.03008748189681
2026-04-24,WS-201f28e185df,EOG,strong_4m,15.765981175740372,57.86561793010881
2026-04-25,WS-201f28e185df,EOG,strong_4m,15.64620394132098,56.59250416773775
2026-04-26,WS-201f28e185df,EOG,strong_4m,15.526639907585281,55.321656518170784
2026-04-27,WS-201f28e185df,EOG,strong_4m,15.400290201145879,53.97868386632015
2026-04-28,WS-201f28e185df,EOG,strong_4m,15.286248434065342,52.76653245992703
2026-04-29,WS-201f28e185df,EOG,strong_4m,15.163476102092961,51.4615837672135
2026-04-30,WS-201f28e185df,EOG,strong_4m,15.061359611473591,50.37618627742554
2026-05-01,WS-201f28e185df,EOG,strong_4m,14.970020893848929,49.4053458751658
2026-05-02,WS-201f28e185df,EOG,strong_4m,14.901586918880774,48.67796027665836
2026-05-03,WS-201f28e185df,EOG,strong_4m,15.343971522133579,53.38007190406642
2026-05-04,WS-201f28e185df,EOG,strong_4m,16.62166760560628,66.96071997865026
2026-05-05,WS-201f28e185df,EOG,strong_4m,16.869334850880662,69.59317830828
2026-05-06,WS-201f28e185df,EOG,strong_4m,16.755066958121624,68.37862340914702
2026-05-07,WS-201f28e185df,EOG,strong_4m,16.65203731017083,67.28351995836
2026-05-08,WS-201f28e185df,EOG,strong_4m,16.573876774874755,66.45275062525532
2026-05-09,WS-201f28e185df,EOG,strong_4m,16.48255426223548,65.48208246599332
2026-05-10,WS-201f28e185df,EOG,strong_4m,16.37503654629331,64.33927528290712
2026-05-11,WS-201f28e185df,EOG,strong_4m,16.27765602146146,63.30421643427614
2026-05-12,WS-201f28e185df,EOG,strong_4m,16.195388563504245,62.42979456748058
2026-05-13,WS-201f28e185df,EOG,strong_4m,16.10356999554577,61.4538538298623
2026-05-14,WS-201f28e185df,EOG,strong_4m,16.377168126984895,64.36193188144371
2026-05-15,WS-201f28e185df,EOG,strong_4m,16.313058677972574,63.6805117248401
2026-05-16,WS-201f28e185df,EOG,strong_4m,16.21122443087171,62.59811420503382
2026-05-17,WS-201f28e185df,EOG,strong_4m,16.1445195516635,61.88910718755736
2026-05-18,WS-201f28e185df,EOG,strong_4m,16.805690362801997,68.91670022740945
2026-05-19,WS-201f28e185df,EOG,strong_4m,18.12369954471518,82.92583674286588
2026-05-20,WS-201f28e185df,EOG,strong_4m,18.706389349072193,89.11925415408061
2026-05-21,WS-201f28e185df,EOG,strong_4m,18.579131403081288,87.76662781237687
2026-05-22,WS-201f28e185df,EOG,strong_4m,18.46131740670841,86.5143813324067
2026-05-23,WS-201f28e185df,EOG,strong_4m,18.34518437001151,85.28000179441304
2026-05-24,WS-201f28e185df,EOG,strong_4m,18.247290464862076,84.23948621979555
2026-05-25,WS-201f28e185df,EOG,strong_4m,18.116184754931115,82.8459619457745
2026-05-26,WS-201f28e185df,EOG,strong_4m,19.688782384707935,99.56112234203782
2026-05-27,WS-201f28e185df,EOG,strong_4m,20.67782035231335,110.07361959720981
2026-05-28,WS-201f28e185df,EOG,strong_4m,20.553617079411794,108.75346141498935
2026-05-29,WS-201f28e185df,EOG,strong_4m,20.407631296113003,107.20177665010783
2026-05-30,WS-201f28e185df,EOG,strong_4m,20.295844546308928,106.01359385129666
2026-05-31,WS-201f28e185df,EOG,strong_4m,20.311051726976707,106.17523116984773
2026-06-01,WS-201f28e185df,EOG,strong_4m,20.17307092793417,104.70863148539576
2026-06-02,WS-201f28e185df,EOG,strong_4m,21.209656708930638,115.72651505953088
2026-06-03,WS-201f28e185df,EOG,strong_4m,22.67578823037045,131.31004582344406
2026-06-04,WS-201f28e185df,EOG,strong_4m,22.98861637310732,134.635100168753
2026-06-05,WS-201f28e185df,EOG,strong_4m,22.887876388461454,133.5643335786293
2026-06-06,WS-201f28e185df,EOG,strong_4m,22.742883285713507,132.02320002806698
2026-06-07,WS-201f28e185df,EOG,strong_4m,22.61816249683793,130.69754116191464
2026-06-08,WS-201f28e185df,EOG,strong_4m,22.437126374089722,128.77330588904113
2026-06-09,WS-201f28e185df,EOG,strong_4m,22.319379194452164,127.52176960500846
2026-06-10,WS-201f28e185df,EOG,strong_4m,22.32389444927039,127.56976230643924
2026-06-11,WS-201f28e185df,EOG,strong_4m,22.59622318476049,130.46434793218168
2026-06-12,WS-201f28e185df,EOG,strong_4m,22.53801635448378,129.845666785898
2026-06-13,WS-201f28e185df,EOG,strong_4m,22.42122511418868,128.6042911934089
2026-06-14,WS-201f28e185df,EOG,strong_4m,22.480651180716972,129.23593161746348
2026-06-15,WS-201f28e185df,EOG,strong_4m,22.31823271376546,127.50958364707071
2026-06-16,WS-201f28e185df,EOG,strong_4m,22.154686083278694,125.77124441197809
2026-06-17,WS-201f28e185df,EOG,strong_4m,22.39193876658959,128.29300622879344
2026-06-18,WS-201f28e185df,EOG,strong_4m,22.24717736669828,126.75433545086895
2026-06-19,WS-201f28e185df,EOG,strong_4m,23.01288015463941,134.89300021416153
2026-06-20,WS-201f28e185df,EOG,strong_4m,24.062740764396946,146.0519821136233
2026-06-21,WS-201f28e185df,EOG,strong_4m,24.183181116084146,147.33214415794714
2026-06-22,WS-201f28e185df,EOG,strong_4m,24.264356407701904,148.1949573746991
2026-06-23,WS-201f28e185df,EOG,strong_4m,24.10348077492148,146.48500820851808
2026-06-24,WS-201f28e185df,EOG,strong_4m,23.91938436948038,144.52824515161316
2026-06-25,WS-201f28e185df,EOG,strong_4m,23.737747144330022,142.5976207535901
2026-06-26,WS-201f28e185df,EOG,strong_4m,23.558536249466158,140.69278585133188
2026-06-27,WS-201f28e185df,EOG,strong_4m,23.40580473044257,139.06940057482822
2026-06-28,WS-201f28e185df,EOG,strong_4m,23.300628647753094,137.95148264164735
2026-06-29,WS-201f28e185df,EOG,strong_4m,23.195622583920343,136.83537184107738
2026-06-30,WS-201f28e185df,EOG,strong_4m,23.639082694407392,141.54891504868579
2026-07-01,WS-201f28e185df,EOG,strong_4m,24.891157418378015,154.8572333641892
2026-07-02,WS-201f28e185df,EOG,strong_4m,27.16390812926751,179.01432984832346
2026-07-03,WS-201f28e185df,EOG,strong_4m,27.36306127395337,181.1311311799627
2026-07-04,WS-201f28e185df,EOG,strong_4m,27.187803604394425,179.26831516022298
2026-07-05,WS-201f28e185df,EOG,strong_4m,26.96411240858253,176.89069856813995
2026-07-06,WS-201f28e185df,EOG,strong_4m,26.72666224513255,174.36683773239096
2026-07-07,WS-201f28e185df,EOG,strong_4m,26.47767490979882,171.72034814857284
2026-07-08,WS-201f28e185df,EOG,strong_4m,26.276562315734544,169.58271980433443
2026-07-09,WS-201f28e185df,EOG,strong_4m,26.085211028256943,167.54884451312373
2026-07-10,WS-201f28e185df,EOG,strong_4m,25.87464244934292,165.3107083845194
2026-07-11,WS-201f28e185df,EOG,strong_4m,25.6739616300054,163.17766937939498
2026-07-12,WS-201f28e185df,EOG,strong_4m,26.305891208021443,169.89445697698287
2026-07-13,WS-201f28e185df,EOG,strong_4m,26.417152407809347,171.07705369792512
2026-07-14,WS-201f28e185df,EOG,strong_4m,26.400727088167024,170.90246876457482
2026-07-15,WS-201f28e185df,EOG,strong_4m,26.332729612416827,170.17972272185898
2026-07-16,WS-201f28e185df,EOG,strong_4m,26.089721272990623,167.59678396230154
2026-07-17,WS-201f28e185df,EOG,strong_4m,25.852489580160594,165.07524525357684
2026-07-18,WS-201f28e185df,EOG,strong_4m,25.588510650656616,162.26940982285765
2026-07-19,WS-201f28e185df,EOG,strong_4m,25.322073853682447,159.43744968724306
2026-07-20,WS-201f28e185df,EOG,strong_4m,25.06953098548731,156.7531682989943
2026-07-21,WS-201f28e185df,EOG,strong_4m,24.825568963210195,154.16009283217096
2026-07-22,WS-201f28e185df,EOG,strong_4m,24.605435873522623,151.8202953957632
2026-07-23,WS-201f28e185df,EOG,strong_4m,24.495426417114672,150.6510034712767
2026-07-24,WS-201f28e185df,EOG,strong_4m,24.286751691376885,148.43299713239622
2026-07-25,WS-201f28e185df,EOG,strong_4m,24.074796614871367,146.18012390309167
2026-07-26,WS-201f28e185df,EOG,strong_4m,23.86605853139907,143.9614441340377
2026-07-27,WS-201f28e185df,EOG,strong_4m,23.648166102184103,141.64546270655933
2026-07-28,WS-201f28e185df,EOG,strong_4m,23.44590329361298,139.49560871756097
2026-07-29,WS-201f28e185df,EOG,strong_4m,23.450549530291596,139.5449936268674
2026-07-30,WS-201f28e185df,EOG,strong_4m,23.26323057110639,137.5539780048446
2026-07-31,WS-201f28e185df,EOG,strong_4m,23.05503614380021,135.3410767641598
2026-08-01,WS-201f28e185df,EOG,strong_4m,22.832814080926845,132.9790756049415
2026-08-02,WS-201f28e185df,EOG,strong_4m,22.63723521709941,130.90026535043387
2026-08-03,WS-201f28e185df,EOG,strong_4m,22.4727250831477,129.15168502464263
2026-08-04,WS-201f28e185df,EOG,strong_4m,22.315939922507773,127.4852135393574
2026-08-05,WS-201f28e185df,EOG,strong_4m,22.26504375675188,126.94423754012146
2026-08-06,WS-201f28e185df,EOG,strong_4m,22.15353568683927,125.75901683345441
2026-08-07,WS-201f28e185df,EOG,strong_4m,21.9847224064117,123.9646983085265
2026-08-08,WS-201f28e185df,EOG,strong_4m,21.802401430426578,122.02680631410257
2026-08-09,WS-201f28e185df,EOG,strong_4m,21.756040502934038,121.53403542059226
2026-08-10,WS-201f28e185df,EOG,strong_4m,23.75364747874007,142.7666256121666
2026-08-11,WS-201f28e185df,EOG,strong_4m,24.179832012850657,147.29654649668183
2026-08-12,WS-201f28e185df,EOG,strong_4m,24.062153895424437,146.04574427578012
2026-08-13,WS-201f28e185df,EOG,strong_4m,23.9663328491707,145.02726114497682
2026-08-14,WS-201f28e185df,EOG,strong_4m,23.753034126573137,142.7601062841099
2026-08-15,WS-201f28e185df,EOG,strong_4m,23.524740296236175,140.33356823057028
2026-08-16,WS-201f28e185df,EOG,strong_4m,23.318344818552738,138.13978804852098
2026-08-17,WS-201f28e185df,EOG,strong_4m,23.199170806273564,136.87308594202264
2026-08-18,WS-201f28e185df,EOG,strong_4m,22.974433274719257,134.48434783390044
2026-08-19,WS-201f28e185df,EOG,strong_4m,22.742106598790805,132.0149446127943
2026-08-20,WS-201f28e185df,EOG,strong_4m,22.54532064954959,129.92330423192672
2026-08-21,WS-201f28e185df,EOG,strong_4m,22.623466976874276,130.75392254832113
2026-08-22,WS-201f28e185df,EOG,strong_4m,22.380796745007522,128.17457753835382
2026-08-23,WS-201f28e185df,EOG,strong_4m,22.170341651036836,125.93764764266913
2026-08-24,WS-201f28e185df,EOG,strong_4m,21.93122021772611,123.39602285811414
2026-08-25,WS-201f28e185df,EOG,strong_4m,22.517147934034526,129.62385607702942
2026-08-26,WS-201f28e185df,EOG,strong_4m,24.25758992937692,148.12303638971326
2026-08-27,WS-201f28e185df,EOG,strong_4m,25.08960276578462,156.96651150946047
2026-08-28,WS-201f28e185df,EOG,strong_4m,24.820950653578087,154.1110047598004
2026-08-29,WS-201f28e185df,EOG,strong_4m,24.52833565689592,151.00079620340784
2026-08-30,WS-201f28e185df,EOG,strong_4m,24.222238524649082,147.7472858550117
2026-08-31,WS-201f28e185df,EOG,strong_4m,23.90376680970077,144.3622459082139
2026-09-01,WS-201f28e185df,EOG,strong_4m,23.620332332196007,141.3496172080196
2026-09-02,WS-201f28e185df,EOG,strong_4m,23.3402883479459,138.37302610415696
2026-09-03,WS-201f28e185df,EOG,strong_4m,23.523129358653684,140.3164455543244
2026-09-04,WS-201f28e185df,EOG,strong_4m,23.30474854895371,137.99527312440094
2026-09-05,WS-201f28e185df,EOG,strong_4m,23.19036357125053,136.77947372789353
2026-09-06,WS-201f28e185df,EOG,strong_4m,23.45013155758408,139.54055098959324
2026-09-07,WS-201f28e185df,EOG,strong_4m,23.18518190049445,136.72439768290366
2026-09-08,WS-201f28e185df,EOG,strong_4m,22.870383837509088,133.37840502998324
2026-09-09,WS-201f28e185df,EOG,strong_4m,22.662801013044923,131.1720045237582
2026-09-10,WS-201f28e185df,EOG,strong_4m,22.363215908264102,127.98771059890123
2026-09-11,WS-201f28e185df,EOG,strong_4m,22.09829150991547,125.17182576769402
2026-09-12,WS-201f28e185df,EOG,strong_4m,21.823124473294914,122.24707180279725
2026-09-13,WS-201f28e185df,EOG,strong_4m,21.554386965655254,119.39065738398216
2026-09-14,WS-201f28e185df,EOG,strong_4m,21.312367461380106,116.81822896594024
2026-09-15,WS-201f28e185df,EOG,strong_4m,21.09977966911554,114.55863059270982
2026-09-16,WS-201f28e185df,EOG,strong_4m,20.80872076779969,111.46496179394339
2026-09-17,WS-201f28e185df,EOG,strong_4m,20.544603836884804,108.65765954445592
2026-09-18,WS-201f28e185df,EOG,strong_4m,20.263887195680603,105.67391876119248
2026-09-19,WS-201f28e185df,EOG,strong_4m,19.972788524708406,102.57982725023814
2026-09-20,WS-201f28e185df,EOG,strong_4m,19.677042488393823,99.43633883339565
2026-09-21,WS-201f28e185df,EOG,strong_4m,19.36482535186157,96.11777888087981
2026-09-22,WS-201f28e185df,EOG,strong_4m,19.161755536773484,93.95934720925217
2026-09-23,WS-201f28e185df,EOG,strong_4m,18.931075733451685,91.50744861822507
2026-09-24,WS-201f28e185df,EOG,strong_4m,18.67900126712079,88.82814587940473
2026-09-25,WS-201f28e185df,EOG,strong_4m,18.453315760827483,86.4293317356114
2026-09-26,WS-201f28e185df,EOG,strong_4m,18.181938930350032,83.54486392046918
2026-09-27,WS-201f28e185df,EOG,strong_4m,18.030460994076755,81.93480299111238
2026-09-28,WS-201f28e185df,EOG,strong_4m,17.825796033737834,79.75941650013475
2025-03-01,WS-4aa144a4eafe,EER?,strong_4m,15.85492161436408,51.82559424359766
2025-03-02,WS-4aa144a4eafe,EER?,strong_4m,15.633184481457043,49.4687474112171
2025-03-03,WS-4aa144a4eafe,EER?,strong_4m,15.452101850323547,47.54401780011922
2025-03-04,WS-4aa144a4eafe,EER?,strong_4m,15.278064780689736,45.69417555265402
2025-03-05,WS-4aa144a4eafe,EER?,strong_4m,15.104748130161333,43.851990649109126
2025-03-06,WS-4aa144a4eafe,EER?,strong_4m,14.95584002401101,42.269244477121255
2025-03-07,WS-4aa144a4eafe,EER?,strong_4m,14.832830502352817,40.96177469219212
2025-03-08,WS-4aa144a4eafe,EER?,strong_4m,14.699161025476677,39.541000106396545
2025-03-09,WS-4aa144a4eafe,EER?,strong_4m,14.564891740229239,38.11385014972194
2025-03-10,WS-4aa144a4eafe,EER?,strong_4m,14.447245414075425,36.863385838662786
2025-03-11,WS-4aa144a4eafe,EER?,strong_4m,14.937865656066553,42.078194689480576
2025-03-12,WS-4aa144a4eafe,EER?,strong_4m,14.811697336204691,40.737149997891315
2025-03-13,WS-4aa144a4eafe,EER?,strong_4m,14.658980730924021,39.11392323975263
2025-03-14,WS-4aa144a4eafe,EER?,strong_4m,14.507169695801128,37.500321798446834
2025-03-15,WS-4aa144a4eafe,EER?,strong_4m,14.355000190407225,35.88291017202835
2025-03-16,WS-4aa144a4eafe,EER?,strong_4m,14.234736594589954,34.60462686811526
2025-03-17,WS-4aa144a4eafe,EER?,strong_4m,14.124766471918072,33.43575302241438
2025-03-18,WS-4aa144a4eafe,EER?,strong_4m,14.014180561940464,32.260333965535395
2025-03-19,WS-4aa144a4eafe,EER?,strong_4m,13.901786186164568,31.065692702468866
2025-03-20,WS-4aa144a4eafe,EER?,strong_4m,13.854179874424212,30.559684603799976
2025-03-21,WS-4aa144a4eafe,EER?,strong_4m,14.077859942813141,32.93718292236143
2025-03-22,WS-4aa144a4eafe,EER?,strong_4m,14.450343134123088,36.896311544818644
2025-03-23,WS-4aa144a4eafe,EER?,strong_4m,14.344598267147298,35.772347996156334
2025-03-24,WS-4aa144a4eafe,EER?,strong_4m,14.219968102829672,34.44765237959394
2025-03-25,WS-4aa144a4eafe,EER?,strong_4m,14.113638258661133,33.31747110083986
2025-03-26,WS-4aa144a4eafe,EER?,strong_4m,14.003443556081262,32.14621019241381
2025-03-27,WS-4aa144a4eafe,EER?,strong_4m,13.91273146299752,31.182030190444248
2025-03-28,WS-4aa144a4eafe,EER?,strong_4m,13.851816997244036,30.534569551916743
2025-03-29,WS-4aa144a4eafe,EER?,strong_4m,14.965036455855863,42.36699346926604
2025-03-30,WS-4aa144a4eafe,EER?,strong_4m,15.838134092086236,51.64715945378441
2025-03-31,WS-4aa144a4eafe,EER?,strong_4m,15.90620290741846,52.37066376583354
2025-04-01,WS-4aa144a4eafe,EER?,strong_4m,15.746861674701847,50.67702375762972
2025-04-02,WS-4aa144a4eafe,EER?,strong_4m,15.608332135634065,49.204591508404576
2025-04-03,WS-4aa144a4eafe,EER?,strong_4m,15.478171521746823,47.82111267236559
2025-04-04,WS-4aa144a4eafe,EER?,strong_4m,15.353781506763966,46.49896960616551
2025-04-05,WS-4aa144a4eafe,EER?,strong_4m,15.21435782393224,45.01703349139422
2025-04-06,WS-4aa144a4eafe,EER?,strong_4m,15.105210105353883,43.85690098936168
2025-04-07,WS-4aa144a4eafe,EER?,strong_4m,14.989195705458052,42.62378244344964
2025-04-08,WS-4aa144a4eafe,EER?,strong_4m,14.88020621303669,41.46533172927114
2025-04-09,WS-4aa144a4eafe,EER?,strong_4m,14.75770585444964,40.16327384516199
2025-04-10,WS-4aa144a4eafe,EER?,strong_4m,14.658553636011089,39.109383642439916
2025-04-11,WS-4aa144a4eafe,EER?,strong_4m,14.544739759427436,37.89965448706387
2025-04-12,WS-4aa144a4eafe,EER?,strong_4m,14.439465197665161,36.78068981855393
2025-04-13,WS-4aa144a4eafe,EER?,strong_4m,14.342169457182052,35.74653214385415
2025-04-14,WS-4aa144a4eafe,EER?,strong_4m,14.252343073079128,34.79176635401264
2025-04-15,WS-4aa144a4eafe,EER?,strong_4m,14.174130433464043,33.96044320343228
2025-04-16,WS-4aa144a4eafe,EER?,strong_4m,14.091790381042038,33.08524972913851
2025-04-17,WS-4aa144a4eafe,EER?,strong_4m,14.007191024347293,32.18604208072427
2025-04-18,WS-4aa144a4eafe,EER?,strong_4m,13.924890951750854,31.311273552509704
2025-04-19,WS-4aa144a4eafe,EER?,strong_4m,13.842063425655247,30.43089871428093
2025-04-20,WS-4aa144a4eafe,EER?,strong_4m,13.768281061262272,29.64666501591325
2025-04-21,WS-4aa144a4eafe,EER?,strong_4m,14.093050748479243,33.09864619080945
2025-04-22,WS-4aa144a4eafe,EER?,strong_4m,14.191658905103125,34.14675355351857
2025-04-23,WS-4aa144a4eafe,EER?,strong_4m,14.13617327280517,33.55699605548648
2025-04-24,WS-4aa144a4eafe,EER?,strong_4m,14.104964606099433,33.22527873640725
2025-04-25,WS-4aa144a4eafe,EER?,strong_4m,14.043472955280492,32.571683190408955
2025-04-26,WS-4aa144a4eafe,EER?,strong_4m,14.002509297638063,32.136279947426814
2025-04-27,WS-4aa144a4eafe,EER?,strong_4m,14.064409809030856,32.79422127771363
2025-04-28,WS-4aa144a4eafe,EER?,strong_4m,14.011967334090276,32.236809538301806
2025-04-29,WS-4aa144a4eafe,EER?,strong_4m,13.963688913185006,31.723657582690368
2025-04-30,WS-4aa144a4eafe,EER?,strong_4m,14.888316209950652,41.55153299058762
2025-05-01,WS-4aa144a4eafe,EER?,strong_4m,14.813248895108465,40.75364153739881
2025-05-02,WS-4aa144a4eafe,EER?,strong_4m,14.72523167681129,39.818105394133106
2025-05-03,WS-4aa144a4eafe,EER?,strong_4m,14.644507852134097,38.96009082528841
2025-05-04,WS-4aa144a4eafe,EER?,strong_4m,14.567243245580524,38.138844330289906
2025-05-05,WS-4aa144a4eafe,EER?,strong_4m,14.498341319971487,37.40648487841289
2025-05-06,WS-4aa144a4eafe,EER?,strong_4m,14.422506608670531,36.60043675841178
2025-05-07,WS-4aa144a4eafe,EER?,strong_4m,14.34669041617656,35.79458547504788
2025-05-08,WS-4aa144a4eafe,EER?,strong_4m,14.27728357776233,35.05685929848226
2025-05-09,WS-4aa144a4eafe,EER?,strong_4m,14.209307213841694,34.33433765367381
2025-05-10,WS-4aa144a4eafe,EER?,strong_4m,14.150309669883072,33.70725200151375
2025-05-11,WS-4aa144a4eafe,EER?,strong_4m,14.096853317973281,33.13906375077981
2025-05-12,WS-4aa144a4eafe,EER?,strong_4m,14.110804439216142,33.28735039757786
2025-05-13,WS-4aa144a4eafe,EER?,strong_4m,14.062422059615002,32.773093463653346
2025-05-14,WS-4aa144a4eafe,EER?,strong_4m,14.394564555285918,36.30344031426029
2025-05-15,WS-4aa144a4eafe,EER?,strong_4m,14.32897848450142,35.60632512588302
2025-05-16,WS-4aa144a4eafe,EER?,strong_4m,14.281760012703604,35.10443938294255
2025-05-17,WS-4aa144a4eafe,EER?,strong_4m,14.232286095941365,34.57858048651933
2025-05-18,WS-4aa144a4eafe,EER?,strong_4m,14.168289823285217,33.89836328285845
2025-05-19,WS-4aa144a4eafe,EER?,strong_4m,14.142279251957998,33.62189658629183
2025-05-20,WS-4aa144a4eafe,EER?,strong_4m,14.09044238262052,33.07092183661027
2025-05-21,WS-4aa144a4eafe,EER?,strong_4m,14.046753966553055,32.60655710134737
2025-05-22,WS-4aa144a4eafe,EER?,strong_4m,14.28208993372493,35.10794611771383
2025-05-23,WS-4aa144a4eafe,EER?,strong_4m,18.662089583831417,81.66301863012589
2025-05-24,WS-4aa144a4eafe,EER?,strong_4m,18.999461565877155,85.24894975854814
2025-05-25,WS-4aa144a4eafe,EER?,strong_4m,18.85673918857626,83.73195177791465
2025-05-26,WS-4aa144a4eafe,EER?,strong_4m,18.764605129502225,82.75265768117876
2025-05-27,WS-4aa144a4eafe,EER?,strong_4m,19.148411916302038,86.83214494547266
2025-05-28,WS-4aa144a4eafe,EER?,strong_4m,19.0346074934262,85.62251627367833
2025-05-29,WS-4aa144a4eafe,EER?,strong_4m,18.913936680345053,84.33990465223955
2025-05-30,WS-4aa144a4eafe,EER?,strong_4m,18.78390485402696,82.95779470092643
2025-05-31,WS-4aa144a4eafe,EER?,strong_4m,18.663327653794592,81.67617809165908
2025-06-01,WS-4aa144a4eafe,EER?,strong_4m,18.562639754679793,80.60596511931377
2025-06-02,WS-4aa144a4eafe,EER?,strong_4m,18.46682924107002,79.58759394011835
2025-06-03,WS-4aa144a4eafe,EER?,strong_4m,18.351150548246437,78.35804362898718
2025-06-04,WS-4aa144a4eafe,EER?,strong_4m,18.226882478128896,77.03719671632611
2025-06-05,WS-4aa144a4eafe,EER?,strong_4m,18.11491072758643,75.8470475422915
2025-06-06,WS-4aa144a4eafe,EER?,strong_4m,18.038148774516955,75.03114375762867
2025-06-07,WS-4aa144a4eafe,EER?,strong_4m,18.149233209010283,76.21186163798546
2025-06-08,WS-4aa144a4eafe,EER?,strong_4m,19.123793625746593,86.5704768191036
2025-06-09,WS-4aa144a4eafe,EER?,strong_4m,19.924585068051183,95.08209934010151
2025-06-10,WS-4aa144a4eafe,EER?,strong_4m,19.811567814807134,93.88083750442932
2025-06-11,WS-4aa144a4eafe,EER?,strong_4m,19.683402291165017,92.51856450821917
2025-06-12,WS-4aa144a4eafe,EER?,strong_4m,19.577516025766613,91.3930980339076
2025-06-13,WS-4aa144a4eafe,EER?,strong_4m,19.47695206046518,90.3242023556557
2025-06-14,WS-4aa144a4eafe,EER?,strong_4m,19.366905174912063,89.15451259630466
2025-06-15,WS-4aa144a4eafe,EER?,strong_4m,19.38303625224893,89.32597002441268
2025-06-16,WS-4aa144a4eafe,EER?,strong_4m,19.631786855113162,91.96994337577331
2025-06-17,WS-4aa144a4eafe,EER?,strong_4m,19.567780868329173,91.2896229205229
2025-06-18,WS-4aa144a4eafe,EER?,strong_4m,19.451212156723596,90.05061258833165
2025-06-19,WS-4aa144a4eafe,EER?,strong_4m,19.34020051039822,88.8706683743465
2025-06-20,WS-4aa144a4eafe,EER?,strong_4m,19.23064346328102,87.70618511401949
2025-06-21,WS-4aa144a4eafe,EER?,strong_4m,19.107036062674787,86.39236046607598
2025-06-22,WS-4aa144a4eafe,EER?,strong_4m,18.9929072395431,85.17928373979753
2025-06-23,WS-4aa144a4eafe,EER?,strong_4m,18.91977183170372,84.4019265509438
2025-06-24,WS-4aa144a4eafe,EER?,strong_4m,20.373619266242628,99.85488959748137
2025-06-25,WS-4aa144a4eafe,EER?,strong_4m,20.96601263939535,106.15144636600232
2025-06-26,WS-4aa144a4eafe,EER?,strong_4m,21.63787197317442,113.29264785022276
2025-06-27,WS-4aa144a4eafe,EER?,strong_4m,21.483205569225472,111.64869665700698
2025-06-28,WS-4aa144a4eafe,EER?,strong_4m,21.32585514796493,109.97621700932821
2025-06-29,WS-4aa144a4eafe,EER?,strong_4m,21.18542532128908,108.4835865787206
2025-06-30,WS-4aa144a4eafe,EER?,strong_4m,21.056478683990555,107.11301111542839
2025-07-01,WS-4aa144a4eafe,EER?,strong_4m,20.948073621449552,105.96077231395124
2025-07-02,WS-4aa144a4eafe,EER?,strong_4m,21.380640996593904,110.55853649775877
2025-07-03,WS-4aa144a4eafe,EER?,strong_4m,21.214555766172985,108.79321445137494
2025-07-04,WS-4aa144a4eafe,EER?,strong_4m,21.449424805239598,111.289640482916
2025-07-05,WS-4aa144a4eafe,EER?,strong_4m,21.341705212519994,110.14468754897074
2025-07-06,WS-4aa144a4eafe,EER?,strong_4m,21.230231903927834,108.959836320825
2025-07-07,WS-4aa144a4eafe,EER?,strong_4m,22.101222749329885,118.21760919858171
2025-07-08,WS-4aa144a4eafe,EER?,strong_4m,21.97521803216393,116.87830344214758
2025-07-09,WS-4aa144a4eafe,EER?,strong_4m,21.835255376649215,115.3906385798093
2025-07-10,WS-4aa144a4eafe,EER?,strong_4m,22.217071564805032,119.44896774556042
2025-07-11,WS-4aa144a4eafe,EER?,strong_4m,22.734630900151668,124.9501125655041
2025-07-12,WS-4aa144a4eafe,EER?,strong_4m,22.582720545738958,123.33545545819176
2025-07-13,WS-4aa144a4eafe,EER?,strong_4m,22.436120560039967,121.77724232811329
2025-07-14,WS-4aa144a4eafe,EER?,strong_4m,22.368671834376524,121.06032895711452
2025-07-15,WS-4aa144a4eafe,EER?,strong_4m,22.23546367115061,119.64445768002962
2025-07-16,WS-4aa144a4eafe,EER?,strong_4m,22.06554044711997,117.83834155029504
2025-07-17,WS-4aa144a4eafe,EER?,strong_4m,21.899466742376738,116.07314201048726
2025-07-18,WS-4aa144a4eafe,EER?,strong_4m,21.720509904515268,114.17100748336914
2025-07-19,WS-4aa144a4eafe,EER?,strong_4m,21.544485700114592,112.30004395495567
2025-07-20,WS-4aa144a4eafe,EER?,strong_4m,21.371346070999806,110.45974061428875
2025-07-21,WS-4aa144a4eafe,EER?,strong_4m,21.210795440288358,108.75324589927128
2025-07-22,WS-4aa144a4eafe,EER?,strong_4m,21.076727758531455,107.32823878868581
2025-07-23,WS-4aa144a4eafe,EER?,strong_4m,22.58810573589041,123.39269471344787
2025-07-24,WS-4aa144a4eafe,EER?,strong_4m,22.428922504110993,121.70073409923396
2025-07-25,WS-4aa144a4eafe,EER?,strong_4m,22.278893554134548,120.1060744638286
2025-07-26,WS-4aa144a4eafe,EER?,strong_4m,23.44079732009223,132.4559645089772
2025-07-27,WS-4aa144a4eafe,EER?,strong_4m,24.352089600491638,142.14210185671976
2025-07-28,WS-4aa144a4eafe,EER?,strong_4m,24.898415350131437,147.94900526349522
2025-07-29,WS-4aa144a4eafe,EER?,strong_4m,25.292278696383292,152.13538382731326
2025-07-30,WS-4aa144a4eafe,EER?,strong_4m,25.16044044611993,150.73407337269464
2025-07-31,WS-4aa144a4eafe,EER?,strong_4m,24.888123125219256,147.83960907276975
2025-08-01,WS-4aa144a4eafe,EER?,strong_4m,24.67976758267263,145.62499533612586
2025-08-02,WS-4aa144a4eafe,EER?,strong_4m,24.620036643963644,144.99011442174873
2025-08-03,WS-4aa144a4eafe,EER?,strong_4m,24.358096402895594,142.2059482365881
2025-08-04,WS-4aa144a4eafe,EER?,strong_4m,24.107463226301228,139.54196498488093
2025-08-05,WS-4aa144a4eafe,EER?,strong_4m,24.012741901483764,138.53517080734227
2025-08-06,WS-4aa144a4eafe,EER?,strong_4m,23.777810310823824,136.03807991411264
2025-08-07,WS-4aa144a4eafe,EER?,strong_4m,23.58008216652869,133.93642492992083
2025-08-08,WS-4aa144a4eafe,EER?,strong_4m,23.367672306945018,131.67871780543996
2025-08-09,WS-4aa144a4eafe,EER?,strong_4m,23.170467910681054,129.58262974579546
2025-08-10,WS-4aa144a4eafe,EER?,strong_4m,22.953522821895756,127.27671761190624
2025-08-11,WS-4aa144a4eafe,EER?,strong_4m,22.7404382529471,125.01183899292289
2025-08-12,WS-4aa144a4eafe,EER?,strong_4m,22.520109112659856,122.66995773217423
2025-08-13,WS-4aa144a4eafe,EER?,strong_4m,22.3526408647636,120.88993557528948
2025-08-14,WS-4aa144a4eafe,EER?,strong_4m,22.18120277837818,119.0677179541378
2025-08-15,WS-4aa144a4eafe,EER?,strong_4m,21.997629025420505,117.11651017718914
2025-08-16,WS-4aa144a4eafe,EER?,strong_4m,21.82927688643514,115.32709313057072
2025-08-17,WS-4aa144a4eafe,EER?,strong_4m,21.716248524820355,114.12571322388337
2025-08-18,WS-4aa144a4eafe,EER?,strong_4m,21.50503047717955,111.88067388384398
2025-08-19,WS-4aa144a4eafe,EER?,strong_4m,21.302906002660244,109.73229024925837
2025-08-20,WS-4aa144a4eafe,EER?,strong_4m,21.208730328661343,108.73129580127538
2025-08-21,WS-4aa144a4eafe,EER?,strong_4m,21.170171856448846,108.32145730510629
2025-08-22,WS-4aa144a4eafe,EER?,strong_4m,21.01100818140413,106.62970455967664
2025-08-23,WS-4aa144a4eafe,EER?,strong_4m,20.813663364172378,104.53212396376276
2025-08-24,WS-4aa144a4eafe,EER?,strong_4m,20.583287093186122,102.08345162182697
2025-08-25,WS-4aa144a4eafe,EER?,strong_4m,20.36731961412845,99.78793051428343
2025-08-26,WS-4aa144a4eafe,EER?,strong_4m,20.173827646642938,97.73130190778609
2025-08-27,WS-4aa144a4eafe,EER?,strong_4m,21.305129556131032,109.75592442764588
2025-08-28,WS-4aa144a4eafe,EER?,strong_4m,21.972783111166137,116.85242263560194
2025-08-29,WS-4aa144a4eafe,EER?,strong_4m,22.675204153366423,124.31846491098969
2025-08-30,WS-4aa144a4eafe,EER?,strong_4m,23.773253540475096,135.98964594357517
2025-08-31,WS-4aa144a4eafe,EER?,strong_4m,23.503562524191068,133.12309666913768
2025-09-01,WS-4aa144a4eafe,EER?,strong_4m,23.23955637149858,130.31697188279827
2025-09-02,WS-4aa144a4eafe,EER?,strong_4m,23.004124741098273,127.81456606074872
2025-09-03,WS-4aa144a4eafe,EER?,strong_4m,22.716794845537656,124.76053291202848
2025-09-04,WS-4aa144a4eafe,EER?,strong_4m,22.38676654828099,121.2526579035091
2025-09-05,WS-4aa144a4eafe,EER?,strong_4m,22.130244747338434,118.52608438800557
2025-09-06,WS-4aa144a4eafe,EER?,strong_4m,21.848099838921364,115.5271625342001
2025-09-07,WS-4aa144a4eafe,EER?,strong_4m,21.60369088077185,112.9293365802512
2025-09-08,WS-4aa144a4eafe,EER?,strong_4m,21.65068521331534,113.42883994417993
2025-09-09,WS-4aa144a4eafe,EER?,strong_4m,21.314674367487562,109.85737635009288
2025-09-10,WS-4aa144a4eafe,EER?,strong_4m,21.612211280652662,113.0199000199712
2025-09-11,WS-4aa144a4eafe,EER?,strong_4m,24.86529948511383,147.59701630907412
2025-09-12,WS-4aa144a4eafe,EER?,strong_4m,24.609428619854555,144.877361597305
2025-09-13,WS-4aa144a4eafe,EER?,strong_4m,24.309321547160806,141.68751966880035
2025-09-14,WS-4aa144a4eafe,EER?,strong_4m,24.022076376063936,138.63438705749303
2025-09-15,WS-4aa144a4eafe,EER?,strong_4m,23.67370619985816,134.9315559821464
2025-09-16,WS-4aa144a4eafe,EER?,strong_4m,23.4061135591897,132.08731036906622
2025-09-17,WS-4aa144a4eafe,EER?,strong_4m,23.529189993237907,133.3954913666478
2025-09-18,WS-4aa144a4eafe,EER?,strong_4m,23.20576100598374,129.9577605088685
2025-09-19,WS-4aa144a4eafe,EER?,strong_4m,22.936559229735508,127.09641137305248
2025-09-20,WS-4aa144a4eafe,EER?,strong_4m,23.706565279555296,135.28081556209955
2025-09-21,WS-4aa144a4eafe,EER?,strong_4m,23.426337029245133,132.30226589191895
2025-09-22,WS-4aa144a4eafe,EER?,strong_4m,23.082198636872008,128.64441450125813
2025-09-23,WS-4aa144a4eafe,EER?,strong_4m,23.29216941265907,130.87619657275133
2025-09-24,WS-4aa144a4eafe,EER?,strong_4m,23.02106513656166,127.99462574161367
2025-09-25,WS-4aa144a4eafe,EER?,strong_4m,22.693781435009633,124.51592307607469
2025-09-26,WS-4aa144a4eafe,EER?,strong_4m,22.292948220110276,120.25546168892157
2025-09-27,WS-4aa144a4eafe,EER?,strong_4m,21.87928877531082,115.85867013949427
2025-09-28,WS-4aa144a4eafe,EER?,strong_4m,21.557466033379008,112.4380120838676
2025-09-29,WS-4aa144a4eafe,EER?,strong_4m,21.245144915739516,109.118346914828
2025-09-30,WS-4aa144a4eafe,EER?,strong_4m,20.961311436149984,106.10147721635224
2025-10-01,WS-4aa144a4eafe,EER?,strong_4m,20.65254102586561,102.81955256137495
2025-10-02,WS-4aa144a4eafe,EER?,strong_4m,20.416861860313993,100.31451568502419
2025-10-03,WS-4aa144a4eafe,EER?,strong_4m,20.27951201557172,98.85462242193002
2025-10-04,WS-4aa144a4eafe,EER?,strong_4m,20.013648888798464,96.02875983424593
2025-10-05,WS-4aa144a4eafe,EER?,strong_4m,19.72995267743883,93.013349161548
2025-10-06,WS-4aa144a4eafe,EER?,strong_4m,19.471587800409,90.26718556665095
2025-10-07,WS-4aa144a4eafe,EER?,strong_4m,19.293392333707033,88.37314366336184
2025-10-08,WS-4aa144a4eafe,EER?,strong_4m,19.032312985327323,85.59812791763797
2025-10-09,WS-4aa144a4eafe,EER?,strong_4m,20.05390870849508,96.45668197466593
2025-10-10,WS-4aa144a4eafe,EER?,strong_4m,19.937315575279328,95.2174120648666
2025-10-11,WS-4aa144a4eafe,EER?,strong_4m,19.57615875974495,91.37867163593849
2025-10-12,WS-4aa144a4eafe,EER?,strong_4m,19.33040172010117,88.7665169064801
2025-10-13,WS-4aa144a4eafe,EER?,strong_4m,19.032895735771362,85.60432197958913
2025-10-14,WS-4aa144a4eafe,EER?,strong_4m,18.76866019031413,82.79575897460828
2025-10-15,WS-4aa144a4eafe,EER?,strong_4m,18.49116553770738,79.84626474951179
2025-10-16,WS-4aa144a4eafe,EER?,strong_4m,18.195360078119045,76.70214472192968
2025-10-17,WS-4aa144a4eafe,EER?,strong_4m,17.931517038019322,73.89775366143286
2025-10-18,WS-4aa144a4eafe,EER?,strong_4m,17.67732065207396,71.19589701178865
2025-10-19,WS-4aa144a4eafe,EER?,strong_4m,17.451274335020805,68.79324780579675
2025-10-20,WS-4aa144a4eafe,EER?,strong_4m,17.13872088266839,65.47111314811072
2025-10-21,WS-4aa144a4eafe,EER?,strong_4m,17.102947610707275,65.09087858117066
2025-10-22,WS-4aa144a4eafe,EER?,strong_4m,17.207566348805216,66.20287249153276
2025-10-23,WS-4aa144a4eafe,EER?,strong_4m,17.12165872642802,65.289759270384
2025-10-24,WS-4aa144a4eafe,EER?,strong_4m,17.06890645214211,64.72905466975337
2025-10-25,WS-4aa144a4eafe,EER?,strong_4m,16.883392914638303,62.757228897960495
2025-10-26,WS-4aa144a4eafe,EER?,strong_4m,16.767245037102846,61.522691616503295
2025-10-27,WS-4aa144a4eafe,EER?,strong_4m,17.679633666393997,71.22048207069136
2025-10-28,WS-4aa144a4eafe,EER?,strong_4m,17.722089489190758,71.67174555625563
2025-10-29,WS-4aa144a4eafe,EER?,strong_4m,17.56413355325235,69.99282988529212
2025-10-30,WS-4aa144a4eafe,EER?,strong_4m,17.38963350872897,68.13806667178189
2025-10-31,WS-4aa144a4eafe,EER?,strong_4m,17.20638057615163,66.19026889877459
2025-11-01,WS-4aa144a4eafe,EER?,strong_4m,17.319577724413914,67.3934428409051
2025-11-02,WS-4aa144a4eafe,EER?,strong_4m,17.055031876204577,64.58158162398837
2025-11-03,WS-4aa144a4eafe,EER?,strong_4m,16.867090275597157,62.58394793829517
2025-11-04,WS-4aa144a4eafe,EER?,strong_4m,16.97322282227789,63.71203213951841
2025-11-05,WS-4aa144a4eafe,EER?,strong_4m,18.016365298419494,74.79960691052754
2025-11-06,WS-4aa144a4eafe,EER?,strong_4m,17.752463164603505,71.99458774216187
2025-11-07,WS-4aa144a4eafe,EER?,strong_4m,17.47621189046768,69.0583094027956
2025-11-08,WS-4aa144a4eafe,EER?,strong_4m,17.235614084327235,66.50099223247952
2025-11-09,WS-4aa144a4eafe,EER?,strong_4m,17.00979681437265,64.10077757103882
2025-11-10,WS-4aa144a4eafe,EER?,strong_4m,16.794959445596877,61.81726842019021
2025-11-11,WS-4aa144a4eafe,EER?,strong_4m,16.595961487544372,59.70211656926918
2025-11-12,WS-4aa144a4eafe,EER?,strong_4m,16.44871293516097,58.13700981557564
2025-11-13,WS-4aa144a4eafe,EER?,strong_4m,16.212803492136324,55.629525317007634
2025-11-14,WS-4aa144a4eafe,EER?,strong_4m,15.964968883601934,52.99528808113866
2025-11-15,WS-4aa144a4eafe,EER?,strong_4m,16.169120047142094,55.16521341934599
2025-11-16,WS-4aa144a4eafe,EER?,strong_4m,16.04025233211886,53.795476821931054
2025-11-17,WS-4aa144a4eafe,EER?,strong_4m,15.911051424246047,52.422198713440345
2025-11-18,WS-4aa144a4eafe,EER?,strong_4m,15.7073340778837,50.256884423585404
2025-11-19,WS-4aa144a4eafe,EER?,strong_4m,15.50118234577543,48.06569501638383
2025-11-20,WS-4aa144a4eafe,EER?,strong_4m,15.293410351296693,45.8572838196453
2025-11-21,WS-4aa144a4eafe,EER?,strong_4m,15.192346394655093,44.783073727019705
2025-11-22,WS-4aa144a4eafe,EER?,strong_4m,15.103533804682076,43.83908356800029
2025-11-23,WS-4aa144a4eafe,EER?,strong_4m,16.62411302984147,60.00133967376092
2025-11-24,WS-4aa144a4eafe,EER?,strong_4m,16.519239009311608,58.886632363152515
2025-11-25,WS-4aa144a4eafe,EER?,strong_4m,16.288085747955353,56.42970138059881
2025-11-26,WS-4aa144a4eafe,EER?,strong_4m,16.273991099435417,56.279889180530105
2025-11-27,WS-4aa144a4eafe,EER?,strong_4m,16.00090060598577,53.37720681965606
2025-11-28,WS-4aa144a4eafe,EER?,strong_4m,15.774881003203095,50.97484155998801
2025-11-29,WS-4aa144a4eafe,EER?,strong_4m,15.5995357476754,49.11109458786193
2025-11-30,WS-4aa144a4eafe,EER?,strong_4m,15.679989025983502,49.9662335158762
2025-12-01,WS-4aa144a4eafe,EER?,strong_4m,15.596427186747828,49.078053653854354
2025-12-02,WS-4aa144a4eafe,EER?,strong_4m,15.774095874002946,50.96649641163996
2025-12-03,WS-4aa144a4eafe,EER?,strong_4m,15.565033341869164,48.74436807359772
2025-12-04,WS-4aa144a4eafe,EER?,strong_4m,15.341417803769097,46.36755564830503
2025-12-05,WS-4aa144a4eafe,EER?,strong_4m,15.07753771627302,43.56277081055675
2025-12-06,WS-4aa144a4eafe,EER?,strong_4m,14.837311485755084,41.00940312230271
2025-12-07,WS-4aa144a4eafe,EER?,strong_4m,14.671653128028872,39.2486183112712
2025-12-08,WS-4aa144a4eafe,EER?,strong_4m,14.51758681854071,37.61104552978323
2025-12-09,WS-4aa144a4eafe,EER?,strong_4m,14.323462917340773,35.54770009172237
2025-12-10,WS-4aa144a4eafe,EER?,strong_4m,14.155679921488712,33.76433247477461
2025-12-11,WS-4aa144a4eafe,EER?,strong_4m,14.048478476967027,32.62488694467713
2025-12-12,WS-4aa144a4eafe,EER?,strong_4m,13.953535409333309,31.615735859897693
2025-12-13,WS-4aa144a4eafe,EER?,strong_4m,13.882462554629264,30.860301574798928
2025-12-14,WS-4aa144a4eafe,EER?,strong_4m,14.267376946859631,34.951561591433894
2025-12-15,WS-4aa144a4eafe,EER?,strong_4m,14.120921416285817,33.39488387673546
2025-12-16,WS-4aa144a4eafe,EER?,strong_4m,13.975092356518754,31.84486492828477
2025-12-17,WS-4aa144a4eafe,EER?,strong_4m,13.81213542841709,30.112793647414136
2025-12-18,WS-4aa144a4eafe,EER?,strong_4m,13.655383435084808,28.446674697867603
2025-12-19,WS-4aa144a4eafe,EER?,strong_4m,13.51358279472667,26.939473871032128
2025-12-20,WS-4aa144a4eafe,EER?,strong_4m,13.820398431947755,30.200621218023873
2025-12-21,WS-4aa144a4eafe,EER?,strong_4m,14.865566515529228,41.309726196516564
2025-12-22,WS-4aa144a4eafe,EER?,strong_4m,17.193919581162454,66.05782082305758
2025-12-23,WS-4aa144a4eafe,EER?,strong_4m,16.88213065955703,62.743812372496535
2025-12-24,WS-4aa144a4eafe,EER?,strong_4m,16.594292455460483,59.68437640582208
2025-12-25,WS-4aa144a4eafe,EER?,strong_4m,16.31785490936467,56.74611817940169
2025-12-26,WS-4aa144a4eafe,EER?,strong_4m,16.070055483258635,54.11225489801533
2025-12-27,WS-4aa144a4eafe,EER?,strong_4m,15.828980452811404,51.54986530441574
2025-12-28,WS-4aa144a4eafe,EER?,strong_4m,15.587943687248789,48.987882428765964
2025-12-29,WS-4aa144a4eafe,EER?,strong_4m,15.365373416693036,46.622180165621195
2025-12-30,WS-4aa144a4eafe,EER?,strong_4m,15.132971736264878,44.15197972072475
2025-12-31,WS-4aa144a4eafe,EER?,strong_4m,14.940168499898089,42.10267164613042
2026-01-01,WS-4aa144a4eafe,EER?,strong_4m,16.01655841597329,53.543633883031916
2026-01-02,WS-4aa144a4eafe,EER?,strong_4m,15.789834097058058,51.13377818654364
2026-01-03,WS-4aa144a4eafe,EER?,strong_4m,15.550742870877396,48.59247447396192
2026-01-04,WS-4aa144a4eafe,EER?,strong_4m,15.381447635380397,46.793033242413635
2026-01-05,WS-4aa144a4eafe,EER?,strong_4m,15.229430095021801,45.17723685430639
2026-01-06,WS-4aa144a4eafe,EER?,strong_4m,15.008219522930172,42.82598684359293
2026-01-07,WS-4aa144a4eafe,EER?,strong_4m,14.779617871224225,40.39617695277048
2026-01-08,WS-4aa144a4eafe,EER?,strong_4m,14.537239194942103,37.81993089085533
2026-01-09,WS-4aa144a4eafe,EER?,strong_4m,14.30697924909909,35.372494970360464
2026-01-10,WS-4aa144a4eafe,EER?,strong_4m,14.057269476260096,32.718326589023995
2026-01-11,WS-4aa144a4eafe,EER?,strong_4m,13.918727510129301,31.24576225238658
2026-01-12,WS-4aa144a4eafe,EER?,strong_4m,13.768490937889009,29.64889579727327
2026-01-13,WS-4aa144a4eafe,EER?,strong_4m,13.620697480319073,28.077997239356446
2026-01-14,WS-4aa144a4eafe,EER?,strong_4m,13.489410432368807,26.682545521200144
2026-01-15,WS-4aa144a4eafe,EER?,strong_4m,13.701551734348023,28.937398143455418
2026-01-16,WS-4aa144a4eafe,EER?,strong_4m,13.659882629001196,28.494496687766556
2026-01-17,WS-4aa144a4eafe,EER?,strong_4m,13.58481458154034,27.696597447564486
2026-01-18,WS-4aa144a4eafe,EER?,strong_4m,13.51426380626964,26.946712351465358
2026-01-19,WS-4aa144a4eafe,EER?,strong_4m,13.420381984798382,25.948841265771197
2026-01-20,WS-4aa144a4eafe,EER?,strong_4m,13.311650038575824,24.793128013446214
2026-01-21,WS-4aa144a4eafe,EER?,strong_4m,13.192439166465626,23.526034123330653
2026-01-22,WS-4aa144a4eafe,EER?,strong_4m,13.088667010870797,22.42303854926274
2026-01-23,WS-4aa144a4eafe,EER?,strong_4m,12.986790760884926,21.340194580252472
2026-01-24,WS-4aa144a4eafe,EER?,strong_4m,12.88041441676081,20.209519052873606
2026-01-25,WS-4aa144a4eafe,EER?,strong_4m,12.779674250345426,19.138750530719356
2026-01-26,WS-4aa144a4eafe,EER?,strong_4m,12.683426826805299,18.115735430265037
2026-01-27,WS-4aa144a4eafe,EER?,strong_4m,12.58672649725186,17.087906385980773
2026-01-28,WS-4aa144a4eafe,EER?,strong_4m,12.48570694396037,16.014168257133548
2026-01-29,WS-4aa144a4eafe,EER?,strong_4m,12.407293486909943,15.180710615454798
2026-01-30,WS-4aa144a4eafe,EER?,strong_4m,12.318889007351782,14.241058267274314
2026-01-31,WS-4aa144a4eafe,EER?,strong_4m,12.232184848244959,13.319478647000205
2026-02-01,WS-4aa144a4eafe,EER?,strong_4m,12.17637299826195,12.726253777005597
2026-02-02,WS-4aa144a4eafe,EER?,strong_4m,12.286739604737502,13.899341854145804
2026-02-03,WS-4aa144a4eafe,EER?,strong_4m,12.235860422916904,13.358546377376156
2026-02-04,WS-4aa144a4eafe,EER?,strong_4m,12.174577885990761,12.70717350562907
2026-02-05,WS-4aa144a4eafe,EER?,strong_4m,12.106748022256156,11.986209013178765
2026-02-06,WS-4aa144a4eafe,EER?,strong_4m,12.045941136441115,11.33989184319806
2026-02-07,WS-4aa144a4eafe,EER?,strong_4m,11.997923677253752,10.82951365303656
2026-02-08,WS-4aa144a4eafe,EER?,strong_4m,14.541314200480656,37.863244177040436
2026-02-09,WS-4aa144a4eafe,EER?,strong_4m,15.124033752937098,44.05697778118591
2026-02-10,WS-4aa144a4eafe,EER?,strong_4m,15.868296298643429,51.96775393451007
2026-02-11,WS-4aa144a4eafe,EER?,strong_4m,15.684183952930308,50.01082144824921
2026-02-12,WS-4aa144a4eafe,EER?,strong_4m,15.654727849973568,49.697732151757876
2026-02-13,WS-4aa144a4eafe,EER?,strong_4m,15.442094829549031,47.43765304783447
2026-02-14,WS-4aa144a4eafe,EER?,strong_4m,15.287292789969811,45.79226018176321
2026-02-15,WS-4aa144a4eafe,EER?,strong_4m,15.119668109879708,44.01057530508181
2026-02-16,WS-4aa144a4eafe,EER?,strong_4m,14.952737305079104,42.23626563776058
2026-02-17,WS-4aa144a4eafe,EER?,strong_4m,14.775757095561058,40.35514071868117
2026-02-18,WS-4aa144a4eafe,EER?,strong_4m,14.604877924114483,38.53886381158991
2026-02-19,WS-4aa144a4eafe,EER?,strong_4m,14.436586089506541,36.75008774097329
2026-02-20,WS-4aa144a4eafe,EER?,strong_4m,14.289083097950122,35.18227655004324
2026-02-21,WS-4aa144a4eafe,EER?,strong_4m,14.130789852688622,33.49977561395409
2026-02-22,WS-4aa144a4eafe,EER?,strong_4m,14.059917816394773,32.74647583031549
2026-02-23,WS-4aa144a4eafe,EER?,strong_4m,14.573246570306228,38.202653745871466
2026-02-24,WS-4aa144a4eafe,EER?,strong_4m,14.408109219011202,36.4474067188858
2026-02-25,WS-4aa144a4eafe,EER?,strong_4m,14.273082966636021,35.01221094889232
2026-02-26,WS-4aa144a4eafe,EER?,strong_4m,14.692853781770594,39.473960332070746
2026-02-27,WS-4aa144a4eafe,EER?,strong_4m,14.59446206556257,38.428153517320474
2026-02-28,WS-4aa144a4eafe,EER?,strong_4m,14.59378627374969,38.420970517465385
2026-03-01,WS-4aa144a4eafe,EER?,strong_4m,14.509111060237764,37.520956585967525
2026-03-02,WS-4aa144a4eafe,EER?,strong_4m,14.897324589168825,41.647283168949215
2026-03-03,WS-4aa144a4eafe,EER?,strong_4m,18.17484966390406,76.48413926592124
2026-03-04,WS-4aa144a4eafe,EER?,strong_4m,19.813270827736275,93.89893885071687
2026-03-05,WS-4aa144a4eafe,EER?,strong_4m,19.52086301185326,90.79093242169834
2026-03-06,WS-4aa144a4eafe,EER?,strong_4m,19.20855680828526,87.47142577451606
2026-03-07,WS-4aa144a4eafe,EER?,strong_4m,18.95786361171808,84.80680456974734
2026-03-08,WS-4aa144a4eafe,EER?,strong_4m,19.58708853415701,91.49484434848321
2026-03-09,WS-4aa144a4eafe,EER?,strong_4m,19.308709376106066,88.53594870366484
2026-03-10,WS-4aa144a4eafe,EER?,strong_4m,18.972895152628247,84.96657501105987
2026-03-11,WS-4aa144a4eafe,EER?,strong_4m,18.68437434470836,81.89988363958373
2026-03-12,WS-4aa144a4eafe,EER?,strong_4m,18.373730518894682,78.59804642689413
2026-03-13,WS-4aa144a4eafe,EER?,strong_4m,18.449587597258983,79.40433228669869
2026-03-14,WS-4aa144a4eafe,EER?,strong_4m,18.197479573835935,76.72467286911508
2026-03-15,WS-4aa144a4eafe,EER?,strong_4m,17.94033250848068,73.99145341014166
2026-03-16,WS-4aa144a4eafe,EER?,strong_4m,17.725006840767303,71.70275412361634
2026-03-17,WS-4aa144a4eafe,EER?,strong_4m,17.573312684627915,70.09039499052673
2026-03-18,WS-4aa144a4eafe,EER?,strong_4m,17.463649653428078,68.92478522402479
2026-03-19,WS-4aa144a4eafe,EER?,strong_4m,17.956469703818648,74.16297586656188
2026-03-20,WS-4aa144a4eafe,EER?,strong_4m,19.322760888299435,88.68530240716468
2026-03-21,WS-4aa144a4eafe,EER?,strong_4m,19.111650341158622,86.44140569131986
2026-03-22,WS-4aa144a4eafe,EER?,strong_4m,18.99023618619387,85.15089307945698
2026-03-23,WS-4aa144a4eafe,EER?,strong_4m,18.746193638726236,82.55696170934985
2026-03-24,WS-4aa144a4eafe,EER?,strong_4m,18.487720225262873,79.80964447930738
2026-03-25,WS-4aa144a4eafe,EER?,strong_4m,18.230802430443404,77.07886193980225
2026-03-26,WS-4aa144a4eafe,EER?,strong_4m,18.074539331635513,75.41793945643207
2026-03-27,WS-4aa144a4eafe,EER?,strong_4m,19.583896244212603,91.46091345768075
2026-03-28,WS-4aa144a4eafe,EER?,strong_4m,19.468612059190598,90.23555637503729
2026-03-29,WS-4aa144a4eafe,EER?,strong_4m,19.229912477461006,87.69841545635404
2026-03-30,WS-4aa144a4eafe,EER?,strong_4m,18.994053249282786,85.1914646920334
2026-03-31,WS-4aa144a4eafe,EER?,strong_4m,18.761175833419944,82.71620764909412
2026-04-01,WS-4aa144a4eafe,EER?,strong_4m,18.516808679573643,80.11882603362075
2026-04-02,WS-4aa144a4eafe,EER?,strong_4m,18.273041814958617,77.52782490009326
2026-04-03,WS-4aa144a4eafe,EER?,strong_4m,18.071380106102477,75.38436000768256
2026-04-04,WS-4aa144a4eafe,EER?,strong_4m,17.928535007816038,73.86605762411816
2026-04-05,WS-4aa144a4eafe,EER?,strong_4m,17.785306375390963,72.34367865127035
2026-04-06,WS-4aa144a4eafe,EER?,strong_4m,17.920991001034245,73.78587227918281
2026-04-07,WS-4aa144a4eafe,EER?,strong_4m,18.035394813940243,75.0018718753028
2026-04-08,WS-4aa144a4eafe,EER?,strong_4m,17.872657299633026,73.27213274647023
2026-04-09,WS-4aa144a4eafe,EER?,strong_4m,17.649721955376137,70.90255011026917
2026-04-10,WS-4aa144a4eafe,EER?,strong_4m,18.22985314463223,77.06877196872816
2026-04-11,WS-4aa144a4eafe,EER?,strong_4m,18.04875261007064,75.14385206186321
2026-04-12,WS-4aa144a4eafe,EER?,strong_4m,17.919631065337256,73.77141750520036
2026-04-13,WS-4aa144a4eafe,EER?,strong_4m,17.744022211444257,71.90486874266534
2026-04-14,WS-4aa144a4eafe,EER?,strong_4m,17.591900462153742,70.28796471648288
2026-04-15,WS-4aa144a4eafe,EER?,strong_4m,17.446302039431927,68.74039721214712
2026-04-16,WS-4aa144a4eafe,EER?,strong_4m,17.30390933462492,67.22690332468355
2026-04-17,WS-4aa144a4eafe,EER?,strong_4m,17.158716787354226,65.68364987572843
2026-04-18,WS-4aa144a4eafe,EER?,strong_4m,17.0197566321714,64.20664060228813
2026-04-19,WS-4aa144a4eafe,EER?,strong_4m,16.886755404469508,62.79296884554476
2026-04-20,WS-4aa144a4eafe,EER?,strong_4m,16.751138997250187,61.351500312136395
2026-04-21,WS-4aa144a4eafe,EER?,strong_4m,16.61051136331575,59.85676738563774
2026-04-22,WS-4aa144a4eafe,EER?,strong_4m,16.49180502861136,58.59503623008589
2026-04-23,WS-4aa144a4eafe,EER?,strong_4m,16.383360324921473,57.44237608232835
2026-04-24,WS-4aa144a4eafe,EER?,strong_4m,16.27451331930319,56.28543986220903
2026-04-25,WS-4aa144a4eafe,EER?,strong_4m,16.155435992257807,55.01976542430193
2026-04-26,WS-4aa144a4eafe,EER?,strong_4m,16.036607673576984,53.7567376994985
2026-04-27,WS-4aa144a4eafe,EER?,strong_4m,15.911015575558558,52.4218176772808
2026-04-28,WS-4aa144a4eafe,EER?,strong_4m,15.797798145263364,51.21842815716206
2026-04-29,WS-4aa144a4eafe,EER?,strong_4m,15.675875457980773,49.92251034876425
2026-04-30,WS-4aa144a4eafe,EER?,strong_4m,15.574666826054429,48.846762500679766
2026-05-01,WS-4aa144a4eafe,EER?,strong_4m,15.484263730051623,47.88586683265044
2026-05-02,WS-4aa144a4eafe,EER?,strong_4m,15.416776499621236,47.16854419398947
2026-05-03,WS-4aa144a4eafe,EER?,strong_4m,15.859950672259224,51.879048164529316
2026-05-04,WS-4aa144a4eafe,EER?,strong_4m,17.1383475723672,65.46714522812672
2026-05-05,WS-4aa144a4eafe,EER?,strong_4m,17.386109780930838,68.10061292377713
2026-05-06,WS-4aa144a4eafe,EER?,strong_4m,17.27209686464673,66.88876817286965
2026-05-07,WS-4aa144a4eafe,EER?,strong_4m,17.169353591820737,65.79670860696069
2026-05-08,WS-4aa144a4eafe,EER?,strong_4m,17.091708807342368,64.97142119591874
2026-05-09,WS-4aa144a4eafe,EER?,strong_4m,17.000792554632916,64.0050711786665
2026-05-10,WS-4aa144a4eafe,EER?,strong_4m,16.893636326388403,62.86610625295955
2026-05-11,WS-4aa144a4eafe,EER?,strong_4m,16.796711926920725,61.835895566680136
2026-05-12,WS-4aa144a4eafe,EER?,strong_4m,16.715023477267927,60.96762798658571
2026-05-13,WS-4aa144a4eafe,EER?,strong_4m,16.62371727024285,59.99713313990632
2026-05-14,WS-4aa144a4eafe,EER?,strong_4m,16.89776453804551,62.90998506766186
2026-05-15,WS-4aa144a4eafe,EER?,strong_4m,16.83411494815436,62.233452759560954
2026-05-16,WS-4aa144a4eafe,EER?,strong_4m,16.732671805398688,61.1552122928608
2026-05-17,WS-4aa144a4eafe,EER?,strong_4m,16.66656646097587,60.452577738315206
2026-05-18,WS-4aa144a4eafe,EER?,strong_4m,17.328318313160473,67.48634667090593
2026-05-19,WS-4aa144a4eafe,EER?,strong_4m,18.646761682651636,81.5000981717029
2026-05-20,WS-4aa144a4eafe,EER?,strong_4m,19.22945182646945,87.69351919105083
2026-05-21,WS-4aa144a4eafe,EER?,strong_4m,19.101991362257486,86.33874028057552
2026-05-22,WS-4aa144a4eafe,EER?,strong_4m,18.98412226188716,85.08590809950897
2026-05-23,WS-4aa144a4eafe,EER?,strong_4m,18.86796352006059,83.85125534136213
2026-05-24,WS-4aa144a4eafe,EER?,strong_4m,18.770173461190247,82.81184355017824
2026-05-25,WS-4aa144a4eafe,EER?,strong_4m,18.638842107008127,81.41592090051473
2026-05-26,WS-4aa144a4eafe,EER?,strong_4m,20.21195981923362,98.13660925980194
2026-05-27,WS-4aa144a4eafe,EER?,strong_4m,21.200744374905454,108.64641299627854
2026-05-28,WS-4aa144a4eafe,EER?,strong_4m,21.076400001619305,107.32475505625875
2026-05-29,WS-4aa144a4eafe,EER?,strong_4m,20.929880927043534,105.76740193154774
2026-05-30,WS-4aa144a4eafe,EER?,strong_4m,20.81816898460199,104.58001426115327
2026-05-31,WS-4aa144a4eafe,EER?,strong_4m,20.833202472199282,104.73980539382823
2026-06-01,WS-4aa144a4eafe,EER?,strong_4m,20.69483571546118,103.26910336007514
2026-06-02,WS-4aa144a4eafe,EER?,strong_4m,21.731746212646797,114.29043834675348
2026-06-03,WS-4aa144a4eafe,EER?,strong_4m,23.19714611334776,129.86619270444072
2026-06-04,WS-4aa144a4eafe,EER?,strong_4m,23.508583305770244,133.1764626210007
2026-06-05,WS-4aa144a4eafe,EER?,strong_4m,23.406859088280598,132.09523460734465
2026-06-06,WS-4aa144a4eafe,EER?,strong_4m,23.26150871855565,130.5503036614971
2026-06-07,WS-4aa144a4eafe,EER?,strong_4m,23.136454660113394,129.22110246884196
2026-06-08,WS-4aa144a4eafe,EER?,strong_4m,22.954338831464817,127.28539098809189
2026-06-09,WS-4aa144a4eafe,EER?,strong_4m,22.836755168633374,126.03559272629072
2026-06-10,WS-4aa144a4eafe,EER?,strong_4m,22.8414318789535,126.085301540324
2026-06-11,WS-4aa144a4eafe,EER?,strong_4m,23.113104753956215,128.9729160165259
2026-06-12,WS-4aa144a4eafe,EER?,strong_4m,23.05403806600051,128.34509543193315
2026-06-13,WS-4aa144a4eafe,EER?,strong_4m,22.937084657690725,127.10199615353407
2026-06-14,WS-4aa144a4eafe,EER?,strong_4m,22.99667124685773,127.73534277477633
2026-06-15,WS-4aa144a4eafe,EER?,strong_4m,22.83356459949305,126.00168012593697
2026-06-16,WS-4aa144a4eafe,EER?,strong_4m,22.668949853404737,124.25198787640278
2026-06-17,WS-4aa144a4eafe,EER?,strong_4m,22.906172276800042,126.77342806018684
2026-06-18,WS-4aa144a4eafe,EER?,strong_4m,22.7610817760946,125.23125926548387
2026-06-19,WS-4aa144a4eafe,EER?,strong_4m,23.527026834275024,133.3724991222602
2026-06-20,WS-4aa144a4eafe,EER?,strong_4m,24.576111856573636,144.52323729266394
2026-06-21,WS-4aa144a4eafe,EER?,strong_4m,24.696031699392677,145.79786684154567
2026-06-22,WS-4aa144a4eafe,EER?,strong_4m,24.776274705074428,146.65077077911494
2026-06-23,WS-4aa144a4eafe,EER?,strong_4m,24.614908219625086,144.93560433361432
2026-06-24,WS-4aa144a4eafe,EER?,strong_4m,24.429838371350506,142.96849454033506
2026-06-25,WS-4aa144a4eafe,EER?,strong_4m,24.247280346948713,141.028082955247
2026-06-26,WS-4aa144a4eafe,EER?,strong_4m,24.067200055187513,139.11400722220554
2026-06-27,WS-4aa144a4eafe,EER?,strong_4m,23.914126612048012,137.48698762988414
2026-06-28,WS-4aa144a4eafe,EER?,strong_4m,23.808984311846366,136.36942877120015
2026-06-29,WS-4aa144a4eafe,EER?,strong_4m,23.7043727340898,135.25751096819843
2026-06-30,WS-4aa144a4eafe,EER?,strong_4m,24.14757645854271,139.96832904535842
2026-07-01,WS-4aa144a4eafe,EER?,strong_4m,25.39949963510128,153.2750365614735
2026-07-02,WS-4aa144a4eafe,EER?,strong_4m,27.66973360937167,177.4053826197728
2026-07-03,WS-4aa144a4eafe,EER?,strong_4m,27.86759592898683,179.50846375516377
2026-07-04,WS-4aa144a4eafe,EER?,strong_4m,27.690050379887822,177.62132983442032
2026-07-05,WS-4aa144a4eafe,EER?,strong_4m,27.46467942669517,175.22585907957216
2026-07-06,WS-4aa144a4eafe,EER?,strong_4m,27.22546219577184,172.68321606096293
2026-07-07,WS-4aa144a4eafe,EER?,strong_4m,26.974471209393563,170.01542964446892
2026-07-08,WS-4aa144a4eafe,EER?,strong_4m,26.77238609557213,167.86746437524636
2026-07-09,WS-4aa144a4eafe,EER?,strong_4m,26.580264017380834,165.8253963396442
2026-07-10,WS-4aa144a4eafe,EER?,strong_4m,26.368519766672016,163.57476398043943
2026-07-11,WS-4aa144a4eafe,EER?,strong_4m,26.16686979089932,161.43142379912325
2026-07-12,WS-4aa144a4eafe,EER?,strong_4m,26.79818087320806,168.14163739789788
2026-07-13,WS-4aa144a4eafe,EER?,strong_4m,26.908969342013265,169.3192094551559
2026-07-14,WS-4aa144a4eafe,EER?,strong_4m,26.891767253236445,169.13636823270278
2026-07-15,WS-4aa144a4eafe,EER?,strong_4m,26.821925938416513,168.39402400084305
2026-07-16,WS-4aa144a4eafe,EER?,strong_4m,26.577169191650462,165.79250139722404
2026-07-17,WS-4aa144a4eafe,EER?,strong_4m,26.33813383430259,163.2517915151833
2026-07-18,WS-4aa144a4eafe,EER?,strong_4m,26.072026555058798,160.42333382775533
2026-07-19,WS-4aa144a4eafe,EER?,strong_4m,25.803448471184673,157.56861392619086
2026-07-20,WS-4aa144a4eafe,EER?,strong_4m,25.548890505088586,154.8629140364825
2026-07-21,WS-4aa144a4eafe,EER?,strong_4m,25.303293313417846,152.2524583331817
2026-07-22,WS-4aa144a4eafe,EER?,strong_4m,25.08199795207785,149.90030709645876
2026-07-23,WS-4aa144a4eafe,EER?,strong_4m,24.971484905131828,148.72566250167793
2026-07-24,WS-4aa144a4eafe,EER?,strong_4m,24.76188061643345,146.49777582615545
2026-07-25,WS-4aa144a4eafe,EER?,strong_4m,24.548949550545437,144.23452879317438
2026-07-26,WS-4aa144a4eafe,EER?,strong_4m,24.339308060901047,142.00624670831903
2026-07-27,WS-4aa144a4eafe,EER?,strong_4m,24.1203686195512,139.6791365754173
2026-07-28,WS-4aa144a4eafe,EER?,strong_4m,23.917348285176878,137.52123083493143
2026-07-29,WS-4aa144a4eafe,EER?,strong_4m,23.921247419094392,137.5626747793987
2026-07-30,WS-4aa144a4eafe,EER?,strong_4m,23.733447728386693,135.56654945585146
2026-07-31,WS-4aa144a4eafe,EER?,strong_4m,23.5244367497038,133.34496908010058
2026-08-01,WS-4aa144a4eafe,EER?,strong_4m,23.301192814826848,130.97210643023712
2026-08-02,WS-4aa144a4eafe,EER?,strong_4m,23.10504665236074,128.88726635121589
2026-08-03,WS-4aa144a4eafe,EER?,strong_4m,22.94046910126267,127.13796944771052
2026-08-04,WS-4aa144a4eafe,EER?,strong_4m,22.78373729352498,125.47206505110805
2026-08-05,WS-4aa144a4eafe,EER?,strong_4m,22.733073813001603,124.93356226619585
2026-08-06,WS-4aa144a4eafe,EER?,strong_4m,22.621731667134526,123.7501051683389
2026-08-07,WS-4aa144a4eafe,EER?,strong_4m,22.452788808812468,121.95440935830696
2026-08-08,WS-4aa144a4eafe,EER?,strong_4m,22.27014771031113,120.01311477754835
2026-08-09,WS-4aa144a4eafe,EER?,strong_4m,22.224492862917536,119.52784881847455
2026-08-10,WS-4aa144a4eafe,EER?,strong_4m,24.22249151816579,140.76460217586873
2026-08-11,WS-4aa144a4eafe,EER?,strong_4m,24.647768222076493,145.2848737215345
2026-08-12,WS-4aa144a4eafe,EER?,strong_4m,24.52922871861205,144.02491581737385
2026-08-13,WS-4aa144a4eafe,EER?,strong_4m,24.431473017034936,142.9858692103008
2026-08-14,WS-4aa144a4eafe,EER?,strong_4m,24.217334829164983,140.70979166227642
2026-08-15,WS-4aa144a4eafe,EER?,strong_4m,23.98797195679046,138.27189074719493
2026-08-16,WS-4aa144a4eafe,EER?,strong_4m,23.780893507140256,136.07085124734274
2026-08-17,WS-4aa144a4eafe,EER?,strong_4m,23.660789581984922,134.79426508494524
2026-08-18,WS-4aa144a4eafe,EER?,strong_4m,23.435119259782255,132.39561233304627
2026-08-19,WS-4aa144a4eafe,EER?,strong_4m,23.20177646858634,129.91540880971712
2026-08-20,WS-4aa144a4eafe,EER?,strong_4m,23.003980507737793,127.81303300250848
2026-08-21,WS-4aa144a4eafe,EER?,strong_4m,23.08101730878343,128.63185814983848
2026-08-22,WS-4aa144a4eafe,EER?,strong_4m,22.83727403871642,126.04110780306476
2026-08-23,WS-4aa144a4eafe,EER?,strong_4m,22.626258107209438,123.79821675800663
2026-08-24,WS-4aa144a4eafe,EER?,strong_4m,22.386209431901193,121.2467363063559
2026-08-25,WS-4aa144a4eafe,EER?,strong_4m,22.972891664627262,127.48258928996098
2026-08-26,WS-4aa144a4eafe,EER?,strong_4m,24.71194750546934,145.96703614866527
2026-08-27,WS-4aa144a4eafe,EER?,strong_4m,25.541314316789347,154.78238663378508
2026-08-28,WS-4aa144a4eafe,EER?,strong_4m,25.270910833091968,151.90826453406436
2026-08-29,WS-4aa144a4eafe,EER?,strong_4m,24.976355882102194,148.77743617843066
2026-08-30,WS-4aa144a4eafe,EER?,strong_4m,24.668169976712125,145.50172423347897
2026-08-31,WS-4aa144a4eafe,EER?,strong_4m,24.34750161774336,142.09333612918675
2026-09-01,WS-4aa144a4eafe,EER?,strong_4m,24.062362596998373,139.06258981700879
2026-09-02,WS-4aa144a4eafe,EER?,strong_4m,23.780324465965272,136.0648029013884
2026-09-03,WS-4aa144a4eafe,EER?,strong_4m,23.961495366537385,137.99047072948255
2026-09-04,WS-4aa144a4eafe,EER?,strong_4m,23.742656193199213,135.6644263465641
2026-09-05,WS-4aa144a4eafe,EER?,strong_4m,23.628369139407575,134.44966778456964
2026-09-06,WS-4aa144a4eafe,EER?,strong_4m,23.885714706484443,137.18499712089044
2026-09-07,WS-4aa144a4eafe,EER?,strong_4m,23.619708638760486,134.35761521200624
2026-09-08,WS-4aa144a4eafe,EER?,strong_4m,23.30311265115776,130.99251239524568
2026-09-09,WS-4aa144a4eafe,EER?,strong_4m,23.095371544293478,128.78442950335773
2026-09-10,WS-4aa144a4eafe,EER?,strong_4m,22.79449192648915,125.58637618295468
2026-09-11,WS-4aa144a4eafe,EER?,strong_4m,22.528801722667502,122.76235159554317
2026-09-12,WS-4aa144a4eafe,EER?,strong_4m,22.252829313967556,119.82903732047501
2026-09-13,WS-4aa144a4eafe,EER?,strong_4m,21.983451058894055,116.96581238895956
2026-09-14,WS-4aa144a4eafe,EER?,strong_4m,21.741161530880248,114.39051388513279
2026-09-15,WS-4aa144a4eafe,EER?,strong_4m,21.528568998567117,112.13086512986531
2026-09-16,WS-4aa144a4eafe,EER?,strong_4m,21.236899499174537,109.03070627630233
2026-09-17,WS-4aa144a4eafe,EER?,strong_4m,20.97254505548779,106.22087950051349
2026-09-18,WS-4aa144a4eafe,EER?,strong_4m,20.691559593367494,103.2342814162817
2026-09-19,WS-4aa144a4eafe,EER?,strong_4m,20.400246941293904,100.13791549745353
2026-09-20,WS-4aa144a4eafe,EER?,strong_4m,20.104411117847732,96.99347273203671
2026-09-21,WS-4aa144a4eafe,EER?,strong_4m,19.79217630852393,93.67472493519261
2026-09-22,WS-4aa144a4eafe,EER?,strong_4m,19.58986337641497,91.52433818246712
2026-09-23,WS-4aa144a4eafe,EER?,strong_4m,19.35987462328895,89.07978477284279
2026-09-24,WS-4aa144a4eafe,EER?,strong_4m,19.10850397400162,86.4079629144143
2026-09-25,WS-4aa144a4eafe,EER?,strong_4m,18.883743670426053,84.01898276218576
2026-09-26,WS-4aa144a4eafe,EER?,strong_4m,18.613275459283575,81.14417267362002
2026-09-27,WS-4aa144a4eafe,EER?,strong_4m,18.463097964261674,79.54793415101948
2026-09-28,WS-4aa144a4eafe,EER?,strong_4m,18.25969299949136,77.38594016911667
2025-03-01,WS-555215c413db,EOR?,strong_4m,14.936757764640383,51.333876496980714
2025-03-02,WS-555215c413db,EOR?,strong_4m,14.715422433790692,48.981300423826106
2025-03-03,WS-555215c413db,EOR?,strong_4m,14.53477403345785,47.061186257483115
2025-03-04,WS-555215c413db,EOR?,strong_4m,14.36120722445894,45.21634241634361
2025-03-05,WS-555215c413db,EOR?,strong_4m,14.18840247684033,43.3795985353988
2025-03-06,WS-555215c413db,EOR?,strong_4m,14.040006755118458,41.80229850407904
2025-03-07,WS-555215c413db,EOR?,strong_4m,13.917487777826494,40.50004272151631
2025-03-08,WS-555215c413db,EOR?,strong_4m,13.784354346477748,39.08496577051326
2025-03-09,WS-555215c413db,EOR?,strong_4m,13.65064998083552,37.663820351575005
2025-03-10,WS-555215c413db,EOR?,strong_4m,13.533550214338842,36.41916543012844
2025-03-11,WS-555215c413db,EOR?,strong_4m,14.024574436111344,41.63826818722881
2025-03-12,WS-555215c413db,EOR?,strong_4m,13.898827008905133,40.30169716907998
2025-03-13,WS-555215c413db,EOR?,strong_4m,13.74659979120323,38.68367211779887
2025-03-14,WS-555215c413db,EOR?,strong_4m,13.595315151128396,37.075665736216884
2025-03-15,WS-555215c413db,EOR?,strong_4m,13.443713596050209,35.464290860995646
2025-03-16,WS-555215c413db,EOR?,strong_4m,13.32397467821717,34.19158436611285
2025-03-17,WS-555215c413db,EOR?,strong_4m,13.214548654748906,33.028493757832535
2025-03-18,WS-555215c413db,EOR?,strong_4m,13.104504893479238,31.85883720653043
2025-03-19,WS-555215c413db,EOR?,strong_4m,12.992682093146882,30.67027122619132
2025-03-20,WS-555215c413db,EOR?,strong_4m,12.945589037998012,30.16971853842262
2025-03-21,WS-555215c413db,EOR?,strong_4m,13.169656424961985,32.55133367109071
2025-03-22,WS-555215c413db,EOR?,strong_4m,13.542476400495325,36.51404197738209
2025-03-23,WS-555215c413db,EOR?,strong_4m,13.437083219712626,35.39381650578121
2025-03-24,WS-555215c413db,EOR?,strong_4m,13.312852832694148,34.07337012726388
2025-03-25,WS-555215c413db,EOR?,strong_4m,13.206916057072007,32.947366779135756
2025-03-26,WS-555215c413db,EOR?,strong_4m,13.097142593259491,31.780583222975842
2025-03-27,WS-555215c413db,EOR?,strong_4m,13.00682747928197,30.820622717022832
2025-03-28,WS-555215c413db,EOR?,strong_4m,12.946268446874843,30.176939984096872
2025-03-29,WS-555215c413db,EOR?,strong_4m,14.05967652886033,42.01136878170643
2025-03-30,WS-555215c413db,EOR?,strong_4m,14.932739057466431,51.2911616068357
2025-03-31,WS-555215c413db,EOR?,strong_4m,15.000703409834657,52.01355558069937
2025-04-01,WS-555215c413db,EOR?,strong_4m,14.841305921604611,50.31931763192106
2025-04-02,WS-555215c413db,EOR?,strong_4m,14.702789349854655,48.84702321248358
2025-04-03,WS-555215c413db,EOR?,strong_4m,14.572677015766367,47.46405754304745
2025-04-04,WS-555215c413db,EOR?,strong_4m,14.448362535471865,46.14271733601966
2025-04-05,WS-555215c413db,EOR?,strong_4m,14.309011687275746,44.66155538152526
2025-04-06,WS-555215c413db,EOR?,strong_4m,14.199994378011716,43.50280900176895
2025-04-07,WS-555215c413db,EOR?,strong_4m,14.084117265214175,42.27114968218717
2025-04-08,WS-555215c413db,EOR?,strong_4m,13.975286472968307,41.1143857942114
2025-04-09,WS-555215c413db,EOR?,strong_4m,13.852952439021976,39.81409577684375
2025-04-10,WS-555215c413db,EOR?,strong_4m,13.753994256510435,38.76226798448097
2025-04-11,WS-555215c413db,EOR?,strong_4m,13.640385349801342,37.55471745653306
2025-04-12,WS-555215c413db,EOR?,strong_4m,13.535333829447847,36.43812349802049
2025-04-13,WS-555215c413db,EOR?,strong_4m,13.438274705138443,35.40648081966876
2025-04-14,WS-555215c413db,EOR?,strong_4m,13.348694641783162,34.45433317621627
2025-04-15,WS-555215c413db,EOR?,strong_4m,13.27073131121226,33.625659934667226
2025-04-16,WS-555215c413db,EOR?,strong_4m,13.188652240365101,32.75324043688301
2025-04-17,WS-555215c413db,EOR?,strong_4m,13.104326142490656,31.85693725997794
2025-04-18,WS-555215c413db,EOR?,strong_4m,13.022307655967413,30.985161713750458
2025-04-19,WS-555215c413db,EOR?,strong_4m,12.93977342056187,30.107904266031678
2025-04-20,WS-555215c413db,EOR?,strong_4m,12.866281069419543,29.326753122228357
2025-04-21,WS-555215c413db,EOR?,strong_4m,13.191268181633873,32.78104531021283
2025-04-22,WS-555215c413db,EOR?,strong_4m,13.290077971688092,33.83129583724166
2025-04-23,WS-555215c413db,EOR?,strong_4m,13.234797016042958,33.24371384998007
2025-04-24,WS-555215c413db,EOR?,strong_4m,13.20379340237752,32.91417604229869
2025-04-25,WS-555215c413db,EOR?,strong_4m,13.14250937457431,32.262787324000115
2025-04-26,WS-555215c413db,EOR?,strong_4m,13.101750473024286,31.829560436152857
2025-04-27,WS-555215c413db,EOR?,strong_4m,13.16384778138142,32.489593523900204
2025-04-28,WS-555215c413db,EOR?,strong_4m,13.111606175313774,31.934316822317566
2025-04-29,WS-555215c413db,EOR?,strong_4m,13.06352563710415,31.42326816441859
2025-04-30,WS-555215c413db,EOR?,strong_4m,13.98826786097651,41.25236513400862
2025-05-01,WS-555215c413db,EOR?,strong_4m,13.913296090251023,40.45548922046281
2025-05-02,WS-555215c413db,EOR?,strong_4m,13.825357177194704,39.520785384607414
2025-05-03,WS-555215c413db,EOR?,strong_4m,13.744730918395724,38.66380784473485
2025-05-04,WS-555215c413db,EOR?,strong_4m,13.667575096777462,37.84371762621039
2025-05-05,WS-555215c413db,EOR?,strong_4m,13.59879817908909,37.11268688512702
2025-05-06,WS-555215c413db,EOR?,strong_4m,13.523084676222037,36.30792709112595
2025-05-07,WS-555215c413db,EOR?,strong_4m,13.447395775457203,35.503428793185215
2025-05-08,WS-555215c413db,EOR?,strong_4m,13.37812802285838,34.76718096153721
2025-05-09,WS-555215c413db,EOR?,strong_4m,13.310296701454728,34.04620097550388
2025-05-10,WS-555215c413db,EOR?,strong_4m,13.251454259318987,33.420763902610446
2025-05-11,WS-555215c413db,EOR?,strong_4m,13.198158536303538,32.85428297845664
2025-05-12,WS-555215c413db,EOR?,strong_4m,13.212261160329106,33.0041799502771
2025-05-13,WS-555215c413db,EOR?,strong_4m,13.164039863122213,32.49163516318906
2025-05-14,WS-555215c413db,EOR?,strong_4m,13.49631372411396,36.02337829747765
2025-05-15,WS-555215c413db,EOR?,strong_4m,13.430845078868952,35.32751122666712
2025-05-16,WS-555215c413db,EOR?,strong_4m,13.383757429486234,34.82701599685628
2025-05-17,WS-555215c413db,EOR?,strong_4m,13.334424073195333,34.30265111948744
2025-05-18,WS-555215c413db,EOR?,strong_4m,13.27055479625433,33.62378375491326
2025-05-19,WS-555215c413db,EOR?,strong_4m,13.244681547306037,33.348776659675195
2025-05-20,WS-555215c413db,EOR?,strong_4m,13.19298600484706,32.79930407519961
2025-05-21,WS-555215c413db,EOR?,strong_4m,13.149446772826728,32.33652501908895
2025-05-22,WS-555215c413db,EOR?,strong_4m,13.38492718972304,34.839449393430925
2025-05-23,WS-555215c413db,EOR?,strong_4m,17.76481786584938,81.39336362000897
2025-05-24,WS-555215c413db,EOR?,strong_4m,18.101995170166877,84.97722551635844
2025-05-25,WS-555215c413db,EOR?,strong_4m,17.958913009395978,83.45640339260328
2025-05-26,WS-555215c413db,EOR?,strong_4m,17.866715427411894,82.47643411004096
2025-05-27,WS-555215c413db,EOR?,strong_4m,18.25027963438175,86.55334299020797
2025-05-28,WS-555215c413db,EOR?,strong_4m,18.13613167914457,85.34006290853458
2025-05-29,WS-555215c413db,EOR?,strong_4m,18.01524530375901,84.05516007259475
2025-05-30,WS-555215c413db,EOR?,strong_4m,17.88494735787714,82.67022153302172
2025-05-31,WS-555215c413db,EOR?,strong_4m,17.764160677865412,81.38637836049023
2025-06-01,WS-555215c413db,EOR?,strong_4m,17.663374875609207,80.31512477439802
2025-06-02,WS-555215c413db,EOR?,strong_4m,17.56749297811524,79.29599485498105
2025-06-03,WS-555215c413db,EOR?,strong_4m,17.451636267208347,78.06455238735691
2025-06-04,WS-555215c413db,EOR?,strong_4m,17.32714758785064,76.74136061624993
2025-06-05,WS-555215c413db,EOR?,strong_4m,17.215023367103065,75.54959083444774
2025-06-06,WS-555215c413db,EOR?,strong_4m,17.138290840915126,74.73399982848652
2025-06-07,WS-555215c413db,EOR?,strong_4m,17.24945297686635,75.91554359863687
2025-06-08,WS-555215c413db,EOR?,strong_4m,18.223999726336608,86.27401351020873
2025-06-09,WS-555215c413db,EOR?,strong_4m,19.0247720512638,94.78543283235679
2025-06-10,WS-555215c413db,EOR?,strong_4m,18.911615193445524,93.5826871378729
2025-06-11,WS-555215c413db,EOR?,strong_4m,18.783221184297403,92.21798556628605
2025-06-12,WS-555215c413db,EOR?,strong_4m,18.677236868088123,91.09147690864694
2025-06-13,WS-555215c413db,EOR?,strong_4m,18.57660451911392,90.0218543794592
2025-06-14,WS-555215c413db,EOR?,strong_4m,18.466381035945687,88.85028756178994
2025-06-15,WS-555215c413db,EOR?,strong_4m,18.482519119856185,89.02181946285899
2025-06-16,WS-555215c413db,EOR?,strong_4m,18.73126811964334,91.66577577509275
2025-06-17,WS-555215c413db,EOR?,strong_4m,18.667192269957994,90.98471274616695
2025-06-18,WS-555215c413db,EOR?,strong_4m,18.550467717032685,89.74404597458751
2025-06-19,WS-555215c413db,EOR?,strong_4m,18.439332096386153,88.5627840359512
2025-06-20,WS-555215c413db,EOR?,strong_4m,18.3296593056942,87.39707053568222
2025-06-21,WS-555215c413db,EOR?,strong_4m,18.205859126548585,86.08119684216868
2025-06-22,WS-555215c413db,EOR?,strong_4m,18.09159117765229,84.86664134635207
2025-06-23,WS-555215c413db,EOR?,strong_4m,18.01848685024821,84.08961451184412
2025-06-24,WS-555215c413db,EOR?,strong_4m,19.472421024243012,99.54349951317198
2025-06-25,WS-555215c413db,EOR?,strong_4m,20.064774032996407,105.83962724797429
2025-06-26,WS-555215c413db,EOR?,strong_4m,20.73634520546837,112.97776586196203
2025-06-27,WS-555215c413db,EOR?,strong_4m,20.58134144625547,111.33022891531462
2025-06-28,WS-555215c413db,EOR?,strong_4m,20.423639337940397,109.65401118141826
2025-06-29,WS-555215c413db,EOR?,strong_4m,20.282963887688375,108.15877001466612
2025-06-30,WS-555215c413db,EOR?,strong_4m,20.153841656617324,106.78632816291139
2025-07-01,WS-555215c413db,EOR?,strong_4m,20.045383296594828,105.63352286181924
2025-07-02,WS-555215c413db,EOR?,strong_4m,20.477881239872637,110.2305490534259
2025-07-03,WS-555215c413db,EOR?,strong_4m,20.31134654347856,108.46044962744298
2025-07-04,WS-555215c413db,EOR?,strong_4m,20.546209630721172,110.95681239697039
2025-07-05,WS-555215c413db,EOR?,strong_4m,20.438457598323943,109.81151466127517
2025-07-06,WS-555215c413db,EOR?,strong_4m,20.32692668423934,108.62605114361071
2025-07-07,WS-555215c413db,EOR?,strong_4m,21.197793802989075,117.88250892919147
2025-07-08,WS-555215c413db,EOR?,strong_4m,21.071607038478387,116.54126818919305
2025-07-09,WS-555215c413db,EOR?,strong_4m,20.93137582728754,115.05074884512537
2025-07-10,WS-555215c413db,EOR?,strong_4m,21.313136390146543,119.10848676888253
2025-07-11,WS-555215c413db,EOR?,strong_4m,21.830622911292142,124.60885764574857
2025-07-12,WS-555215c413db,EOR?,strong_4m,21.67815425512547,122.98826634192577
2025-07-13,WS-555215c413db,EOR?,strong_4m,21.53132825716454,121.42765092461354
2025-07-14,WS-555215c413db,EOR?,strong_4m,21.463388971933362,120.70552338967141
2025-07-15,WS-555215c413db,EOR?,strong_4m,21.330040817253156,119.28816414162156
2025-07-16,WS-555215c413db,EOR?,strong_4m,21.15969734587904,117.47758119747795
2025-07-17,WS-555215c413db,EOR?,strong_4m,20.993287356291308,115.7088072817407
2025-07-18,WS-555215c413db,EOR?,strong_4m,20.813921569631322,113.80232603259302
2025-07-19,WS-555215c413db,EOR?,strong_4m,20.63751111123925,111.92725700554611
2025-07-20,WS-555215c413db,EOR?,strong_4m,20.464007287518974,110.08308263574183
2025-07-21,WS-555215c413db,EOR?,strong_4m,20.303168598200635,108.3735261420936
2025-07-22,WS-555215c413db,EOR?,strong_4m,20.16896293632458,106.94705243905024
2025-07-23,WS-555215c413db,EOR?,strong_4m,21.679778312114735,123.00552846451468
2025-07-24,WS-555215c413db,EOR?,strong_4m,21.520287629615513,121.31029995265287
2025-07-25,WS-555215c413db,EOR?,strong_4m,21.37006155801771,119.7135451090034
2025-07-26,WS-555215c413db,EOR?,strong_4m,22.531991079569615,132.06370891069366
2025-07-27,WS-555215c413db,EOR?,strong_4m,23.443124967392734,141.7481627017094
2025-07-28,WS-555215c413db,EOR?,strong_4m,23.98914286415633,147.5517939363114
2025-07-29,WS-555215c413db,EOR?,strong_4m,24.38245831203313,151.73234888126694
2025-07-30,WS-555215c413db,EOR?,strong_4m,24.2502649809022,150.32726426754826
2025-07-31,WS-555215c413db,EOR?,strong_4m,23.97706122267295,147.4233780138777
2025-08-01,WS-555215c413db,EOR?,strong_4m,23.768232248240473,145.2037321636411
2025-08-02,WS-555215c413db,EOR?,strong_4m,23.708080152700816,144.56437476790381
2025-08-03,WS-555215c413db,EOR?,strong_4m,23.4453498310583,141.771810806174
2025-08-04,WS-555215c413db,EOR?,strong_4m,23.194009335178045,139.10030944869638
2025-08-05,WS-555215c413db,EOR?,strong_4m,23.09890234721838,138.08941605266799
2025-08-06,WS-555215c413db,EOR?,strong_4m,22.863321119918872,135.5854201632562
2025-08-07,WS-555215c413db,EOR?,strong_4m,22.66522182302787,133.479820193358
2025-08-08,WS-555215c413db,EOR?,strong_4m,22.45236302824067,131.2173413308353
2025-08-09,WS-555215c413db,EOR?,strong_4m,22.254801250773316,129.11745466179184
2025-08-10,WS-555215c413db,EOR?,strong_4m,22.037397066369913,126.80666279468377
2025-08-11,WS-555215c413db,EOR?,strong_4m,21.82388372555935,124.53722675407555
2025-08-12,WS-555215c413db,EOR?,strong_4m,21.603097603480997,122.19048822800234
2025-08-13,WS-555215c413db,EOR?,strong_4m,21.435454130706525,120.40860360363753
2025-08-14,WS-555215c413db,EOR?,strong_4m,21.263442442663482,118.58028916310288
2025-08-15,WS-555215c413db,EOR?,strong_4m,21.079625433848243,116.62649581652119
2025-08-16,WS-555215c413db,EOR?,strong_4m,20.910972662775585,114.83388334758737
2025-08-17,WS-555215c413db,EOR?,strong_4m,20.79773551407923,113.63028424032953
2025-08-18,WS-555215c413db,EOR?,strong_4m,20.58616340941157,111.38148162360628
2025-08-19,WS-555215c413db,EOR?,strong_4m,20.383739454415938,109.229914807193
2025-08-20,WS-555215c413db,EOR?,strong_4m,20.2895037670314,108.2282824761636
2025-08-21,WS-555215c413db,EOR?,strong_4m,20.250757066010724,107.81644329357587
2025-08-22,WS-555215c413db,EOR?,strong_4m,20.091295532418513,106.12152460582088
2025-08-23,WS-555215c413db,EOR?,strong_4m,19.893704243604105,104.02132426029071
2025-08-24,WS-555215c413db,EOR?,strong_4m,19.662957793000054,101.5687172744449
2025-08-25,WS-555215c413db,EOR?,strong_4m,19.446699781571688,99.27010809460336
2025-08-26,WS-555215c413db,EOR?,strong_4m,19.25302222642594,97.21150687448278
2025-08-27,WS-555215c413db,EOR?,strong_4m,20.384215675727944,109.23497656963218
2025-08-28,WS-555215c413db,EOR?,strong_4m,21.05165543526561,116.32920234250122
2025-08-29,WS-555215c413db,EOR?,strong_4m,21.75366026345391,123.79082067381204
2025-08-30,WS-555215c413db,EOR?,strong_4m,22.8511405026124,135.4559522255282
2025-08-31,WS-555215c413db,EOR?,strong_4m,22.580830466699375,132.58282338350705
2025-09-01,WS-555215c413db,EOR?,strong_4m,22.316253922358406,129.7706358970131
2025-09-02,WS-555215c413db,EOR?,strong_4m,22.08040964216341,127.26384401499806
2025-09-03,WS-555215c413db,EOR?,strong_4m,21.792436774137805,124.20297670369283
2025-09-04,WS-555215c413db,EOR?,strong_4m,21.46160107245474,120.68651978315968
2025-09-05,WS-555215c413db,EOR?,strong_4m,21.20463783146004,117.95525419567456
2025-09-06,WS-555215c413db,EOR?,strong_4m,20.921966971679907,114.95074199807884
2025-09-07,WS-555215c413db,EOR?,strong_4m,20.677216230075594,112.34928322340097
2025-09-08,WS-555215c413db,EOR?,strong_4m,20.723719543449526,112.84356753827261
2025-09-09,WS-555215c413db,EOR?,strong_4m,20.387007964053602,109.26465583809357
2025-09-10,WS-555215c413db,EOR?,strong_4m,20.684697173677225,112.42879826898478
2025-09-11,WS-555215c413db,EOR?,strong_4m,23.937028110355758,146.99786554910406
2025-09-12,WS-555215c413db,EOR?,strong_4m,23.680520154735937,144.2714391957136
2025-09-13,WS-555215c413db,EOR?,strong_4m,23.379766365705848,141.07472331096736
2025-09-14,WS-555215c413db,EOR?,strong_4m,23.091960163451212,138.01562749228145
2025-09-15,WS-555215c413db,EOR?,strong_4m,22.74277412833672,134.30412464211986
2025-09-16,WS-555215c413db,EOR?,strong_4m,22.474762629699626,131.4554269823137
2025-09-17,WS-555215c413db,EOR?,strong_4m,22.5969441428744,132.75409585444237
2025-09-18,WS-555215c413db,EOR?,strong_4m,22.272895994524045,129.30978392542278
2025-09-19,WS-555215c413db,EOR?,strong_4m,22.003331847309326,126.44458314395176
2025-09-20,WS-555215c413db,EOR?,strong_4m,22.772432704216616,134.6193660259108
2025-09-21,WS-555215c413db,EOR?,strong_4m,22.491799998014816,131.63651738886549
2025-09-22,WS-555215c413db,EOR?,strong_4m,22.14702700358354,127.9719208047814
2025-09-23,WS-555215c413db,EOR?,strong_4m,22.356513161318496,130.19855186477716
2025-09-24,WS-555215c413db,EOR?,strong_4m,22.085096254286448,127.31365807542164
2025-09-25,WS-555215c413db,EOR?,strong_4m,21.757316045414896,123.82967802720917
2025-09-26,WS-555215c413db,EOR?,strong_4m,21.355773438534534,119.56167650358263
2025-09-27,WS-555215c413db,EOR?,strong_4m,20.94144378266531,115.15776127209043
2025-09-28,WS-555215c413db,EOR?,strong_4m,20.619313868730003,111.73383828129502
2025-09-29,WS-555215c413db,EOR?,strong_4m,20.306761668065274,108.41171692781349
2025-09-30,WS-555215c413db,EOR?,strong_4m,20.02281741750278,105.39366984324394
2025-10-01,WS-555215c413db,EOR?,strong_4m,19.713917545861,102.11036914183683
2025-10-02,WS-555215c413db,EOR?,strong_4m,19.478313924595597,99.60613522667404
2025-10-03,WS-555215c413db,EOR?,strong_4m,19.340981905863437,98.14643143647025
2025-10-04,WS-555215c413db,EOR?,strong_4m,19.075180706688364,95.32122707802228
2025-10-05,WS-555215c413db,EOR?,strong_4m,18.791556617360236,92.30658299132311
2025-10-06,WS-555215c413db,EOR?,strong_4m,18.53334812749214,89.56208163757586
2025-10-07,WS-555215c413db,EOR?,strong_4m,18.35539363765171,87.67060108044177
2025-10-08,WS-555215c413db,EOR?,strong_4m,18.094533647127903,84.89791689218448
2025-10-09,WS-555215c413db,EOR?,strong_4m,19.116349796075326,95.75881385765442
2025-10-10,WS-555215c413db,EOR?,strong_4m,18.999761025774063,94.51959032132915
2025-10-11,WS-555215c413db,EOR?,strong_4m,18.63853247260856,90.6800873921988
2025-10-12,WS-555215c413db,EOR?,strong_4m,18.392951705000634,88.06980626047253
2025-10-13,WS-555215c413db,EOR?,strong_4m,18.095599550498868,84.90924639279874
2025-10-14,WS-555215c413db,EOR?,strong_4m,17.831610055190282,82.1032986580067
2025-10-15,WS-555215c413db,EOR?,strong_4m,17.554402760383073,79.15685876265069
2025-10-16,WS-555215c413db,EOR?,strong_4m,17.258937881299186,76.01635876962283
2025-10-17,WS-555215c413db,EOR?,strong_4m,16.995510396084008,73.21638464732882
2025-10-18,WS-555215c413db,EOR?,strong_4m,16.741785955761298,70.51954431376674
2025-10-19,WS-555215c413db,EOR?,strong_4m,16.516253168172977,68.12235341904933
2025-10-20,WS-555215c413db,EOR?,strong_4m,16.20432589975195,64.80687447840913
2025-10-21,WS-555215c413db,EOR?,strong_4m,16.169097846732825,64.43243505060309
2025-10-22,WS-555215c413db,EOR?,strong_4m,16.2742022901753,65.54959152930788
2025-10-23,WS-555215c413db,EOR?,strong_4m,16.188819750204605,64.64205941579893
2025-10-24,WS-555215c413db,EOR?,strong_4m,16.136586822012273,64.08687495146444
2025-10-25,WS-555215c413db,EOR?,strong_4m,15.951608133491796,62.120734096381874
2025-10-26,WS-555215c413db,EOR?,strong_4m,15.835943418366437,60.89133235438454
2025-10-27,WS-555215c413db,EOR?,strong_4m,16.74865975856826,70.59260605204936
2025-10-28,WS-555215c413db,EOR?,strong_4m,16.791456605609532,71.0474942886867
2025-10-29,WS-555215c413db,EOR?,strong_4m,16.63385471726591,69.3723417941535
2025-10-30,WS-555215c413db,EOR?,strong_4m,16.459693736932856,67.52118249827527
2025-10-31,WS-555215c413db,EOR?,strong_4m,16.276832159440072,65.577544443486
2025-11-01,WS-555215c413db,EOR?,strong_4m,16.39035292464675,66.78415811427313
2025-11-02,WS-555215c413db,EOR?,strong_4m,16.12619789114692,63.97645087192114
2025-11-03,WS-555215c413db,EOR?,strong_4m,15.938688361477578,61.983409673775775
2025-11-04,WS-555215c413db,EOR?,strong_4m,16.045213345461736,63.115665096135324
2025-11-05,WS-555215c413db,EOR?,strong_4m,17.088469521029502,74.20444837980483
2025-11-06,WS-555215c413db,EOR?,strong_4m,16.824710779155414,71.4009533262305
2025-11-07,WS-555215c413db,EOR?,strong_4m,16.54865520320066,68.46675506534324
2025-11-08,WS-555215c413db,EOR?,strong_4m,16.30834058558157,65.91244790945632
2025-11-09,WS-555215c413db,EOR?,strong_4m,16.08286304295292,63.51584421412449
2025-11-10,WS-555215c413db,EOR?,strong_4m,15.868413006964303,61.236452028443246
2025-11-11,WS-555215c413db,EOR?,strong_4m,15.66984150960321,59.125833033686185
2025-11-12,WS-555215c413db,EOR?,strong_4m,15.523048848001807,57.56557194896733
2025-11-13,WS-555215c413db,EOR?,strong_4m,15.287664531816652,55.063669030318046
2025-11-14,WS-555215c413db,EOR?,strong_4m,15.040437189748111,52.435886437510746
2025-11-15,WS-555215c413db,EOR?,strong_4m,15.245077326264958,54.61100907576487
2025-11-16,WS-555215c413db,EOR?,strong_4m,15.11672121218649,53.246710291359896
2025-11-17,WS-555215c413db,EOR?,strong_4m,14.988004998296049,51.87858400143039
2025-11-18,WS-555215c413db,EOR?,strong_4m,14.784873960351483,49.71950159127519
2025-11-19,WS-555215c413db,EOR?,strong_4m,14.579357498134208,47.535064475900775
2025-11-20,WS-555215c413db,EOR?,strong_4m,14.372284182386416,45.33407954436326
2025-11-21,WS-555215c413db,EOR?,strong_4m,14.27172136009348,44.265196015163276
2025-11-22,WS-555215c413db,EOR?,strong_4m,14.183387650662727,43.326295883575575
2025-11-23,WS-555215c413db,EOR?,strong_4m,15.704146003305496,59.49045593765666
2025-11-24,WS-555215c413db,EOR?,strong_4m,15.599437856053367,58.377511696246806
2025-11-25,WS-555215c413db,EOR?,strong_4m,15.368534090951279,55.92323261258176
2025-11-26,WS-555215c413db,EOR?,strong_4m,15.35469489918848,55.77613566566428
2025-11-27,WS-555215c413db,EOR?,strong_4m,15.081909837320282,52.87669974099062
2025-11-28,WS-555215c413db,EOR?,strong_4m,14.856277517718038,50.478450919219405
2025-11-29,WS-555215c413db,EOR?,strong_4m,14.68134923124871,48.619135916567856
2025-11-30,WS-555215c413db,EOR?,strong_4m,14.762174901571914,49.47823300409149
2025-12-01,WS-555215c413db,EOR?,strong_4m,14.678999483530902,48.59416041790867
2025-12-02,WS-555215c413db,EOR?,strong_4m,14.856991786737805,50.48604289380046
2025-12-03,WS-555215c413db,EOR?,strong_4m,14.648306812134116,48.26792761959274
2025-12-04,WS-555215c413db,EOR?,strong_4m,14.425141610561962,45.89590182703678
2025-12-05,WS-555215c413db,EOR?,strong_4m,14.161837316501483,43.097237105107624
2025-12-06,WS-555215c413db,EOR?,strong_4m,13.92226728433289,40.550844157533184
2025-12-07,WS-555215c413db,EOR?,strong_4m,13.757297756437271,38.79738092761438
2025-12-08,WS-555215c413db,EOR?,strong_4m,13.603840353543855,37.16628022213927
2025-12-09,WS-555215c413db,EOR?,strong_4m,13.41048282291888,35.11108054675854
2025-12-10,WS-555215c413db,EOR?,strong_4m,13.24345624458503,33.33575290132288
2025-12-11,WS-555215c413db,EOR?,strong_4m,13.136843172260864,32.20256118686649
2025-12-12,WS-555215c413db,EOR?,strong_4m,13.042460207591784,31.19936344368892
2025-12-13,WS-555215c413db,EOR?,strong_4m,12.97186222871576,30.44897661986279
2025-12-14,WS-555215c413db,EOR?,strong_4m,13.35727115980717,34.54549309640073
2025-12-15,WS-555215c413db,EOR?,strong_4m,13.211399364949187,32.99501991612004
2025-12-16,WS-555215c413db,EOR?,strong_4m,13.066196091290944,31.45165245625394
2025-12-17,WS-555215c413db,EOR?,strong_4m,12.903969788870622,29.727347005130227
2025-12-18,WS-555215c413db,EOR?,strong_4m,12.747989218161607,28.069427516550128
2025-12-19,WS-555215c413db,EOR?,strong_4m,12.606958999512976,26.57041551195586
2025-12-20,WS-555215c413db,EOR?,strong_4m,12.914316861145991,29.837326169183218
2025-12-21,WS-555215c413db,EOR?,strong_4m,13.959682506701899,40.94853103643852
2025-12-22,WS-555215c413db,EOR?,strong_4m,16.287221748652822,65.68797552061224
2025-12-23,WS-555215c413db,EOR?,strong_4m,15.97473812188792,62.366583039992335
2025-12-24,WS-555215c413db,EOR?,strong_4m,15.686388243161478,59.30170847710774
2025-12-25,WS-555215c413db,EOR?,strong_4m,15.409567363529991,56.359375793615364
2025-12-26,WS-555215c413db,EOR?,strong_4m,15.161543089340356,53.72312259906175
2025-12-27,WS-555215c413db,EOR?,strong_4m,14.920334593036277,51.159314395156244
2025-12-28,WS-555215c413db,EOR?,strong_4m,14.679243798225865,48.596757241938015
2025-12-29,WS-555215c413db,EOR?,strong_4m,14.456722805045402,46.23157874864781
2025-12-30,WS-555215c413db,EOR?,strong_4m,14.224439846814462,43.7626402035098
2025-12-31,WS-555215c413db,EOR?,strong_4m,14.03185082466409,41.71560901457189
2026-01-01,WS-555215c413db,EOR?,strong_4m,15.108155557108134,53.15566583356423
2026-01-02,WS-555215c413db,EOR?,strong_4m,14.881332849927503,50.744764366939876
2026-01-03,WS-555215c413db,EOR?,strong_4m,14.6421956425913,48.202971920065586
2026-01-04,WS-555215c413db,EOR?,strong_4m,14.473005810912863,46.404651027057994
2026-01-05,WS-555215c413db,EOR?,strong_4m,14.321076460987953,44.789792016202625
2026-01-06,WS-555215c413db,EOR?,strong_4m,14.100027474880406,42.44025950498843
2026-01-07,WS-555215c413db,EOR?,strong_4m,13.871670769876843,40.01305315581034
2026-01-08,WS-555215c413db,EOR?,strong_4m,13.62964080377423,37.44051353886998
2026-01-09,WS-555215c413db,EOR?,strong_4m,13.399836286093159,34.99791837015529
2026-01-10,WS-555215c413db,EOR?,strong_4m,13.15072964344757,32.350160667387655
2026-01-11,WS-555215c413db,EOR?,strong_4m,13.012686954954482,30.88290315917127
2026-01-12,WS-555215c413db,EOR?,strong_4m,12.863023095651116,29.29212407721715
2026-01-13,WS-555215c413db,EOR?,strong_4m,12.71584963937535,27.72781552101579
2026-01-14,WS-555215c413db,EOR?,strong_4m,12.585180939816876,26.33893623585434
2026-01-15,WS-555215c413db,EOR?,strong_4m,12.79777381499433,28.598588635431085
2026-01-16,WS-555215c413db,EOR?,strong_4m,12.756573088495802,28.160665584533977
2026-01-17,WS-555215c413db,EOR?,strong_4m,12.681892941156303,27.366889339701718
2026-01-18,WS-555215c413db,EOR?,strong_4m,12.61177597888846,26.62161524757935
2026-01-19,WS-555215c413db,EOR?,strong_4m,12.51833554516966,25.628435677972714
2026-01-20,WS-555215c413db,EOR?,strong_4m,12.410116915859149,24.47817847769597
2026-01-21,WS-555215c413db,EOR?,strong_4m,12.291491453712446,23.217306917598016
2026-01-22,WS-555215c413db,EOR?,strong_4m,12.188283461962513,22.12030784828036
2026-01-23,WS-555215c413db,EOR?,strong_4m,12.086996191963166,21.043724155108308
2026-01-24,WS-555215c413db,EOR?,strong_4m,11.981265463503295,19.91991088491324
2026-01-25,WS-555215c413db,EOR?,strong_4m,11.881181149852647,18.856113430215352
2026-01-26,WS-555215c413db,EOR?,strong_4m,11.7856018438575,17.8401997597241
2026-01-27,WS-555215c413db,EOR?,strong_4m,11.68960975329884,16.819898596807832
2026-01-28,WS-555215c413db,EOR?,strong_4m,11.58936831235124,15.754431034053423
2026-01-29,WS-555215c413db,EOR?,strong_4m,11.511616198532113,14.928002818070636
2026-01-30,WS-555215c413db,EOR?,strong_4m,11.423979688887702,13.996513231962759
2026-01-31,WS-555215c413db,EOR?,strong_4m,11.33807109233096,13.0833896562471
2026-02-01,WS-555215c413db,EOR?,strong_4m,11.282825172793576,12.496180068224561
2026-02-02,WS-555215c413db,EOR?,strong_4m,11.393738480523385,13.675079040014937
2026-02-03,WS-555215c413db,EOR?,strong_4m,11.343303291346533,13.139002766755763
2026-02-04,WS-555215c413db,EOR?,strong_4m,11.282555537185445,12.493314107884112
2026-02-05,WS-555215c413db,EOR?,strong_4m,11.215333232762081,11.77880737115296
2026-02-06,WS-555215c413db,EOR?,strong_4m,11.155103277290419,11.138622401198825
2026-02-07,WS-555215c413db,EOR?,strong_4m,11.107573207867276,10.633424683098404
2026-02-08,WS-555215c413db,EOR?,strong_4m,13.651005354571886,37.66759762358124
2026-02-09,WS-555215c413db,EOR?,strong_4m,14.233353948793237,43.857388307883454
2026-02-10,WS-555215c413db,EOR?,strong_4m,14.976767606444227,51.75914161916918
2026-02-11,WS-555215c413db,EOR?,strong_4m,14.791830054028186,49.79343800026879
2026-02-12,WS-555215c413db,EOR?,strong_4m,14.761703544816807,49.47322294709009
2026-02-13,WS-555215c413db,EOR?,strong_4m,14.548390759645816,47.20591861494964
2026-02-14,WS-555215c413db,EOR?,strong_4m,14.3932134930836,45.55653745645884
2026-02-15,WS-555215c413db,EOR?,strong_4m,14.225195993650093,43.7706772979333
2026-02-16,WS-555215c413db,EOR?,strong_4m,14.057916190831918,41.99265812620282
2026-02-17,WS-555215c413db,EOR?,strong_4m,13.880597997844106,40.107940776484135
2026-02-18,WS-555215c413db,EOR?,strong_4m,13.709451769804232,38.28882532143417
2026-02-19,WS-555215c413db,EOR?,strong_4m,13.540951711451946,36.497836037965726
2026-02-20,WS-555215c413db,EOR?,strong_4m,13.39333853400338,34.92885367977341
2026-02-21,WS-555215c413db,EOR?,strong_4m,13.234957631766562,33.24542103656827
2026-02-22,WS-555215c413db,EOR?,strong_4m,13.164172169122189,32.4930414453614
2026-02-23,WS-555215c413db,EOR?,strong_4m,13.677314165934941,37.94723431731764
2026-02-24,WS-555215c413db,EOR?,strong_4m,13.51200757131511,36.190188400859846
2026-02-25,WS-555215c413db,EOR?,strong_4m,13.37692225076259,34.75436479445109
2026-02-26,WS-555215c413db,EOR?,strong_4m,13.796555218914335,39.21464900027932
2026-02-27,WS-555215c413db,EOR?,strong_4m,13.698095099361876,38.16811512550285
2026-02-28,WS-555215c413db,EOR?,strong_4m,13.697362533174672,38.16032867009423
2026-03-01,WS-555215c413db,EOR?,strong_4m,13.612712962933912,37.26058730125479
2026-03-02,WS-555215c413db,EOR?,strong_4m,14.000980387009442,41.387486736418936
2026-03-03,WS-555215c413db,EOR?,strong_4m,17.278315150858106,76.22232001653435
2026-03-04,WS-555215c413db,EOR?,strong_4m,18.91537853001804,93.62268769061671
2026-03-05,WS-555215c413db,EOR?,strong_4m,18.621598153215693,90.50009229396541
2026-03-06,WS-555215c413db,EOR?,strong_4m,18.30797866248224,87.16662670064126
2026-03-07,WS-555215c413db,EOR?,strong_4m,18.056383178975672,84.49241507641
2026-03-08,WS-555215c413db,EOR?,strong_4m,18.684518916331218,91.16887789291135
2026-03-09,WS-555215c413db,EOR?,strong_4m,18.40512847707668,88.19923332719698
2026-03-10,WS-555215c413db,EOR?,strong_4m,18.06805463516964,84.6164711341365
2026-03-11,WS-555215c413db,EOR?,strong_4m,17.778593166473435,81.53978146719248
2026-03-12,WS-555215c413db,EOR?,strong_4m,17.466969965561415,78.2275344640092
2026-03-13,WS-555215c413db,EOR?,strong_4m,17.54196896325766,79.02469977337674
2026-03-14,WS-555215c413db,EOR?,strong_4m,17.289235327474074,76.33839071398123
2026-03-15,WS-555215c413db,EOR?,strong_4m,17.03149222670166,73.59883598690675
2026-03-16,WS-555215c413db,EOR?,strong_4m,16.815780305642704,71.30603120861248
2026-03-17,WS-555215c413db,EOR?,strong_4m,16.66395697926992,69.6922991234538
2026-03-18,WS-555215c413db,EOR?,strong_4m,16.553994680501994,68.52350843812854
2026-03-19,WS-555215c413db,EOR?,strong_4m,17.0465474425107,73.75885806902332
2026-03-20,WS-555215c413db,EOR?,strong_4m,18.412276722853083,88.27521212332515
2026-03-21,WS-555215c413db,EOR?,strong_4m,18.20073184273456,86.02669887668415
2026-03-22,WS-555215c413db,EOR?,strong_4m,18.07876029264012,84.73026170483188
2026-03-23,WS-555215c413db,EOR?,strong_4m,17.83419706967088,82.13079606813365
2026-03-24,WS-555215c413db,EOR?,strong_4m,17.575187817427377,79.37778340081785
2026-03-25,WS-555215c413db,EOR?,strong_4m,17.317789408718394,76.64189241011087
2026-03-26,WS-555215c413db,EOR?,strong_4m,17.16143246914432,74.97997249203212
2026-03-27,WS-555215c413db,EOR?,strong_4m,18.67063407073622,91.02129569082531
2026-03-28,WS-555215c413db,EOR?,strong_4m,18.554685556289236,89.78887744219494
2026-03-29,WS-555215c413db,EOR?,strong_4m,18.31551764695007,87.24675866333703
2026-03-30,WS-555215c413db,EOR?,strong_4m,18.07923505636129,84.73530797451937
2026-03-31,WS-555215c413db,EOR?,strong_4m,17.84597981922427,82.25603506440622
2026-04-01,WS-555215c413db,EOR?,strong_4m,17.601230630066336,79.6545927907009
2026-04-02,WS-555215c413db,EOR?,strong_4m,17.357126148550442,77.06000312279969
2026-04-03,WS-555215c413db,EOR?,strong_4m,17.15529607468844,74.91474867658015
2026-04-04,WS-555215c413db,EOR?,strong_4m,17.012472979565477,73.39668016492283
2026-04-05,WS-555215c413db,EOR?,strong_4m,16.869274892618602,71.87462586035494
2026-04-06,WS-555215c413db,EOR?,strong_4m,17.005076018778105,73.31805777375
2026-04-07,WS-555215c413db,EOR?,strong_4m,17.11936085646723,74.53279278076245
2026-04-08,WS-555215c413db,EOR?,strong_4m,16.956565633586006,72.80244026675585
2026-04-09,WS-555215c413db,EOR?,strong_4m,16.733459829993436,70.43104581608743
2026-04-10,WS-555215c413db,EOR?,strong_4m,17.313621940959052,76.59759634179392
2026-04-11,WS-555215c413db,EOR?,strong_4m,17.1323977999728,74.67136262065436
2026-04-12,WS-555215c413db,EOR?,strong_4m,17.00334242203609,73.29963135172282
2026-04-13,WS-555215c413db,EOR?,strong_4m,16.827685390418097,71.4325705075303
2026-04-14,WS-555215c413db,EOR?,strong_4m,16.67559263918807,69.81597470210508
2026-04-15,WS-555215c413db,EOR?,strong_4m,16.53005157407121,68.26901685248869
2026-04-16,WS-555215c413db,EOR?,strong_4m,16.387735356764388,66.75633595164656
2026-04-17,WS-555215c413db,EOR?,strong_4m,16.24262576258251,65.2139642121375
2026-04-18,WS-555215c413db,EOR?,strong_4m,16.103773539217613,63.738102147375635
2026-04-19,WS-555215c413db,EOR?,strong_4m,15.970902640907621,62.325815663411944
2026-04-20,WS-555215c413db,EOR?,strong_4m,15.835423758056368,60.88580887827731
2026-04-21,WS-555215c413db,EOR?,strong_4m,15.694939327572431,59.39259806309252
2026-04-22,WS-555215c413db,EOR?,strong_4m,15.576418029308087,58.13283366223748
2026-04-23,WS-555215c413db,EOR?,strong_4m,15.468178522116489,56.982354550694616
2026-04-24,WS-555215c413db,EOR?,strong_4m,15.359543087998446,55.827667126767565
2026-04-25,WS-555215c413db,EOR?,strong_4m,15.240675974191184,54.564227048067146
2026-04-26,WS-555215c413db,EOR?,strong_4m,15.122068613093237,53.30354788424885
2026-04-27,WS-555215c413db,EOR?,strong_4m,14.996704871612515,51.97105506660206
2026-04-28,WS-555215c413db,EOR?,strong_4m,14.883734340764612,50.770289843878366
2026-04-29,WS-555215c413db,EOR?,strong_4m,14.762067174860764,49.47708797549567
2026-04-30,WS-555215c413db,EOR?,strong_4m,14.661129087195992,48.404215745840716
2026-05-01,WS-555215c413db,EOR?,strong_4m,14.571003625761122,47.44627105919837
2026-05-02,WS-555215c413db,EOR?,strong_4m,14.50379477286803,46.73190729895514
2026-05-03,WS-555215c413db,EOR?,strong_4m,14.94720149806794,51.44488307366124
2026-05-04,WS-555215c413db,EOR?,strong_4m,16.22580143263259,65.03513819310523
2026-05-05,WS-555215c413db,EOR?,strong_4m,16.473591009437058,67.66889678613876
2026-05-06,WS-555215c413db,EOR?,strong_4m,16.359652105097567,66.45783870914077
2026-05-07,WS-555215c413db,EOR?,strong_4m,16.256992179194636,65.36666503874712
2026-05-08,WS-555215c413db,EOR?,strong_4m,16.179497073639215,64.54296856689875
2026-05-09,WS-555215c413db,EOR?,strong_4m,16.088699110775025,63.577875853930436
2026-05-10,WS-555215c413db,EOR?,strong_4m,15.981648547531428,62.44003404287479
2026-05-11,WS-555215c413db,EOR?,strong_4m,15.884857247990105,61.41123807742135
2026-05-12,WS-555215c413db,EOR?,strong_4m,15.803337282286613,60.54476131538711
2026-05-13,WS-555215c413db,EOR?,strong_4m,15.712180652069218,59.57585632251691
2026-05-14,WS-555215c413db,EOR?,strong_4m,15.986358458948445,62.49009575179314
2026-05-15,WS-555215c413db,EOR?,strong_4m,15.922842596302914,61.81498483230277
2026-05-16,WS-555215c413db,EOR?,strong_4m,15.821513630049356,60.73795794910942
2026-05-17,WS-555215c413db,EOR?,strong_4m,15.75558242321775,60.03717430525644
2026-05-18,WS-555215c413db,EOR?,strong_4m,16.41750203722333,67.07272638039608
2026-05-19,WS-555215c413db,EOR?,strong_4m,17.73606930577482,81.08779480589592
2026-05-20,WS-555215c413db,EOR?,strong_4m,18.318755701449234,87.28117598617953
2026-05-21,WS-555215c413db,EOR?,strong_4m,18.191232110978646,85.92572610589083
2026-05-22,WS-555215c413db,EOR?,strong_4m,18.073343334741164,84.67268478977977
2026-05-23,WS-555215c413db,EOR?,strong_4m,17.95717371194033,83.43791637761771
2026-05-24,WS-555215c413db,EOR?,strong_4m,17.859410887183973,82.39879405818104
2026-05-25,WS-555215c413db,EOR?,strong_4m,17.728010440511692,81.00213702355258
2026-05-26,WS-555215c413db,EOR?,strong_4m,19.301276925104222,97.724406686239
2026-05-27,WS-555215c413db,EOR?,strong_4m,20.289982145262993,108.23336716452873
2026-05-28,WS-555215c413db,EOR?,strong_4m,20.165591666122516,106.91121916479136
2026-05-29,WS-555215c413db,EOR?,strong_4m,20.018911115784633,105.35214971213178
2026-05-30,WS-555215c413db,EOR?,strong_4m,19.90721691452038,104.16495061293853
2026-05-31,WS-555215c413db,EOR?,strong_4m,19.92219502922986,104.32415318647807
2026-06-01,WS-555215c413db,EOR?,strong_4m,19.783710581495953,102.85220021361953
2026-06-02,WS-555215c413db,EOR?,strong_4m,20.82071228319433,113.87450461423494
2026-06-03,WS-555215c413db,EOR?,strong_4m,22.28589133108328,129.44791152454798
2026-06-04,WS-555215c413db,EOR?,strong_4m,22.59691300010059,132.75376483749974
2026-06-05,WS-555215c413db,EOR?,strong_4m,22.494893577717768,131.66939908724424
2026-06-06,WS-555215c413db,EOR?,strong_4m,22.349433196924302,130.12329883233707
2026-06-07,WS-555215c413db,EOR?,strong_4m,22.22427632904504,128.7930048768561
2026-06-08,WS-555215c413db,EOR?,strong_4m,22.04183775325837,126.85386291263175
2026-06-09,WS-555215c413db,EOR?,strong_4m,21.924298007457054,125.60453144550759
2026-06-10,WS-555215c413db,EOR?,strong_4m,21.929018061908067,125.65470096486455
2026-06-11,WS-555215c413db,EOR?,strong_4m,22.20049330900568,128.54021485152597
2026-06-12,WS-555215c413db,EOR?,strong_4m,22.141169005504622,127.9096560679943
2026-06-13,WS-555215c413db,EOR?,strong_4m,22.02416375078782,126.6660057134694
2026-06-14,WS-555215c413db,EOR?,strong_4m,22.083793591583586,127.29981205682903
2026-06-15,WS-555215c413db,EOR?,strong_4m,21.920480292004747,125.56395289895231
2026-06-16,WS-555215c413db,EOR?,strong_4m,21.755547233427798,123.81087730188987
2026-06-17,WS-555215c413db,EOR?,strong_4m,21.99275693875157,126.33218230512828
2026-06-18,WS-555215c413db,EOR?,strong_4m,21.847565847506026,124.78894433228322
2026-06-19,WS-555215c413db,EOR?,strong_4m,22.613578356411125,132.93090112367807
2026-06-20,WS-555215c413db,EOR?,strong_4m,23.662430439982383,144.0791633853582
2026-06-21,WS-555215c413db,EOR?,strong_4m,23.782192627196164,145.35211721078764
2026-06-22,WS-555215c413db,EOR?,strong_4m,23.862156587627783,146.20205517281082
2026-06-23,WS-555215c413db,EOR?,strong_4m,23.7006414082038,144.48530825714474
2026-06-24,WS-555215c413db,EOR?,strong_4m,23.51528078550621,142.51510781879028
2026-06-25,WS-555215c413db,EOR?,strong_4m,23.332447738688117,140.5717730169086
2026-06-26,WS-555215c413db,EOR?,strong_4m,23.152107801746254,138.65493751190849
2026-06-27,WS-555215c413db,EOR?,strong_4m,22.99893022100851,137.02681103971844
2026-06-28,WS-555215c413db,EOR?,strong_4m,22.893794472327663,135.9093218172331
2026-06-29,WS-555215c413db,EOR?,strong_4m,22.789295654556653,134.7986025415655
2026-06-30,WS-555215c413db,EOR?,strong_4m,23.23242043382244,139.50858150931805
2026-07-01,WS-555215c413db,EOR?,strong_4m,24.48429515742383,152.81477401832922
2026-07-02,WS-555215c413db,EOR?,strong_4m,26.753781818283834,176.9371768727954
2026-07-03,WS-555215c413db,EOR?,strong_4m,26.951258957376915,179.03616391947202
2026-07-04,WS-555215c413db,EOR?,strong_4m,26.773034183358845,177.1418105083439
2026-07-05,WS-555215c413db,EOR?,strong_4m,26.5471638567454,174.741031906995
2026-07-06,WS-555215c413db,EOR?,strong_4m,26.307421845317954,172.19281098967028
2026-07-07,WS-555215c413db,EOR?,strong_4m,26.055836721005427,169.51870947344548
2026-07-08,WS-555215c413db,EOR?,strong_4m,25.853461694250512,167.36766271593098
2026-07-09,WS-555215c413db,EOR?,strong_4m,25.66110933283678,165.32314699700112
2026-07-10,WS-555215c413db,EOR?,strong_4m,25.44901578614101,163.06880196626668
2026-07-11,WS-555215c413db,EOR?,strong_4m,25.247077570432097,160.92239807896792
2026-07-12,WS-555215c413db,EOR?,strong_4m,25.87820340784478,167.63064270736416
2026-07-13,WS-555215c413db,EOR?,strong_4m,25.988849574178474,168.80670222982562
2026-07-14,WS-555215c413db,EOR?,strong_4m,25.971415737392057,168.62139775480327
2026-07-15,WS-555215c413db,EOR?,strong_4m,25.901028675775173,167.87325277323234
2026-07-16,WS-555215c413db,EOR?,strong_4m,25.655754712681357,165.2662326706253
2026-07-17,WS-555215c413db,EOR?,strong_4m,25.416186329028285,162.71985724514346
2026-07-18,WS-555215c413db,EOR?,strong_4m,25.14945108726922,159.88472493607878
2026-07-19,WS-555215c413db,EOR?,strong_4m,24.880241875282046,157.02329676569812
2026-07-20,WS-555215c413db,EOR?,strong_4m,24.625090486505414,154.3112893786998
2026-07-21,WS-555215c413db,EOR?,strong_4m,24.379011977921664,151.69571775175132
2026-07-22,WS-555215c413db,EOR?,strong_4m,24.15737446710513,149.3399298038497
2026-07-23,WS-555215c413db,EOR?,strong_4m,24.046712567400913,148.163703051191
2026-07-24,WS-555215c413db,EOR?,strong_4m,23.836834903673893,145.93291066897936
2026-07-25,WS-555215c413db,EOR?,strong_4m,23.62361723644999,143.6666173467197
2026-07-26,WS-555215c413db,EOR?,strong_4m,23.413710774170895,141.43551886432837
2026-07-27,WS-555215c413db,EOR?,strong_4m,23.194464774676725,139.1051503209749
2026-07-28,WS-555215c413db,EOR?,strong_4m,22.991222918440847,136.9448900217786
2026-07-29,WS-555215c413db,EOR?,strong_4m,22.99490365117116,136.9840125772232
2026-07-30,WS-555215c413db,EOR?,strong_4m,22.80696369024575,134.98639631973114
2026-07-31,WS-555215c413db,EOR?,strong_4m,22.59771478574939,132.76228702745433
2026-08-01,WS-555215c413db,EOR?,strong_4m,22.374173539476082,130.38626425094208
2026-08-02,WS-555215c413db,EOR?,strong_4m,22.17786303766674,128.29967740693178
2026-08-03,WS-555215c413db,EOR?,strong_4m,22.013267007918692,126.55018409361857
2026-08-04,WS-555215c413db,EOR?,strong_4m,21.856552062660263,124.88445892852471
2026-08-05,WS-555215c413db,EOR?,strong_4m,21.80595764531163,124.34669021698343
2026-08-06,WS-555215c413db,EOR?,strong_4m,21.694665249367148,123.16376191169249
2026-08-07,WS-555215c413db,EOR?,strong_4m,21.52568646004996,121.36768419065201
2026-08-08,WS-555215c413db,EOR?,strong_4m,21.342954397560234,119.42542275249302
2026-08-09,WS-555215c413db,EOR?,strong_4m,21.29750654293861,118.94235692224989
2026-08-10,WS-555215c413db,EOR?,strong_4m,23.295619253602283,140.18032257611884
2026-08-11,WS-555215c413db,EOR?,strong_4m,23.72062962483643,144.69776326834622
2026-08-12,WS-555215c413db,EOR?,strong_4m,23.601837637800415,143.4351217130619
2026-08-13,WS-555215c413db,EOR?,strong_4m,23.50351587936865,142.39005848041361
2026-08-14,WS-555215c413db,EOR?,strong_4m,23.289132378211242,140.11137349430746
2026-08-15,WS-555215c413db,EOR?,strong_4m,23.059457637126044,137.67015772269644
2026-08-16,WS-555215c413db,EOR?,strong_4m,22.85218045266205,135.46700586795706
2026-08-17,WS-555215c413db,EOR?,strong_4m,22.731806070324364,134.18754501269612
2026-08-18,WS-555215c413db,EOR?,strong_4m,22.505865016444428,131.78601465032372
2026-08-19,WS-555215c413db,EOR?,strong_4m,22.27222786330416,129.302682350109
2026-08-20,WS-555215c413db,EOR?,strong_4m,22.074139927119983,127.19720313330946
2026-08-21,WS-555215c413db,EOR?,strong_4m,22.15085572543143,128.01261633845667
2026-08-22,WS-555215c413db,EOR?,strong_4m,21.9068028733131,125.41857544008502
2026-08-23,WS-555215c413db,EOR?,strong_4m,21.695626753291144,123.17398174924463
2026-08-24,WS-555215c413db,EOR?,strong_4m,21.45531236157087,120.61967699443908
2026-08-25,WS-555215c413db,EOR?,strong_4m,22.04221559953797,126.85787904558848
2026-08-26,WS-555215c413db,EOR?,strong_4m,23.78086627985494,145.3380194478698
2026-08-27,WS-555215c413db,EOR?,strong_4m,24.60945800875006,154.1451315719449
2026-08-28,WS-555215c413db,EOR?,strong_4m,24.338542156275935,151.26556349791812
2026-08-29,WS-555215c413db,EOR?,strong_4m,24.043420643079827,148.12871314531967
2026-08-30,WS-555215c413db,EOR?,strong_4m,23.73462583247167,144.84652913898768
2026-08-31,WS-555215c413db,EOR?,strong_4m,23.41331842056539,141.4313485328183
2026-09-01,WS-555215c413db,EOR?,strong_4m,23.127684941303947,138.39534661472098
2026-09-02,WS-555215c413db,EOR?,strong_4m,22.845069348448188,135.39142184997394
2026-09-03,WS-555215c413db,EOR?,strong_4m,23.02575670229755,137.31195005374408
2026-09-04,WS-555215c413db,EOR?,strong_4m,22.806786852353333,134.98451670750237
2026-09-05,WS-555215c413db,EOR?,strong_4m,22.6925307652415,133.7700872907451
2026-09-06,WS-555215c413db,EOR?,strong_4m,22.949174583196555,136.49795772664098
2026-09-07,WS-555215c413db,EOR?,strong_4m,22.682864903049037,133.66734871740883
2026-09-08,WS-555215c413db,EOR?,strong_4m,22.365751650990127,130.29674789010278
2026-09-09,WS-555215c413db,EOR?,strong_4m,22.157968866443355,128.0882220055925
2026-09-10,WS-555215c413db,EOR?,strong_4m,21.85672027441521,124.88624685342756
2026-09-11,WS-555215c413db,EOR?,strong_4m,21.59081506143219,122.05993693087949
2026-09-12,WS-555215c413db,EOR?,strong_4m,21.314617604243423,119.12423061253446
2026-09-13,WS-555215c413db,EOR?,strong_4m,21.045063068889363,116.25913199565376
2026-09-14,WS-555215c413db,EOR?,strong_4m,20.802704812452966,113.683102976541
2026-09-15,WS-555215c413db,EOR?,strong_4m,20.59012038556444,111.42354037393568
2026-09-16,WS-555215c413db,EOR?,strong_4m,20.298287781459813,108.32164787829437
2026-09-17,WS-555215c413db,EOR?,strong_4m,20.03387839208996,105.51123708413441
2026-09-18,WS-555215c413db,EOR?,strong_4m,19.75283131026797,102.52398404330219
2026-09-19,WS-555215c413db,EOR?,strong_4m,19.461475256814353,99.42715681064857
2026-09-20,WS-555215c413db,EOR?,strong_4m,19.16563415542124,96.2826579458659
2026-09-21,WS-555215c413db,EOR?,strong_4m,18.853418295016127,92.96411155732186
2026-09-22,WS-555215c413db,EOR?,strong_4m,18.651340330291813,90.8162222759443
2026-09-23,WS-555215c413db,EOR?,strong_4m,18.42157101244853,88.3740012467574
2026-09-24,WS-555215c413db,EOR?,strong_4m,18.170426848754264,85.7045867066052
2026-09-25,WS-555215c413db,EOR?,strong_4m,17.945955497024087,83.31867782725097
2026-09-26,WS-555215c413db,EOR?,strong_4m,17.67577794645961,80.44695717370038
2026-09-27,WS-555215c413db,EOR?,strong_4m,17.525991011074055,78.85486991448862
2026-09-28,WS-555215c413db,EOR?,strong_4m,17.322972213862226,76.69698051252267
2025-03-01,WS-57c7afe16ae1,AER,strong_4m,15.661103680519112,52.56024749909979
2025-03-02,WS-57c7afe16ae1,AER,strong_4m,15.438779511997076,50.19716105763089
2025-03-03,WS-57c7afe16ae1,AER,strong_4m,15.257059979986995,48.265661818939144
2025-03-04,WS-57c7afe16ae1,AER,strong_4m,15.082332698740458,46.40848330338119
2025-03-05,WS-57c7afe16ae1,AER,strong_4m,14.908264592106622,44.55831116324428
2025-03-06,WS-57c7afe16ae1,AER,strong_4m,14.758602891891673,42.967555030268684
2025-03-07,WS-57c7afe16ae1,AER,strong_4m,14.634870377550627,41.652400546831586
2025-03-08,WS-57c7afe16ae1,AER,strong_4m,14.500411567274007,40.223236126188624
2025-03-09,WS-57c7afe16ae1,AER,strong_4m,14.365310443608472,38.78724454828877
2025-03-10,WS-57c7afe16ae1,AER,strong_4m,14.246858274196565,37.52821491889375
2025-03-11,WS-57c7afe16ae1,AER,strong_4m,14.736881344519418,42.73667642438279
2025-03-12,WS-57c7afe16ae1,AER,strong_4m,14.610090855115345,41.389018684741814
2025-03-13,WS-57c7afe16ae1,AER,strong_4m,14.45665238348543,39.75811919990951
2025-03-14,WS-57c7afe16ae1,AER,strong_4m,14.304064978018395,38.136265708248644
2025-03-15,WS-57c7afe16ae1,AER,strong_4m,14.151057904425677,36.50995155869208
2025-03-16,WS-57c7afe16ae1,AER,strong_4m,14.030019105235489,35.223428608175965
2025-03-17,WS-57c7afe16ae1,AER,strong_4m,13.919245055747567,34.04600981402646
2025-03-18,WS-57c7afe16ae1,AER,strong_4m,13.807857673375302,32.86207189677514
2025-03-19,WS-57c7afe16ae1,AER,strong_4m,13.694618458962058,31.658450832986023
2025-03-20,WS-57c7afe16ae1,AER,strong_4m,13.646252337495874,31.144366706986663
2025-03-21,WS-57c7afe16ae1,AER,strong_4m,13.869356931352435,33.51574829935553
2025-03-22,WS-57c7afe16ae1,AER,strong_4m,14.241338832823246,37.469548705676914
2025-03-23,WS-57c7afe16ae1,AER,strong_4m,14.1350707825444,36.3400242349697
2025-03-24,WS-57c7afe16ae1,AER,strong_4m,14.009846913244488,35.009018120528424
2025-03-25,WS-57c7afe16ae1,AER,strong_4m,13.902933050358591,33.872629299329816
2025-03-26,WS-57c7afe16ae1,AER,strong_4m,13.792112912188863,32.69472062798964
2025-03-27,WS-57c7afe16ae1,AER,strong_4m,13.700810869464583,31.72427004371693
2025-03-28,WS-57c7afe16ae1,AER,strong_4m,13.639367389090829,31.071186501998916
2025-03-29,WS-57c7afe16ae1,AER,strong_4m,14.752302589259745,42.90058903270919
2025-03-30,WS-57c7afe16ae1,AER,strong_4m,15.625444044285196,52.181220767763016
2025-03-31,WS-57c7afe16ae1,AER,strong_4m,15.693658627080243,52.906274444045856
2025-04-01,WS-57c7afe16ae1,AER,strong_4m,15.534392780243113,51.213435713322895
2025-04-02,WS-57c7afe16ae1,AER,strong_4m,15.395837320825791,49.74072795636973
2025-04-03,WS-57c7afe16ae1,AER,strong_4m,15.265599159773231,48.35642487051496
2025-04-04,WS-57c7afe16ae1,AER,strong_4m,15.141091761154904,47.03303413214651
2025-04-05,WS-57c7afe16ae1,AER,strong_4m,15.00155490628682,45.54989511034783
2025-04-06,WS-57c7afe16ae1,AER,strong_4m,14.892209502411184,44.38766140875257
2025-04-07,WS-57c7afe16ae1,AER,strong_4m,14.77598749214285,43.15233616952586
2025-04-08,WS-57c7afe16ae1,AER,strong_4m,14.666759022418113,41.991345362521734
2025-04-09,WS-57c7afe16ae1,AER,strong_4m,14.544008721076011,40.686630833660324
2025-04-10,WS-57c7afe16ae1,AER,strong_4m,14.44456576631621,39.62965039084711
2025-04-11,WS-57c7afe16ae1,AER,strong_4m,14.33044532632697,38.416662769097364
2025-04-12,WS-57c7afe16ae1,AER,strong_4m,14.224837658832655,37.2941575154851
2025-04-13,WS-57c7afe16ae1,AER,strong_4m,14.12718885688746,36.256247145972125
2025-04-14,WS-57c7afe16ae1,AER,strong_4m,14.036995128686229,35.29757685099367
2025-04-15,WS-57c7afe16ae1,AER,strong_4m,13.958410669945021,34.46230163014825
2025-04-16,WS-57c7afe16ae1,AER,strong_4m,13.875681735419409,33.58297472298265
2025-04-17,WS-57c7afe16ae1,AER,strong_4m,13.790675516442406,32.67944253014695
2025-04-18,WS-57c7afe16ae1,AER,strong_4m,13.707956344877687,31.800219393618043
2025-04-19,WS-57c7afe16ae1,AER,strong_4m,13.624692543460753,30.91520737939787
2025-04-20,WS-57c7afe16ae1,AER,strong_4m,13.55047863300915,30.126386772432735
2025-04-21,WS-57c7afe16ae1,AER,strong_4m,13.87492313282133,33.57491152622855
2025-04-22,WS-57c7afe16ae1,AER,strong_4m,13.97322928847732,34.61980891677283
2025-04-23,WS-57c7afe16ae1,AER,strong_4m,13.917437243898235,34.026794558670794
2025-04-24,WS-57c7afe16ae1,AER,strong_4m,13.885921661484197,33.691815028587804
2025-04-25,WS-57c7afe16ae1,AER,strong_4m,13.824119335060647,33.03491730759958
2025-04-26,WS-57c7afe16ae1,AER,strong_4m,13.78284920384404,32.596256553062936
2025-04-27,WS-57c7afe16ae1,AER,strong_4m,13.844454976717312,33.25106510384186
2025-04-28,WS-57c7afe16ae1,AER,strong_4m,13.791711858582843,32.69045782406247
2025-04-29,WS-57c7afe16ae1,AER,strong_4m,13.74313714388608,32.17415655793734
2025-04-30,WS-57c7afe16ae1,AER,strong_4m,14.667589861830205,42.00017636529937
2025-05-01,WS-57c7afe16ae1,AER,strong_4m,14.592376491945409,41.200732491187566
2025-05-02,WS-57c7afe16ae1,AER,strong_4m,14.504238625603115,40.26391397830136
2025-05-03,WS-57c7afe16ae1,AER,strong_4m,14.423365968224164,39.404317464758954
2025-05-04,WS-57c7afe16ae1,AER,strong_4m,14.34593613826678,38.58131480808018
2025-05-05,WS-57c7afe16ae1,AER,strong_4m,14.276845221217695,37.846946563760575
2025-05-06,WS-57c7afe16ae1,AER,strong_4m,14.200827198132806,37.03895002045466
2025-05-07,WS-57c7afe16ae1,AER,strong_4m,14.124818840024062,36.231056206304245
2025-05-08,WS-57c7afe16ae1,AER,strong_4m,14.055202556117951,35.49110383091652
2025-05-09,WS-57c7afe16ae1,AER,strong_4m,13.987008056173881,34.76626361551454
2025-05-10,WS-57c7afe16ae1,AER,strong_4m,13.927777603428119,34.13670237286583
2025-05-11,WS-57c7afe16ae1,AER,strong_4m,13.874080236997294,33.56595237569361
2025-05-12,WS-57c7afe16ae1,AER,strong_4m,13.88780382758178,33.71182059620268
2025-05-13,WS-57c7afe16ae1,AER,strong_4m,13.839179804458468,33.19499523017875
2025-05-14,WS-57c7afe16ae1,AER,strong_4m,14.171124281268597,36.723237335772154
2025-05-15,WS-57c7afe16ae1,AER,strong_4m,14.105360785204219,36.02423629181719
2025-05-16,WS-57c7afe16ae1,AER,strong_4m,14.057945219918878,35.5202556396675
2025-05-17,WS-57c7afe16ae1,AER,strong_4m,14.008259912950777,34.99214987403233
2025-05-18,WS-57c7afe16ae1,AER,strong_4m,13.944072327124907,34.30989920023436
2025-05-19,WS-57c7afe16ae1,AER,strong_4m,13.917855251729403,34.03123756927477
2025-05-20,WS-57c7afe16ae1,AER,strong_4m,13.865806028187485,33.478005704027986
2025-05-21,WS-57c7afe16ae1,AER,strong_4m,13.821893694824073,33.01126094895175
2025-05-22,WS-57c7afe16ae1,AER,strong_4m,14.057012633421532,35.51034316581448
2025-05-23,WS-57c7afe16ae1,AER,strong_4m,18.43716706118551,82.06706081193505
2025-05-24,WS-57c7afe16ae1,AER,strong_4m,18.774819675266407,85.65597478186186
2025-05-25,WS-57c7afe16ae1,AER,strong_4m,18.632620421540235,84.14453708842005
2025-05-26,WS-57c7afe16ae1,AER,strong_4m,18.54057472344003,83.16618218160941
2025-05-27,WS-57c7afe16ae1,AER,strong_4m,18.924732828382997,87.24940361095719
2025-05-28,WS-57c7afe16ae1,AER,strong_4m,18.811428141901576,86.04508664371487
2025-05-29,WS-57c7afe16ae1,AER,strong_4m,18.691069308160095,84.76579105468262
2025-05-30,WS-57c7afe16ae1,AER,strong_4m,18.561423902278765,83.38778837115281
2025-05-31,WS-57c7afe16ae1,AER,strong_4m,18.44115007315138,82.1093962972551
2025-06-01,WS-57c7afe16ae1,AER,strong_4m,18.34060168122479,81.0406661486043
2025-06-02,WS-57c7afe16ae1,AER,strong_4m,18.244891782460982,80.02336440589835
2025-06-03,WS-57c7afe16ae1,AER,strong_4m,18.129470608152882,78.79655126237434
2025-06-04,WS-57c7afe16ae1,AER,strong_4m,18.005522862983913,77.47910908770405
2025-06-05,WS-57c7afe16ae1,AER,strong_4m,17.893771378631314,76.29130112582935
2025-06-06,WS-57c7afe16ae1,AER,strong_4m,17.816962137578834,75.47489471658805
2025-06-07,WS-57c7afe16ae1,AER,strong_4m,17.92792825757126,76.65435503059577
2025-06-08,WS-57c7afe16ae1,AER,strong_4m,18.902504673204383,87.01314026419362
2025-06-09,WS-57c7afe16ae1,AER,strong_4m,19.70332006543549,95.52501734926791
2025-06-10,WS-57c7afe16ae1,AER,strong_4m,19.59050399204408,94.32589385683225
2025-06-11,WS-57c7afe16ae1,AER,strong_4m,19.46267047098458,92.96714972033504
2025-06-12,WS-57c7afe16ae1,AER,strong_4m,19.356924492434437,91.84317435673468
2025-06-13,WS-57c7afe16ae1,AER,strong_4m,19.25645725603475,90.77530681122123
2025-06-14,WS-57c7afe16ae1,AER,strong_4m,19.14666640875408,89.60833848595513
2025-06-15,WS-57c7afe16ae1,AER,strong_4m,19.16278342116965,89.77964641783407
2025-06-16,WS-57c7afe16ae1,AER,strong_4m,19.41153262578706,92.42360490721134
2025-06-17,WS-57c7afe16ae1,AER,strong_4m,19.34762574222869,91.74433782141833
2025-06-18,WS-57c7afe16ae1,AER,strong_4m,19.2312827609817,90.50772678010642
2025-06-19,WS-57c7afe16ae1,AER,strong_4m,19.120450057356337,89.32968455037707
2025-06-20,WS-57c7afe16ae1,AER,strong_4m,19.011059944435118,88.1669756357623
2025-06-21,WS-57c7afe16ae1,AER,strong_4m,18.887733037856783,86.85613236244237
2025-06-22,WS-57c7afe16ae1,AER,strong_4m,18.77380583822979,85.6451986949838
2025-06-23,WS-57c7afe16ae1,AER,strong_4m,18.700621399084543,84.86732035175051
2025-06-24,WS-57c7afe16ae1,AER,strong_4m,20.154337656696185,100.31888911704412
2025-06-25,WS-57c7afe16ae1,AER,strong_4m,20.746786856000675,106.61603926244891
2025-06-26,WS-57c7afe16ae1,AER,strong_4m,21.419066483582434,113.7617080548939
2025-06-27,WS-57c7afe16ae1,AER,strong_4m,21.264892914610236,112.12299521097316
2025-06-28,WS-57c7afe16ae1,AER,strong_4m,21.108056615577,110.45598017504886
2025-06-29,WS-57c7afe16ae1,AER,strong_4m,20.96798499551541,108.96715712714294
2025-06-30,WS-57c7afe16ae1,AER,strong_4m,20.839293610401484,107.5992947425978
2025-07-01,WS-57c7afe16ae1,AER,strong_4m,20.730963826468056,106.44785607840706
2025-07-02,WS-57c7afe16ae1,AER,strong_4m,21.163630184755487,111.0466723553131
2025-07-03,WS-57c7afe16ae1,AER,strong_4m,20.998203594391263,109.28835100254763
2025-07-04,WS-57c7afe16ae1,AER,strong_4m,21.233078263041392,111.78483687100419
2025-07-05,WS-57c7afe16ae1,AER,strong_4m,21.125403359827743,110.64035894239147
2025-07-06,WS-57c7afe16ae1,AER,strong_4m,21.0140118659781,109.45637732419432
2025-07-07,WS-57c7afe16ae1,AER,strong_4m,21.88518173041841,118.71605299760694
2025-07-08,WS-57c7afe16ae1,AER,strong_4m,21.759441990877097,117.37956369174695
2025-07-09,WS-57c7afe16ae1,AER,strong_4m,21.61987182390581,115.89607059517567
2025-07-10,WS-57c7afe16ae1,AER,strong_4m,22.001766910213938,119.95523837040061
2025-07-11,WS-57c7afe16ae1,AER,strong_4m,22.519430391057682,125.45749015417009
2025-07-12,WS-57c7afe16ae1,AER,strong_4m,22.36833908525034,123.85153872499936
2025-07-13,WS-57c7afe16ae1,AER,strong_4m,22.222069085305186,122.29683301773481
2025-07-14,WS-57c7afe16ae1,AER,strong_4m,22.155340122783972,121.58757001841526
2025-07-15,WS-57c7afe16ae1,AER,strong_4m,22.022335495865743,120.17386213135781
2025-07-16,WS-57c7afe16ae1,AER,strong_4m,21.85302891014669,118.37430025815358
2025-07-17,WS-57c7afe16ae1,AER,strong_4m,21.68744836069557,116.61434247227696
2025-07-18,WS-57c7afe16ae1,AER,strong_4m,21.509092050050754,114.71859095665437
2025-07-19,WS-57c7afe16ae1,AER,strong_4m,21.333635204763773,112.85365789554426
2025-07-20,WS-57c7afe16ae1,AER,strong_4m,21.161030689416044,111.01904228597725
2025-07-21,WS-57c7afe16ae1,AER,strong_4m,21.00090310260012,109.31704410995648
2025-07-22,WS-57c7afe16ae1,AER,strong_4m,20.86703714460876,107.89418112386475
2025-07-23,WS-57c7afe16ae1,AER,strong_4m,22.379242267266818,123.96742878663001
2025-07-24,WS-57c7afe16ae1,AER,strong_4m,22.220510261596676,122.28026426052455
2025-07-25,WS-57c7afe16ae1,AER,strong_4m,22.070769982283903,120.68867290930936
2025-07-26,WS-57c7afe16ae1,AER,strong_4m,23.232633389154877,133.03813397720725
2025-07-27,WS-57c7afe16ae1,AER,strong_4m,24.14415652586882,142.72672509968075
2025-07-28,WS-57c7afe16ae1,AER,strong_4m,24.69093322442378,148.53842164826483
2025-07-29,WS-57c7afe16ae1,AER,strong_4m,25.08560108482748,152.7333514033314
2025-07-30,WS-57c7afe16ae1,AER,strong_4m,24.95428351293595,151.33757524581156
2025-07-31,WS-57c7afe16ae1,AER,strong_4m,24.68327015038647,148.45697073594198
2025-08-01,WS-57c7afe16ae1,AER,strong_4m,24.475610322782863,146.24975176235924
2025-08-02,WS-57c7afe16ae1,AER,strong_4m,24.41649822223006,145.62144848668896
2025-08-03,WS-57c7afe16ae1,AER,strong_4m,24.15572122517826,142.84964643711103
2025-08-04,WS-57c7afe16ae1,AER,strong_4m,23.90612981523458,140.1967361365084
2025-08-05,WS-57c7afe16ae1,AER,strong_4m,23.811975963442908,139.19597363704625
2025-08-06,WS-57c7afe16ae1,AER,strong_4m,23.578001854176357,136.70905982583932
2025-08-07,WS-57c7afe16ae1,AER,strong_4m,23.380820439213366,134.6132160347379
2025-08-08,WS-57c7afe16ae1,AER,strong_4m,23.169072534893388,132.3625448412532
2025-08-09,WS-57c7afe16ae1,AER,strong_4m,22.972395177641175,130.27205868603082
2025-08-10,WS-57c7afe16ae1,AER,strong_4m,22.756127841081152,127.97335038924517
2025-08-11,WS-57c7afe16ae1,AER,strong_4m,22.543676637665016,125.71520382063828
2025-08-12,WS-57c7afe16ae1,AER,strong_4m,22.324023066546353,123.38050319325552
2025-08-13,WS-57c7afe16ae1,AER,strong_4m,22.15681379337237,121.60323368201867
2025-08-14,WS-57c7afe16ae1,AER,strong_4m,21.986224727939366,119.7900403154701
2025-08-15,WS-57c7afe16ae1,AER,strong_4m,21.80301133248811,117.84266278308354
2025-08-16,WS-57c7afe16ae1,AER,strong_4m,21.635104890976855,116.05798306063937
2025-08-17,WS-57c7afe16ae1,AER,strong_4m,21.522386368573798,114.8598964389113
2025-08-18,WS-57c7afe16ae1,AER,strong_4m,21.311693985077405,112.62044438981144
2025-08-19,WS-57c7afe16ae1,AER,strong_4m,21.11001475719018,110.47679328739441
2025-08-20,WS-57c7afe16ae1,AER,strong_4m,21.015929140625808,109.47675606103921
2025-08-21,WS-57c7afe16ae1,AER,strong_4m,20.977651148095582,109.06989878701388
2025-08-22,WS-57c7afe16ae1,AER,strong_4m,20.818931123167772,107.38286160437245
2025-08-23,WS-57c7afe16ae1,AER,strong_4m,20.6219541820461,105.28919116835549
2025-08-24,WS-57c7afe16ae1,AER,strong_4m,20.392130408231942,102.84639132595504
2025-08-25,WS-57c7afe16ae1,AER,strong_4m,20.176597784585347,100.55549230215858
2025-08-26,WS-57c7afe16ae1,AER,strong_4m,19.983385098193725,98.50183217799369
2025-08-27,WS-57c7afe16ae1,AER,strong_4m,21.114849107814145,110.52817766224103
2025-08-28,WS-57c7afe16ae1,AER,strong_4m,21.782820054788772,117.62804943319703
2025-08-29,WS-57c7afe16ae1,AER,strong_4m,22.48585741244888,125.1006425335196
2025-08-30,WS-57c7afe16ae1,AER,strong_4m,23.584747907379704,136.78076371194507
2025-08-31,WS-57c7afe16ae1,AER,strong_4m,23.315972505163217,133.92394651118633
2025-09-01,WS-57c7afe16ae1,AER,strong_4m,23.052810773841337,131.126797090436
2025-09-02,WS-57c7afe16ae1,AER,strong_4m,22.817990610097457,128.63089055532774
2025-09-03,WS-57c7afe16ae1,AER,strong_4m,22.531614325562067,125.5869933504373
2025-09-04,WS-57c7afe16ae1,AER,strong_4m,22.202784818273226,122.09186029587632
2025-09-05,WS-57c7afe16ae1,AER,strong_4m,21.94691994410313,119.37226926347098
2025-09-06,WS-57c7afe16ae1,AER,strong_4m,21.66555857480312,116.38167565700005
2025-09-07,WS-57c7afe16ae1,AER,strong_4m,21.42166039252037,113.78927874629645
2025-09-08,WS-57c7afe16ae1,AER,strong_4m,21.4693874610952,114.29657037090925
2025-09-09,WS-57c7afe16ae1,AER,strong_4m,21.134423160054588,110.73623051480084
2025-09-10,WS-57c7afe16ae1,AER,strong_4m,21.431735776623253,113.89637013327605
2025-09-11,WS-57c7afe16ae1,AER,strong_4m,24.685943588077823,148.4853867394856
2025-09-12,WS-57c7afe16ae1,AER,strong_4m,24.43101534097371,145.7757511281892
2025-09-13,WS-57c7afe16ae1,AER,strong_4m,24.13186605382589,142.59608951454857
2025-09-14,WS-57c7afe16ae1,AER,strong_4m,23.845452649080812,139.5517977584728
2025-09-15,WS-57c7afe16ae1,AER,strong_4m,23.49829325151974,135.861836064885
2025-09-16,WS-57c7afe16ae1,AER,strong_4m,23.231323550201854,133.02421168215952
2025-09-17,WS-57c7afe16ae1,AER,strong_4m,23.35572932869082,134.3465222988684
2025-09-18,WS-57c7afe16ae1,AER,strong_4m,23.033222005579123,130.9185878210919
2025-09-19,WS-57c7afe16ae1,AER,strong_4m,22.764561395580692,128.06299074829266
2025-09-20,WS-57c7afe16ae1,AER,strong_4m,23.535912583448255,136.2616924269187
2025-09-21,WS-57c7afe16ae1,AER,strong_4m,23.256287283358233,133.28955152236878
2025-09-22,WS-57c7afe16ae1,AER,strong_4m,22.913095342111717,129.64175997288345
2025-09-23,WS-57c7afe16ae1,AER,strong_4m,23.123789107727738,131.88122671255056
2025-09-24,WS-57c7afe16ae1,AER,strong_4m,22.853153047519434,129.0046325541093
2025-09-25,WS-57c7afe16ae1,AER,strong_4m,22.526612705742103,125.53383106915896
2025-09-26,WS-57c7afe16ae1,AER,strong_4m,22.126842529787872,121.28466873660115
2025-09-27,WS-57c7afe16ae1,AER,strong_4m,21.71419103255397,116.89859067478835
2025-09-28,WS-57c7afe16ae1,AER,strong_4m,21.392836010939035,113.4829040244145
2025-09-29,WS-57c7afe16ae1,AER,strong_4m,21.080870735180106,110.16702110329175
2025-09-30,WS-57c7afe16ae1,AER,strong_4m,20.79721433899634,107.1520336266093
2025-10-01,WS-57c7afe16ae1,AER,strong_4m,20.488651505294566,103.87231530579339
2025-10-02,WS-57c7afe16ae1,AER,strong_4m,20.25287205830427,101.36621253674348
2025-10-03,WS-57c7afe16ae1,AER,strong_4m,20.1155100849162,99.90619035811744
2025-10-04,WS-57c7afe16ae1,AER,strong_4m,19.849570204767844,97.07951195782398
2025-10-05,WS-57c7afe16ae1,AER,strong_4m,19.56578459980357,94.06315111935473
2025-10-06,WS-57c7afe16ae1,AER,strong_4m,19.307204356991043,91.3146983987885
2025-10-07,WS-57c7afe16ae1,AER,strong_4m,19.12866494353417,89.41700068102584
2025-10-08,WS-57c7afe16ae1,AER,strong_4m,18.867278610613795,86.63872199267807
2025-10-09,WS-57c7afe16ae1,AER,strong_4m,19.88855371159054,97.49386815232155
2025-10-10,WS-57c7afe16ae1,AER,strong_4m,19.77196763159091,96.25467321124694
2025-10-11,WS-57c7afe16ae1,AER,strong_4m,19.41093733006155,92.41727750130232
2025-10-12,WS-57c7afe16ae1,AER,strong_4m,19.16493215646585,89.80248535288334
2025-10-13,WS-57c7afe16ae1,AER,strong_4m,18.867216478209357,86.63806158655363
2025-10-14,WS-57c7afe16ae1,AER,strong_4m,18.60263294132539,83.82579977623038
2025-10-15,WS-57c7afe16ae1,AER,strong_4m,18.324731336066847,80.87198004617342
2025-10-16,WS-57c7afe16ae1,AER,strong_4m,18.02844299438608,77.72272745863151
2025-10-17,WS-57c7afe16ae1,AER,strong_4m,17.764003966856887,74.91200164009545
2025-10-18,WS-57c7afe16ae1,AER,strong_4m,17.509127979977556,72.20292150339924
2025-10-19,WS-57c7afe16ae1,AER,strong_4m,17.282338183320995,69.79236984315774
2025-10-20,WS-57c7afe16ae1,AER,strong_4m,16.9688849722968,66.46067163899806
2025-10-21,WS-57c7afe16ae1,AER,strong_4m,16.932317105369886,66.07199131196532
2025-10-22,WS-57c7afe16ae1,AER,strong_4m,17.036224273061727,67.1764219313457
2025-10-23,WS-57c7afe16ae1,AER,strong_4m,16.94955341596303,66.25519627854354
2025-10-24,WS-57c7afe16ae1,AER,strong_4m,16.896045343150398,65.68645828566927
2025-10-25,WS-57c7afe16ae1,AER,strong_4m,16.70975081618474,63.70633136685982
2025-10-26,WS-57c7afe16ae1,AER,strong_4m,16.592891588415597,62.46423313463629
2025-10-27,WS-57c7afe16ae1,AER,strong_4m,17.50480199726998,72.15694057766248
2025-10-28,WS-57c7afe16ae1,AER,strong_4m,17.54675601417971,72.60287036201119
2025-10-29,WS-57c7afe16ae1,AER,strong_4m,17.388279484241735,70.91842129074276
2025-10-30,WS-57c7afe16ae1,AER,strong_4m,17.213287374486843,69.05842790956956
2025-10-31,WS-57c7afe16ae1,AER,strong_4m,17.02946102723375,67.10453530461204
2025-11-01,WS-57c7afe16ae1,AER,strong_4m,17.142188858437798,68.30272086970537
2025-11-02,WS-57c7afe16ae1,AER,strong_4m,16.87707537194673,65.48482621820469
2025-11-03,WS-57c7afe16ae1,AER,strong_4m,16.68850047645973,63.48046123310602
2025-11-04,WS-57c7afe16ae1,AER,strong_4m,16.794053576120287,64.60238648451275
2025-11-05,WS-57c7afe16ae1,AER,strong_4m,17.837030289413022,75.6881993600731
2025-11-06,WS-57c7afe16ae1,AER,strong_4m,17.572920148627347,72.88096928295623
2025-11-07,WS-57c7afe16ae1,AER,strong_4m,17.29638515337713,69.94167526822257
2025-11-08,WS-57c7afe16ae1,AER,strong_4m,17.055373558399243,67.37995993104103
2025-11-09,WS-57c7afe16ae1,AER,strong_4m,16.829058891159043,64.97445842746589
2025-11-10,WS-57c7afe16ae1,AER,strong_4m,16.613653773092793,62.68491466211984
2025-11-11,WS-57c7afe16ae1,AER,strong_4m,16.41402982191786,60.5631091222639
2025-11-12,WS-57c7afe16ae1,AER,strong_4m,16.266112783366857,58.990897020512755
2025-11-13,WS-57c7afe16ae1,AER,strong_4m,16.029434536189505,56.47524089273558
2025-11-14,WS-57c7afe16ae1,AER,strong_4m,15.780711151405903,53.83155684270338
2025-11-15,WS-57c7afe16ae1,AER,strong_4m,15.984144791666562,55.993855616761195
2025-11-16,WS-57c7afe16ae1,AER,strong_4m,15.854525803536461,54.61613372784836
2025-11-17,WS-57c7afe16ae1,AER,strong_4m,15.724609922264214,53.23525615791604
2025-11-18,WS-57c7afe16ae1,AER,strong_4m,15.520030966551573,51.06078381121531
2025-11-19,WS-57c7afe16ae1,AER,strong_4m,15.312945268232944,48.859667265173336
2025-11-20,WS-57c7afe16ae1,AER,strong_4m,15.10414604971692,46.64033769095475
2025-11-21,WS-57c7afe16ae1,AER,strong_4m,15.002340172958284,45.55824171988027
2025-11-22,WS-57c7afe16ae1,AER,strong_4m,14.912817827781705,44.6067075636902
2025-11-23,WS-57c7afe16ae1,AER,strong_4m,16.43312927907819,60.76611749762421
2025-11-24,WS-57c7afe16ae1,AER,strong_4m,16.328007874762122,59.648780741576246
2025-11-25,WS-57c7afe16ae1,AER,strong_4m,16.096484210316795,57.18791273983351
2025-11-26,WS-57c7afe16ae1,AER,strong_4m,16.082009856556425,57.03406464788945
2025-11-27,WS-57c7afe16ae1,AER,strong_4m,15.808468051405598,54.12658528914951
2025-11-28,WS-57c7afe16ae1,AER,strong_4m,15.581875950802448,51.71813494279782
2025-11-29,WS-57c7afe16ae1,AER,strong_4m,15.405913349423386,49.847826193691894
2025-11-30,WS-57c7afe16ae1,AER,strong_4m,15.485813939883329,50.69709059547256
2025-12-01,WS-57c7afe16ae1,AER,strong_4m,15.40167907799681,49.8028200683383
2025-12-02,WS-57c7afe16ae1,AER,strong_4m,15.578867000712837,51.686152773665725
2025-12-03,WS-57c7afe16ae1,AER,strong_4m,15.369245012141107,49.45807796596212
2025-12-04,WS-57c7afe16ae1,AER,strong_4m,15.144963505171354,47.07418694900371
2025-12-05,WS-57c7afe16ae1,AER,strong_4m,14.88023398979562,44.260373531417386
2025-12-06,WS-57c7afe16ae1,AER,strong_4m,14.639039543104733,41.69671466103086
2025-12-07,WS-57c7afe16ae1,AER,strong_4m,14.472364223921346,39.925120553615045
2025-12-08,WS-57c7afe16ae1,AER,strong_4m,14.317396928713059,38.277971183340824
2025-12-09,WS-57c7afe16ae1,AER,strong_4m,14.122140964050374,36.202593028200724
2025-12-10,WS-57c7afe16ae1,AER,strong_4m,13.953239705953234,34.40733938749351
2025-12-11,WS-57c7afe16ae1,AER,strong_4m,13.845166052689553,33.25862313947977
2025-12-12,WS-57c7afe16ae1,AER,strong_4m,13.749392088784226,32.24064044756214
2025-12-13,WS-57c7afe16ae1,AER,strong_4m,13.677613414295124,31.47770399490654
2025-12-14,WS-57c7afe16ae1,AER,strong_4m,14.061792624084013,35.56114974793259
2025-12-15,WS-57c7afe16ae1,AER,strong_4m,13.91447056599307,33.99526170112993
2025-12-16,WS-57c7afe16ae1,AER,strong_4m,13.767712924155074,32.43537284192591
2025-12-17,WS-57c7afe16ae1,AER,strong_4m,13.603672795891768,30.691788212630836
2025-12-18,WS-57c7afe16ae1,AER,strong_4m,13.445777162716059,29.013513500506207
2025-12-19,WS-57c7afe16ae1,AER,strong_4m,13.302833990894136,27.494168692074112
2025-12-20,WS-57c7afe16ae1,AER,strong_4m,13.608842072337819,30.746732518340234
2025-12-21,WS-57c7afe16ae1,AER,strong_4m,14.653710406074264,41.85265145188188
2025-12-22,WS-57c7afe16ae1,AER,strong_4m,16.983244744207568,66.61330183899162
2025-12-23,WS-57c7afe16ae1,AER,strong_4m,16.672463953509894,63.31000882479169
2025-12-24,WS-57c7afe16ae1,AER,strong_4m,16.385366986351876,60.25845147505304
2025-12-25,WS-57c7afe16ae1,AER,strong_4m,16.10948357697466,57.32608317492874
2025-12-26,WS-57c7afe16ae1,AER,strong_4m,15.862006712212597,54.69564840220858
2025-12-27,WS-57c7afe16ae1,AER,strong_4m,15.62112085518067,52.135269535268904
2025-12-28,WS-57c7afe16ae1,AER,strong_4m,15.380157323391249,49.57406506233461
2025-12-29,WS-57c7afe16ae1,AER,strong_4m,15.157509060948925,47.207533822426186
2025-12-30,WS-57c7afe16ae1,AER,strong_4m,14.924927970128937,44.73542642217167
2025-12-31,WS-57c7afe16ae1,AER,strong_4m,14.731805006521423,42.682719962630955
2026-01-01,WS-57c7afe16ae1,AER,strong_4m,15.808313854362545,54.124946326799304
2026-01-02,WS-57c7afe16ae1,AER,strong_4m,15.58172861500734,51.71656890874004
2026-01-03,WS-57c7afe16ae1,AER,strong_4m,15.342700271865262,49.17593358078275
2026-01-04,WS-57c7afe16ae1,AER,strong_4m,15.173245220332976,47.37479366254365
2026-01-05,WS-57c7afe16ae1,AER,strong_4m,15.021094083434463,45.75757727509851
2026-01-06,WS-57c7afe16ae1,AER,strong_4m,14.799642591572809,43.403766525056454
2026-01-07,WS-57c7afe16ae1,AER,strong_4m,14.570678058769854,40.970099566395156
2026-01-08,WS-57c7afe16ae1,AER,strong_4m,14.327784596815938,38.38838184096558
2026-01-09,WS-57c7afe16ae1,AER,strong_4m,14.096852942543975,35.93380632295585
2026-01-10,WS-57c7afe16ae1,AER,strong_4m,13.846254707943146,33.27019447014659
2026-01-11,WS-57c7afe16ae1,AER,strong_4m,13.706974477864101,31.78978311652521
2026-01-12,WS-57c7afe16ae1,AER,strong_4m,13.55589171162999,30.18392245458799
2026-01-13,WS-57c7afe16ae1,AER,strong_4m,13.407182193439084,28.603287076570258
2026-01-14,WS-57c7afe16ae1,AER,strong_4m,13.274980919019768,27.198118033537373
2026-01-15,WS-57c7afe16ae1,AER,strong_4m,13.486452227980976,29.44584929140273
2026-01-16,WS-57c7afe16ae1,AER,strong_4m,13.444088193722774,28.995561427393202
2026-01-17,WS-57c7afe16ae1,AER,strong_4m,13.36844342810739,28.191532242522626
2026-01-18,WS-57c7afe16ae1,AER,strong_4m,13.29724830268611,27.434798340400672
2026-01-19,WS-57c7afe16ae1,AER,strong_4m,13.20271089733287,26.42995904520841
2026-01-20,WS-57c7afe16ae1,AER,strong_4m,13.093217363254276,25.26615086578413
2026-01-21,WS-57c7afe16ae1,AER,strong_4m,12.973138533181768,23.989831439344183
2026-01-22,WS-57c7afe16ae1,AER,strong_4m,12.868529474552496,22.877940412178788
2026-01-23,WS-57c7afe16ae1,AER,strong_4m,12.765779504893445,21.7858096655453
2026-01-24,WS-57c7afe16ae1,AER,strong_4m,12.65844563323921,20.644956565755837
2026-01-25,WS-57c7afe16ae1,AER,strong_4m,12.556732492788868,19.563846290092744
2026-01-26,WS-57c7afe16ae1,AER,strong_4m,12.459493631799347,18.530293188260547
2026-01-27,WS-57c7afe16ae1,AER,strong_4m,12.361742209233231,17.49129206285032
2026-01-28,WS-57c7afe16ae1,AER,strong_4m,12.259567815653956,16.405279121758152
2026-01-29,WS-57c7afe16ae1,AER,strong_4m,12.180171707899422,15.56137687312994
2026-01-30,WS-57c7afe16ae1,AER,strong_4m,12.090626370190982,14.609598329023534
2026-01-31,WS-57c7afe16ae1,AER,strong_4m,12.002739917348364,13.675452093453139
2026-02-01,WS-57c7afe16ae1,AER,strong_4m,11.946085513258161,13.073271705036264
2026-02-02,WS-57c7afe16ae1,AER,strong_4m,12.05563670092278,14.237692685166495
2026-02-03,WS-57c7afe16ae1,AER,strong_4m,12.004094605769602,13.68985109407425
2026-02-04,WS-57c7afe16ae1,AER,strong_4m,11.942014141670622,13.029997044163093
2026-02-05,WS-57c7afe16ae1,AER,strong_4m,11.873278005973308,12.299399775386247
2026-02-06,WS-57c7afe16ae1,AER,strong_4m,11.811610168584316,11.643931540072955
2026-02-07,WS-57c7afe16ae1,AER,strong_4m,11.762864752762322,11.125815889496234
2026-02-08,WS-57c7afe16ae1,AER,strong_4m,14.306187754520376,38.1588287269409
2026-02-09,WS-57c7afe16ae1,AER,strong_4m,14.889441352423042,44.358238706990434
2026-02-10,WS-57c7afe16ae1,AER,strong_4m,15.634937620942992,52.282128115939415
2026-02-11,WS-57c7afe16ae1,AER,strong_4m,15.452025349845144,50.3379512381711
2026-02-12,WS-57c7afe16ae1,AER,strong_4m,15.423544171571663,50.03522442865444
2026-02-13,WS-57c7afe16ae1,AER,strong_4m,15.211900577844204,47.78566195379676
2026-02-14,WS-57c7afe16ae1,AER,strong_4m,15.057642883924157,46.14605494472527
2026-02-15,WS-57c7afe16ae1,AER,strong_4m,14.890588824850191,44.370435206150134
2026-02-16,WS-57c7afe16ae1,AER,strong_4m,14.724164992458086,42.601514155067484
2026-02-17,WS-57c7afe16ae1,AER,strong_4m,14.547676245957987,40.72561300271533
2026-02-18,WS-57c7afe16ae1,AER,strong_4m,14.377185125017348,38.91346068943357
2026-02-19,WS-57c7afe16ae1,AER,strong_4m,14.20919560410282,37.12789791494541
2026-02-20,WS-57c7afe16ae1,AER,strong_4m,14.061851339936037,35.56177383947755
2026-02-21,WS-57c7afe16ae1,AER,strong_4m,13.903684333988426,33.88061470267647
2026-02-22,WS-57c7afe16ae1,AER,strong_4m,13.832681572652021,33.125925440882234
2026-02-23,WS-57c7afe16ae1,AER,strong_4m,14.34628178794399,38.584988722936764
2026-02-24,WS-57c7afe16ae1,AER,strong_4m,14.181390867830391,36.832361016142244
2026-02-25,WS-57c7afe16ae1,AER,strong_4m,14.046449208686774,35.398064388693065
2026-02-26,WS-57c7afe16ae1,AER,strong_4m,14.466419955238074,39.86193884546666
2026-02-27,WS-57c7afe16ae1,AER,strong_4m,14.3681261730365,38.817172972528255
2026-02-28,WS-57c7afe16ae1,AER,strong_4m,14.367531297558799,38.810850033438626
2026-03-01,WS-57c7afe16ae1,AER,strong_4m,14.282815516948826,37.91040491373477
2026-03-02,WS-57c7afe16ae1,AER,strong_4m,14.670946322389682,42.03585222767704
2026-03-03,WS-57c7afe16ae1,AER,strong_4m,17.948746821839432,76.87563581747564
2026-03-04,WS-57c7afe16ae1,AER,strong_4m,19.589158025117143,94.31158755708603
2026-03-05,WS-57c7afe16ae1,AER,strong_4m,19.29876351842001,91.22498061725155
2026-03-06,WS-57c7afe16ae1,AER,strong_4m,18.988385255206907,87.92596607285286
2026-03-07,WS-57c7afe16ae1,AER,strong_4m,18.739016866576424,85.27542626865144
2026-03-08,WS-57c7afe16ae1,AER,strong_4m,19.36984179606177,91.98047254282488
2026-03-09,WS-57c7afe16ae1,AER,strong_4m,19.09294934793625,89.03737915689062
2026-03-10,WS-57c7afe16ae1,AER,strong_4m,18.75898954347202,85.48771610778849
2026-03-11,WS-57c7afe16ae1,AER,strong_4m,18.471854851734907,82.43575778301434
2026-03-12,WS-57c7afe16ae1,AER,strong_4m,18.162656290290663,79.14928230386212
2026-03-13,WS-57c7afe16ae1,AER,strong_4m,18.23978026864403,79.96903405991519
2026-03-14,WS-57c7afe16ae1,AER,strong_4m,17.988597067249387,77.29920458754457
2026-03-15,WS-57c7afe16ae1,AER,strong_4m,17.732332610513737,74.57536638692004
2026-03-16,WS-57c7afe16ae1,AER,strong_4m,17.517579930626365,72.29275739535349
2026-03-17,WS-57c7afe16ae1,AER,strong_4m,17.36607779748214,70.68243927714477
2026-03-18,WS-57c7afe16ae1,AER,strong_4m,17.25686007693048,69.52156272323921
2026-03-19,WS-57c7afe16ae1,AER,strong_4m,17.750076336050903,74.76396467345258
2026-03-20,WS-57c7afe16ae1,AER,strong_4m,19.11719661627584,89.29510368336402
2026-03-21,WS-57c7afe16ae1,AER,strong_4m,18.906727360734713,87.0580232641653
2026-03-22,WS-57c7afe16ae1,AER,strong_4m,18.78613730173604,85.77626997890586
2026-03-23,WS-57c7afe16ae1,AER,strong_4m,18.542865704246285,83.19053304601123
2026-03-24,WS-57c7afe16ae1,AER,strong_4m,18.28518715653761,80.45166445427998
2026-03-25,WS-57c7afe16ae1,AER,strong_4m,18.028983902157684,77.7284767742802
2026-03-26,WS-57c7afe16ae1,AER,strong_4m,17.872861264051966,76.06904724951664
2026-03-27,WS-57c7afe16ae1,AER,strong_4m,19.382446752948077,92.11445079139477
2026-03-28,WS-57c7afe16ae1,AER,strong_4m,19.268145262328463,90.89953878017037
2026-03-29,WS-57c7afe16ae1,AER,strong_4m,19.030139321168136,88.36977057600295
2026-03-30,WS-57c7afe16ae1,AER,strong_4m,18.79490818972894,85.86949585998502
2026-03-31,WS-57c7afe16ae1,AER,strong_4m,18.562592445176797,83.400208828618
2026-04-01,WS-57c7afe16ae1,AER,strong_4m,18.318794570226025,80.80887808583375
2026-04-02,WS-57c7afe16ae1,AER,strong_4m,18.07553241397818,78.22324150402063
2026-04-03,WS-57c7afe16ae1,AER,strong_4m,17.874124383147986,76.08247295860444
2026-04-04,WS-57c7afe16ae1,AER,strong_4m,17.73124926750247,74.56385152014509
2026-04-05,WS-57c7afe16ae1,AER,strong_4m,17.587978306065352,73.04102263168481
2026-04-06,WS-57c7afe16ae1,AER,strong_4m,17.723491470644237,74.48139379774256
2026-04-07,WS-57c7afe16ae1,AER,strong_4m,17.838075137648076,75.69930506537753
2026-04-08,WS-57c7afe16ae1,AER,strong_4m,17.675426741129414,73.97051317066361
2026-04-09,WS-57c7afe16ae1,AER,strong_4m,17.45275038478226,71.60368332028006
2026-04-10,WS-57c7afe16ae1,AER,strong_4m,18.03283702985744,77.76943171806822
2026-04-11,WS-57c7afe16ae1,AER,strong_4m,17.851923108018305,75.84649532022608
2026-04-12,WS-57c7afe16ae1,AER,strong_4m,17.72270524593572,74.47303700522204
2026-04-13,WS-57c7afe16ae1,AER,strong_4m,17.54717171711027,72.60728887379699
2026-04-14,WS-57c7afe16ae1,AER,strong_4m,17.39501042817172,70.98996458018794
2026-04-15,WS-57c7afe16ae1,AER,strong_4m,17.24933052507084,69.44153101985704
2026-04-16,WS-57c7afe16ae1,AER,strong_4m,17.106828192945823,67.92687190222291
2026-04-17,WS-57c7afe16ae1,AER,strong_4m,16.961516952228223,66.38235685909684
2026-04-18,WS-57c7afe16ae1,AER,strong_4m,16.822401098446434,64.90369266324932
2026-04-19,WS-57c7afe16ae1,AER,strong_4m,16.689210953698712,63.4880129048004
2026-04-20,WS-57c7afe16ae1,AER,strong_4m,16.553395455832547,62.044428234350754
2026-04-21,WS-57c7afe16ae1,AER,strong_4m,16.412561000233307,60.54749699772169
2026-04-22,WS-57c7afe16ae1,AER,strong_4m,16.293584636765733,59.28289570297929
2026-04-23,WS-57c7afe16ae1,AER,strong_4m,16.184839504796436,58.127042299182946
2026-04-24,WS-57c7afe16ae1,AER,strong_4m,16.07568285454999,56.96681486233556
2026-04-25,WS-57c7afe16ae1,AER,strong_4m,15.956298917887054,55.69788146686714
2026-04-26,WS-57c7afe16ae1,AER,strong_4m,15.837148307316578,54.431428097430974
2026-04-27,WS-57c7afe16ae1,AER,strong_4m,15.71122379204882,53.092974808002445
2026-04-28,WS-57c7afe16ae1,AER,strong_4m,15.59764567742808,51.88575156955696
2026-04-29,WS-57c7afe16ae1,AER,strong_4m,15.475350556468712,50.58587515882729
2026-04-30,WS-57c7afe16ae1,AER,strong_4m,15.373745577078509,49.505914528461034
2026-05-01,WS-57c7afe16ae1,AER,strong_4m,15.282934776681191,48.54068536518828
2026-05-02,WS-57c7afe16ae1,AER,strong_4m,15.215036648996605,47.81899529433723
2026-05-03,WS-57c7afe16ae1,AER,strong_4m,15.657867887054518,52.525854208822764
2026-05-04,WS-57c7afe16ae1,AER,strong_4m,16.93596258711657,66.11073918425234
2026-05-05,WS-57c7afe16ae1,AER,strong_4m,17.18368393916073,68.74377261543268
2026-05-06,WS-57c7afe16ae1,AER,strong_4m,17.06956098172395,67.53075823570072
2026-05-07,WS-57c7afe16ae1,AER,strong_4m,16.966693973881256,66.43738348871071
2026-05-08,WS-57c7afe16ae1,AER,strong_4m,16.88882662323177,65.60973041897856
2026-05-09,WS-57c7afe16ae1,AER,strong_4m,16.797734803161823,64.64151429399766
2026-05-10,WS-57c7afe16ae1,AER,strong_4m,16.69042208953332,63.50088608313532
2026-05-11,WS-57c7afe16ae1,AER,strong_4m,16.593300384566735,62.46857823417498
2026-05-12,WS-57c7afe16ae1,AER,strong_4m,16.511361781162186,61.597651766641626
2026-05-13,WS-57c7afe16ae1,AER,strong_4m,16.41983389933629,60.62480073565842
2026-05-14,WS-57c7afe16ae1,AER,strong_4m,16.693687222089608,63.53559121899458
2026-05-15,WS-57c7afe16ae1,AER,strong_4m,16.62983901043611,62.856947757631744
2026-05-16,WS-57c7afe16ae1,AER,strong_4m,16.52822665496974,61.77690872685718
2026-05-17,WS-57c7afe16ae1,AER,strong_4m,16.461862495014575,61.07152321869559
2026-05-18,WS-57c7afe16ae1,AER,strong_4m,17.12336416567559,68.10263296866017
2026-05-19,WS-57c7afe16ae1,AER,strong_4m,18.441621531728913,82.11440743652838
2026-05-20,WS-57c7afe16ae1,AER,strong_4m,19.024314018788868,88.30785336222714
2026-05-21,WS-57c7afe16ae1,AER,strong_4m,18.89694376622118,86.95403331247695
2026-05-22,WS-57c7afe16ae1,AER,strong_4m,18.779100830478313,85.70147923557167
2026-05-23,WS-57c7afe16ae1,AER,strong_4m,18.662955396783097,84.46696792972375
2026-05-24,WS-57c7afe16ae1,AER,strong_4m,18.56512240512376,83.42709980537448
2026-05-25,WS-57c7afe16ae1,AER,strong_4m,18.43389076184497,82.03223698418257
2026-05-26,WS-57c7afe16ae1,AER,strong_4m,20.006785440273788,98.7505547143816
2026-05-27,WS-57c7afe16ae1,AER,strong_4m,20.995683103834047,109.26156067605632
2026-05-28,WS-57c7afe16ae1,AER,strong_4m,20.871402960940966,107.9405854417091
2026-05-29,WS-57c7afe16ae1,AER,strong_4m,20.72511836677448,106.3857246122787
2026-05-30,WS-57c7afe16ae1,AER,strong_4m,20.613376714213324,105.19802115264143
2026-05-31,WS-57c7afe16ae1,AER,strong_4m,20.62848837444769,105.35864318327947
2026-06-01,WS-57c7afe16ae1,AER,strong_4m,20.490291855124426,103.88975060519417
2026-06-02,WS-57c7afe16ae1,AER,strong_4m,21.52706419077219,114.90961707111295
2026-06-03,WS-57c7afe16ae1,AER,strong_4m,22.992785337738887,130.4887859594829
2026-06-04,WS-57c7afe16ae1,AER,strong_4m,23.30483045624495,133.80551753018995
2026-06-05,WS-57c7afe16ae1,AER,strong_4m,23.203537173041497,132.72886992259427
2026-06-06,WS-57c7afe16ae1,AER,strong_4m,23.058345079617318,131.1856212975796
2026-06-07,WS-57c7afe16ae1,AER,strong_4m,22.93343878853414,129.8579907260812
2026-06-08,WS-57c7afe16ae1,AER,strong_4m,22.75179499078285,127.92729646779841
2026-06-09,WS-57c7afe16ae1,AER,strong_4m,22.63414305962387,126.6767725810674
2026-06-10,WS-57c7afe16ae1,AER,strong_4m,22.638752374866954,126.72576505196157
2026-06-11,WS-57c7afe16ae1,AER,strong_4m,22.910713006424558,129.6164380962797
2026-06-12,WS-57c7afe16ae1,AER,strong_4m,22.85202261762854,128.99261720028625
2026-06-13,WS-57c7afe16ae1,AER,strong_4m,22.735142295471668,127.75029475554479
2026-06-14,WS-57c7afe16ae1,AER,strong_4m,22.794661777582604,128.38292809502653
2026-06-15,WS-57c7afe16ae1,AER,strong_4m,22.631856606708,126.65246984367057
2026-06-16,WS-57c7afe16ae1,AER,strong_4m,22.46770820244462,124.90773434738063
2026-06-17,WS-57c7afe16ae1,AER,strong_4m,22.704946240784814,127.4293405026144
2026-06-18,WS-57c7afe16ae1,AER,strong_4m,22.56000106017011,125.88871631702155
2026-06-19,WS-57c7afe16ae1,AER,strong_4m,23.325843426603697,134.02886466190236
2026-06-20,WS-57c7afe16ae1,AER,strong_4m,24.375268240318412,145.18321447963018
2026-06-21,WS-57c7afe16ae1,AER,strong_4m,24.49541698409793,146.46027701975947
2026-06-22,WS-57c7afe16ae1,AER,strong_4m,24.5760678127587,147.3175157130085
2026-06-23,WS-57c7afe16ae1,AER,strong_4m,24.414917201615136,145.6046437982754
2026-06-24,WS-57c7afe16ae1,AER,strong_4m,24.230272800171292,143.642056084822
2026-06-25,WS-57c7afe16ae1,AER,strong_4m,24.04811719870098,141.70592185823907
2026-06-26,WS-57c7afe16ae1,AER,strong_4m,23.868416850964728,139.7958845551166
2026-06-27,WS-57c7afe16ae1,AER,strong_4m,23.715494151159632,138.1704672156319
2026-06-28,WS-57c7afe16ae1,AER,strong_4m,23.610339388251614,137.05277589068183
2026-06-29,WS-57c7afe16ae1,AER,strong_4m,23.505558697841074,135.93906058710994
2026-06-30,WS-57c7afe16ae1,AER,strong_4m,23.948876013433484,140.65108602595
2026-07-01,WS-57c7afe16ae1,AER,strong_4m,25.20086749350503,153.95851954098146
2026-07-02,WS-57c7afe16ae1,AER,strong_4m,27.472198516044948,178.1005261394217
2026-07-03,WS-57c7afe16ae1,AER,strong_4m,27.670624733480615,180.20960095198623
2026-07-04,WS-57c7afe16ae1,AER,strong_4m,27.49407639231513,178.33306636717057
2026-07-05,WS-57c7afe16ae1,AER,strong_4m,27.269438037086516,175.94538240548746
2026-07-06,WS-57c7afe16ae1,AER,strong_4m,27.030991128953403,173.41092715770506
2026-07-07,WS-57c7afe16ae1,AER,strong_4m,26.78087301658718,170.7524185302913
2026-07-08,WS-57c7afe16ae1,AER,strong_4m,26.57921257291261,168.60896708551175
2026-07-09,WS-57c7afe16ae1,AER,strong_4m,26.387427407180176,166.5704800967602
2026-07-10,WS-57c7afe16ae1,AER,strong_4m,26.17619577477228,164.32529636405698
2026-07-11,WS-57c7afe16ae1,AER,strong_4m,25.97496857000207,162.18644982115384
2026-07-12,WS-57c7afe16ae1,AER,strong_4m,26.606550298727,168.89954012416078
2026-07-13,WS-57c7afe16ae1,AER,strong_4m,26.717546095067533,170.07931586845356
2026-07-14,WS-57c7afe16ae1,AER,strong_4m,26.700683325236568,169.90008127143219
2026-07-15,WS-57c7afe16ae1,AER,strong_4m,26.631644622896737,169.1662680179276
2026-07-16,WS-57c7afe16ae1,AER,strong_4m,26.387648766775143,166.57283293073698
2026-07-17,WS-57c7afe16ae1,AER,strong_4m,26.14939800227055,164.04046249610022
2026-07-18,WS-57c7afe16ae1,AER,strong_4m,25.884215896224077,161.22183848646418
2026-07-19,WS-57c7afe16ae1,AER,strong_4m,25.616568190672652,158.37700758803598
2026-07-20,WS-57c7afe16ae1,AER,strong_4m,25.362885447037762,155.6806104491041
2026-07-21,WS-57c7afe16ae1,AER,strong_4m,25.117998325424495,153.0777020895602
2026-07-22,WS-57c7afe16ae1,AER,strong_4m,24.897207706750386,150.73091576911298
2026-07-23,WS-57c7afe16ae1,AER,strong_4m,24.786913759471616,149.55859998750822
2026-07-24,WS-57c7afe16ae1,AER,strong_4m,24.577712986102185,147.33500228159747
2026-07-25,WS-57c7afe16ae1,AER,strong_4m,24.36520531279603,145.07625549380458
2026-07-26,WS-57c7afe16ae1,AER,strong_4m,24.15595552809087,142.85213684577724
2026-07-27,WS-57c7afe16ae1,AER,strong_4m,23.937469709319494,140.5298482730857
2026-07-28,WS-57c7afe16ae1,AER,strong_4m,23.734777405222587,138.37542917062981
2026-07-29,WS-57c7afe16ae1,AER,strong_4m,23.739000009123703,138.42031128170555
2026-07-30,WS-57c7afe16ae1,AER,strong_4m,23.551408298578664,136.42639658197737
2026-07-31,WS-57c7afe16ae1,AER,strong_4m,23.34275035605575,134.20856863210324
2026-08-01,WS-57c7afe16ae1,AER,strong_4m,23.119947937990407,131.84039887009865
2026-08-02,WS-57c7afe16ae1,AER,strong_4m,22.924046436852397,129.75815929947478
2026-08-03,WS-57c7afe16ae1,AER,strong_4m,22.759497305510813,128.00916446992596
2026-08-04,WS-57c7afe16ae1,AER,strong_4m,22.60274160860225,126.34300615501964
2026-08-05,WS-57c7afe16ae1,AER,strong_4m,22.551976743680235,125.80342575403266
2026-08-06,WS-57c7afe16ae1,AER,strong_4m,22.440561985538256,124.61919685937359
2026-08-07,WS-57c7afe16ae1,AER,strong_4m,22.271673994396394,122.82408423330435
2026-08-08,WS-57c7afe16ae1,AER,strong_4m,22.089169825087,120.88424507468487
2026-08-09,WS-57c7afe16ae1,AER,strong_4m,22.043208939253574,120.39572622910508
2026-08-10,WS-57c7afe16ae1,AER,strong_4m,24.04103833052658,141.63068047753325
2026-08-11,WS-57c7afe16ae1,AER,strong_4m,24.466708689732638,146.1551361903872
2026-08-12,WS-57c7afe16ae1,AER,strong_4m,24.348542559332508,144.89914687332063
2026-08-13,WS-57c7afe16ae1,AER,strong_4m,24.251624767796336,143.86900642283
2026-08-14,WS-57c7afe16ae1,AER,strong_4m,24.037849972156977,141.5967913754899
2026-08-15,WS-57c7afe16ae1,AER,strong_4m,23.808949524212505,139.16380557561217
2026-08-16,WS-57c7afe16ae1,AER,strong_4m,23.60216618124642,136.96590276849415
2026-08-17,WS-57c7afe16ae1,AER,strong_4m,23.482463970666494,135.69358643547596
2026-08-18,WS-57c7afe16ae1,AER,strong_4m,23.25719624385944,133.2992128752055
2026-08-19,WS-57c7afe16ae1,AER,strong_4m,23.024291652803605,130.823666986791
2026-08-20,WS-57c7afe16ae1,AER,strong_4m,22.82693086140059,128.7259166012057
2026-08-21,WS-57c7afe16ae1,AER,strong_4m,22.904445872612236,129.54982465052962
2026-08-22,WS-57c7afe16ae1,AER,strong_4m,22.661164529892588,126.96398413546137
2026-08-23,WS-57c7afe16ae1,AER,strong_4m,22.450388996251856,124.72364828240985
2026-08-24,WS-57c7afe16ae1,AER,strong_4m,22.21073832586584,122.17639823018717
2026-08-25,WS-57c7afe16ae1,AER,strong_4m,22.797093640872113,128.40877640115153
2026-08-26,WS-57c7afe16ae1,AER,strong_4m,24.536749564393517,146.89960154635835
2026-08-27,WS-57c7afe16ae1,AER,strong_4m,25.36726293470835,155.72713882175398
2026-08-28,WS-57c7afe16ae1,AER,strong_4m,25.09761793148884,152.86107862077006
2026-08-29,WS-57c7afe16ae1,AER,strong_4m,24.803902501641502,149.73917354613727
2026-08-30,WS-57c7afe16ae1,AER,strong_4m,24.496619797366225,146.47306173743019
2026-08-31,WS-57c7afe16ae1,AER,strong_4m,24.176900446908082,143.07476065678097
2026-09-01,WS-57c7afe16ae1,AER,strong_4m,23.892496914906282,140.0518318638967
2026-09-02,WS-57c7afe16ae1,AER,strong_4m,23.61131858219963,137.0631837557264
2026-09-03,WS-57c7afe16ae1,AER,strong_4m,23.793209517371295,138.99650484082315
2026-09-04,WS-57c7afe16ae1,AER,strong_4m,23.57456665692399,136.6725470701421
2026-09-05,WS-57c7afe16ae1,AER,strong_4m,23.460235713020914,135.45732199958962
2026-09-06,WS-57c7afe16ae1,AER,strong_4m,23.718625897523903,138.2037545879438
2026-09-07,WS-57c7afe16ae1,AER,strong_4m,23.453073831873365,135.3811982729265
2026-09-08,WS-57c7afe16ae1,AER,strong_4m,23.13725085874986,132.0243118369897
2026-09-09,WS-57c7afe16ae1,AER,strong_4m,22.929575326032808,129.81692593355453
2026-09-10,WS-57c7afe16ae1,AER,strong_4m,22.62925005360982,126.62476475732652
2026-09-11,WS-57c7afe16ae1,AER,strong_4m,22.363885684331336,123.8042034694575
2026-09-12,WS-57c7afe16ae1,AER,strong_4m,22.08825525336424,120.87452408010213
2026-09-13,WS-57c7afe16ae1,AER,strong_4m,21.819147289082874,118.01417207288635
2026-09-14,WS-57c7afe16ae1,AER,strong_4m,21.576968084546316,115.44004619871566
2026-09-15,WS-57c7afe16ae1,AER,strong_4m,21.364371488466773,113.18035424962281
2026-09-16,WS-57c7afe16ae1,AER,strong_4m,21.072956407222552,110.08289960982499
2026-09-17,WS-57c7afe16ae1,AER,strong_4m,20.808695444854216,107.27406644816968
2026-09-18,WS-57c7afe16ae1,AER,strong_4m,20.527815415211407,104.28858900709466
2026-09-19,WS-57c7afe16ae1,AER,strong_4m,20.236583038048074,101.19307633131821
2026-09-20,WS-57c7afe16ae1,AER,strong_4m,19.940772544095914,98.0489027934184
2026-09-21,WS-57c7afe16ae1,AER,strong_4m,19.628529806118372,94.73007072281196
2026-09-22,WS-57c7afe16ae1,AER,strong_4m,19.425880343181053,92.57610697959134
2026-09-23,WS-57c7afe16ae1,AER,strong_4m,19.195581156471846,90.12825396742592
2026-09-24,WS-57c7afe16ae1,AER,strong_4m,18.943892396441463,87.45305090582552
2026-09-25,WS-57c7afe16ae1,AER,strong_4m,18.71871959058005,85.05968626150495
2026-09-26,WS-57c7afe16ae1,AER,strong_4m,18.447841808441467,82.18052283756346
2026-09-27,WS-57c7afe16ae1,AER,strong_4m,18.297094587083528,80.57822868642288
2026-09-28,WS-57c7afe16ae1,AER,strong_4m,18.093132591191324,78.41031401357421
2025-03-01,WS-a2f10ef43bc1,AOG,strong_4m,17.38382669771714,49.84926398816102
2025-03-02,WS-a2f10ef43bc1,AOG,strong_4m,17.163749641155714,47.510062128570404
2025-03-03,WS-a2f10ef43bc1,AOG,strong_4m,16.98445253056321,45.60431083822565
2025-03-04,WS-a2f10ef43bc1,AOG,strong_4m,16.812347490125063,43.77500415388503
2025-03-05,WS-a2f10ef43bc1,AOG,strong_4m,16.64113346083364,41.95516803846188
2025-03-06,WS-a2f10ef43bc1,AOG,strong_4m,16.49432505315508,40.39473958848678
2025-03-07,WS-a2f10ef43bc1,AOG,strong_4m,16.373320555053496,39.10858122468183
2025-03-08,WS-a2f10ef43bc1,AOG,strong_4m,16.241844474095736,37.71112027226201
2025-03-09,WS-a2f10ef43bc1,AOG,strong_4m,16.10988672543721,36.308539667667006
2025-03-10,WS-a2f10ef43bc1,AOG,strong_4m,15.994473266185786,35.08180852757941
2025-03-11,WS-a2f10ef43bc1,AOG,strong_4m,16.486738532999052,40.3141023683509
2025-03-12,WS-a2f10ef43bc1,AOG,strong_4m,16.362284117040282,38.991274783351095
2025-03-13,WS-a2f10ef43bc1,AOG,strong_4m,16.211565516028635,37.38928483823867
2025-03-14,WS-a2f10ef43bc1,AOG,strong_4m,16.061903840138,35.79852896380654
2025-03-15,WS-a2f10ef43bc1,AOG,strong_4m,15.912053655418188,34.20576942660892
2025-03-16,WS-a2f10ef43bc1,AOG,strong_4m,15.793927809462858,32.950208293423294
2025-03-17,WS-a2f10ef43bc1,AOG,strong_4m,15.686174445169549,31.804896400987563
2025-03-18,WS-a2f10ef43bc1,AOG,strong_4m,15.577795900029159,30.652939453301972
2025-03-19,WS-a2f10ef43bc1,AOG,strong_4m,15.467729129874598,29.483038340266933
2025-03-20,WS-a2f10ef43bc1,AOG,strong_4m,15.422208991127938,28.99920420113081
2025-03-21,WS-a2f10ef43bc1,AOG,strong_4m,15.647456257649779,31.393360288767013
2025-03-22,WS-a2f10ef43bc1,AOG,strong_4m,16.021298936436036,35.36693892106335
2025-03-23,WS-a2f10ef43bc1,AOG,strong_4m,15.91697470621429,34.25807533869828
2025-03-24,WS-a2f10ef43bc1,AOG,strong_4m,15.793962826391589,32.95058048880831
2025-03-25,WS-a2f10ef43bc1,AOG,strong_4m,15.68922326612934,31.837302358110605
2025-03-26,WS-a2f10ef43bc1,AOG,strong_4m,15.580734294265888,30.68417168336791
2025-03-27,WS-a2f10ef43bc1,AOG,strong_4m,15.491627976370737,29.73705948649323
2025-03-28,WS-a2f10ef43bc1,AOG,strong_4m,15.43214859578076,29.104852386592572
2025-03-29,WS-a2f10ef43bc1,AOG,strong_4m,16.546117687441516,40.945244163242926
2025-03-30,WS-a2f10ef43bc1,AOG,strong_4m,17.419044495037717,50.22359440801551
2025-03-31,WS-a2f10ef43bc1,AOG,strong_4m,17.486658011004813,50.942259337267494
2025-04-01,WS-a2f10ef43bc1,AOG,strong_4m,17.32706088033111,49.24589938639248
2025-04-02,WS-a2f10ef43bc1,AOG,strong_4m,17.18856095284891,47.773781879090635
2025-04-03,WS-a2f10ef43bc1,AOG,strong_4m,17.058575768021385,46.39216768077956
2025-04-04,WS-a2f10ef43bc1,AOG,strong_4m,16.93447375770776,45.07308581990624
2025-04-05,WS-a2f10ef43bc1,AOG,strong_4m,16.795327795336544,43.594101599475124
2025-04-06,WS-a2f10ef43bc1,AOG,strong_4m,16.686694416085643,42.43943601675729
2025-04-07,WS-a2f10ef43bc1,AOG,strong_4m,16.571223173960085,41.21209070175871
2025-04-08,WS-a2f10ef43bc1,AOG,strong_4m,16.462865049024177,40.06035080068873
2025-04-09,WS-a2f10ef43bc1,AOG,strong_4m,16.34102811190369,38.765344431864825
2025-04-10,WS-a2f10ef43bc1,AOG,strong_4m,16.242652822455064,37.71971221735106
2025-04-11,WS-a2f10ef43bc1,AOG,strong_4m,16.12966150497427,36.518726053239504
2025-04-12,WS-a2f10ef43bc1,AOG,strong_4m,16.025283707817874,35.409293107238305
2025-04-13,WS-a2f10ef43bc1,AOG,strong_4m,15.928940413899774,34.385258999305755
2025-04-14,WS-a2f10ef43bc1,AOG,strong_4m,15.840106230891514,33.44103932763752
2025-04-15,WS-a2f10ef43bc1,AOG,strong_4m,15.762897795699178,32.620389878758765
2025-04-16,WS-a2f10ef43bc1,AOG,strong_4m,15.681610120188182,31.75638213216276
2025-04-17,WS-a2f10ef43bc1,AOG,strong_4m,15.598113700472634,30.868897615060188
2025-04-18,WS-a2f10ef43bc1,AOG,strong_4m,15.516950726028735,30.006215317707298
2025-04-19,WS-a2f10ef43bc1,AOG,strong_4m,15.43530838391904,29.138437815280422
2025-04-20,WS-a2f10ef43bc1,AOG,strong_4m,15.362697483594758,28.36665562353838
2025-04-21,WS-a2f10ef43bc1,AOG,strong_4m,15.688339856383518,31.827912584580847
2025-04-22,WS-a2f10ef43bc1,AOG,strong_4m,15.787755854280775,32.88460650255594
2025-04-23,WS-a2f10ef43bc1,AOG,strong_4m,15.733090741275536,32.303570314620146
2025-04-24,WS-a2f10ef43bc1,AOG,strong_4m,15.702704294083794,31.980592377311023
2025-04-25,WS-a2f10ef43bc1,AOG,strong_4m,15.642045484290936,31.335849109271148
2025-04-26,WS-a2f10ef43bc1,AOG,strong_4m,15.601902903726995,30.909173105097455
2025-04-27,WS-a2f10ef43bc1,AOG,strong_4m,15.664591945043764,31.57549573006954
2025-04-28,WS-a2f10ef43bc1,AOG,strong_4m,15.612954937926087,31.02664531848814
2025-04-29,WS-a2f10ef43bc1,AOG,strong_4m,15.565469673574839,30.521923834072084
2025-04-30,WS-a2f10ef43bc1,AOG,strong_4m,16.490549162277556,40.35460559587384
2025-05-01,WS-a2f10ef43bc1,AOG,strong_4m,16.41585463187071,39.560676473234146
2025-05-02,WS-a2f10ef43bc1,AOG,strong_4m,16.328139702955017,38.628353367685065
2025-05-03,WS-a2f10ef43bc1,AOG,strong_4m,16.24779761014807,37.774396231789964
2025-05-04,WS-a2f10ef43bc1,AOG,strong_4m,16.17096109806971,36.95769995846449
2025-05-05,WS-a2f10ef43bc1,AOG,strong_4m,16.102554084730027,36.23060093545223
2025-05-06,WS-a2f10ef43bc1,AOG,strong_4m,16.02719901393266,35.4296509205215
2025-05-07,WS-a2f10ef43bc1,AOG,strong_4m,15.951887711618664,34.62916612136243
2025-05-08,WS-a2f10ef43bc1,AOG,strong_4m,15.883034336889548,33.89732271741141
2025-05-09,WS-a2f10ef43bc1,AOG,strong_4m,15.815636090706086,33.18094589345339
2025-05-10,WS-a2f10ef43bc1,AOG,strong_4m,15.757257980333694,32.56044420883383
2025-05-11,WS-a2f10ef43bc1,AOG,strong_4m,15.704443801128296,31.9990816200192
2025-05-12,WS-a2f10ef43bc1,AOG,strong_4m,15.718999891632734,32.153798492865256
2025-05-13,WS-a2f10ef43bc1,AOG,strong_4m,15.671261681403791,31.646388443467877
2025-05-14,WS-a2f10ef43bc1,AOG,strong_4m,16.003926280927423,35.18228474262822
2025-05-15,WS-a2f10ef43bc1,AOG,strong_4m,15.938805480000571,34.49011491354108
2025-05-16,WS-a2f10ef43bc1,AOG,strong_4m,15.892107315353833,33.99375952198925
2025-05-17,WS-a2f10ef43bc1,AOG,strong_4m,15.843193711224991,33.473856195739856
2025-05-18,WS-a2f10ef43bc1,AOG,strong_4m,15.779702570971711,32.79900805087404
2025-05-19,WS-a2f10ef43bc1,AOG,strong_4m,15.754239456649003,32.52836028183673
2025-05-20,WS-a2f10ef43bc1,AOG,strong_4m,15.702966592715871,31.983380352838807
2025-05-21,WS-a2f10ef43bc1,AOG,strong_4m,15.659874367668309,31.52535253958049
2025-05-22,WS-a2f10ef43bc1,AOG,strong_4m,15.895786881070997,34.03286967323609
2025-05-23,WS-a2f10ef43bc1,AOG,strong_4m,20.275321362733056,80.58299790428038
2025-05-24,WS-a2f10ef43bc1,AOG,strong_4m,20.611876283778685,84.16024448084288
2025-05-25,WS-a2f10ef43bc1,AOG,strong_4m,20.467659061630716,82.62735777513865
2025-05-26,WS-a2f10ef43bc1,AOG,strong_4m,20.375247594436466,81.64511510393156
2025-05-27,WS-a2f10ef43bc1,AOG,strong_4m,20.758041837271747,85.7138400254272
2025-05-28,WS-a2f10ef43bc1,AOG,strong_4m,20.642810969010377,84.48904964731702
2025-05-29,WS-a2f10ef43bc1,AOG,strong_4m,20.521239716351563,83.19686724204715
2025-05-30,WS-a2f10ef43bc1,AOG,strong_4m,20.390100562185644,81.80298748882338
2025-05-31,WS-a2f10ef43bc1,AOG,strong_4m,20.26864902621974,80.51207755381937
2025-06-01,WS-a2f10ef43bc1,AOG,strong_4m,20.167544852792247,79.43743999646018
2025-06-02,WS-a2f10ef43bc1,AOG,strong_4m,20.071427123530192,78.41580341815258
2025-06-03,WS-a2f10ef43bc1,AOG,strong_4m,19.955004483459298,77.17834568217874
2025-06-04,WS-a2f10ef43bc1,AOG,strong_4m,19.829818507693982,75.84774233860324
2025-06-05,WS-a2f10ef43bc1,AOG,strong_4m,19.717208625226938,74.65081045214977
2025-06-06,WS-a2f10ef43bc1,AOG,strong_4m,19.640553833110506,73.83604568263257
2025-06-07,WS-a2f10ef43bc1,AOG,strong_4m,19.75194315637018,75.02000422960111
2025-06-08,WS-a2f10ef43bc1,AOG,strong_4m,20.726433804793764,85.37787784242765
2025-06-09,WS-a2f10ef43bc1,AOG,strong_4m,21.52713291593851,93.88851897434213
2025-06-10,WS-a2f10ef43bc1,AOG,strong_4m,21.413529667294128,92.68102858603669
2025-06-11,WS-a2f10ef43bc1,AOG,strong_4m,21.28441427570459,91.30865943121879
2025-06-12,WS-a2f10ef43bc1,AOG,strong_4m,21.178113069255332,90.17878254315059
2025-06-13,WS-a2f10ef43bc1,AOG,strong_4m,21.07725599444383,89.10677140015312
2025-06-14,WS-a2f10ef43bc1,AOG,strong_4m,20.966473087025317,87.92925845494561
2025-06-15,WS-a2f10ef43bc1,AOG,strong_4m,20.98262029030204,88.10088728587537
2025-06-16,WS-a2f10ef43bc1,AOG,strong_4m,21.231351748630352,90.74465714971795
2025-06-17,WS-a2f10ef43bc1,AOG,strong_4m,21.167047273307702,90.06116405595803
2025-06-18,WS-a2f10ef43bc1,AOG,strong_4m,21.0498283521608,88.81524263820448
2025-06-19,WS-a2f10ef43bc1,AOG,strong_4m,20.938297362432017,87.62977831651706
2025-06-20,WS-a2f10ef43bc1,AOG,strong_4m,20.8282550361934,86.46013701817844
2025-06-21,WS-a2f10ef43bc1,AOG,strong_4m,20.703847586870335,85.13780864215249
2025-06-22,WS-a2f10ef43bc1,AOG,strong_4m,20.58913871089818,83.91856652678587
2025-06-23,WS-a2f10ef43bc1,AOG,strong_4m,20.516119593762042,83.14244539330983
2025-06-24,WS-a2f10ef43bc1,AOG,strong_4m,21.970310400577997,98.59905814818845
2025-06-25,WS-a2f10ef43bc1,AOG,strong_4m,22.56252651693559,104.89373085195832
2025-06-26,WS-a2f10ef43bc1,AOG,strong_4m,23.233193226121795,112.02225591406999
2025-06-27,WS-a2f10ef43bc1,AOG,strong_4m,23.077133268007913,110.36349261574435
2025-06-28,WS-a2f10ef43bc1,AOG,strong_4m,22.918331291880776,108.67558437275318
2025-06-29,WS-a2f10ef43bc1,AOG,strong_4m,22.77688481060647,107.17214790736654
2025-06-30,WS-a2f10ef43bc1,AOG,strong_4m,22.647208634014525,105.79381816155855
2025-07-01,WS-a2f10ef43bc1,AOG,strong_4m,22.538574808215994,104.63914783248023
2025-07-02,WS-a2f10ef43bc1,AOG,strong_4m,22.970847212610117,109.2337767683967
2025-07-03,WS-a2f10ef43bc1,AOG,strong_4m,22.80291221451136,107.44879351761733
2025-07-04,WS-a2f10ef43bc1,AOG,strong_4m,23.03774644183504,109.94484953469588
2025-07-05,WS-a2f10ef43bc1,AOG,strong_4m,22.92988385133138,108.79837667546802
2025-07-06,WS-a2f10ef43bc1,AOG,strong_4m,22.818164810424125,107.61091355539041
2025-07-07,WS-a2f10ef43bc1,AOG,strong_4m,23.68863881398307,116.86319291456137
2025-07-08,WS-a2f10ef43bc1,AOG,strong_4m,23.561878905159602,115.51586021630426
2025-07-09,WS-a2f10ef43bc1,AOG,strong_4m,23.420807533689313,114.01641079784024
2025-07-10,WS-a2f10ef43bc1,AOG,strong_4m,23.802386076494074,118.072214028104
2025-07-11,WS-a2f10ef43bc1,AOG,strong_4m,24.319637209454687,123.57008296092987
2025-07-12,WS-a2f10ef43bc1,AOG,strong_4m,24.16543225304795,121.93103649956443
2025-07-13,WS-a2f10ef43bc1,AOG,strong_4m,24.01789811353604,120.36289423661555
2025-07-14,WS-a2f10ef43bc1,AOG,strong_4m,23.948433590201795,119.62455492629452
2025-07-15,WS-a2f10ef43bc1,AOG,strong_4m,23.814643996405486,118.20250361621237
2025-07-16,WS-a2f10ef43bc1,AOG,strong_4m,23.64299410116032,116.37803467597116
2025-07-17,WS-a2f10ef43bc1,AOG,strong_4m,23.475537803372767,114.59813953694527
2025-07-18,WS-a2f10ef43bc1,AOG,strong_4m,23.294902358961856,112.67816307926284
2025-07-19,WS-a2f10ef43bc1,AOG,strong_4m,23.11729327956955,110.79035389421635
2025-07-20,WS-a2f10ef43bc1,AOG,strong_4m,22.942659861496722,108.93417305153676
2025-07-21,WS-a2f10ef43bc1,AOG,strong_4m,22.78092710524387,107.21511350896334
2025-07-22,WS-a2f10ef43bc1,AOG,strong_4m,22.646290218957922,105.7840563161311
2025-07-23,WS-a2f10ef43bc1,AOG,strong_4m,24.155362135479614,121.82400109064814
2025-07-24,WS-a2f10ef43bc1,AOG,strong_4m,23.994916112598702,120.11861825360441
2025-07-25,WS-a2f10ef43bc1,AOG,strong_4m,23.844075468800067,118.51533111414231
2025-07-26,WS-a2f10ef43bc1,AOG,strong_4m,25.00607654040798,130.86625542229646
2025-07-27,WS-a2f10ef43bc1,AOG,strong_4m,25.916712839003477,140.5454203310236
2025-07-28,WS-a2f10ef43bc1,AOG,strong_4m,26.46177109574281,146.33885153948765
2025-07-29,WS-a2f10ef43bc1,AOG,strong_4m,26.85338508870743,150.50132169833796
2025-07-30,WS-a2f10ef43bc1,AOG,strong_4m,26.720086747964167,149.0844919232635
2025-07-31,WS-a2f10ef43bc1,AOG,strong_4m,26.44413816785242,146.15143092256514
2025-08-01,WS-a2f10ef43bc1,AOG,strong_4m,26.233840944611032,143.91617903688896
2025-08-02,WS-a2f10ef43bc1,AOG,strong_4m,26.17238256085008,143.2629370868771
2025-08-03,WS-a2f10ef43bc1,AOG,strong_4m,25.90720941264556,140.44440829025817
2025-08-04,WS-a2f10ef43bc1,AOG,strong_4m,25.653683320089993,137.74967619765948
2025-08-05,WS-a2f10ef43bc1,AOG,strong_4m,25.55738291384262,136.72609794332965
2025-08-06,WS-a2f10ef43bc1,AOG,strong_4m,25.31979669954592,134.20079102138425
2025-08-07,WS-a2f10ef43bc1,AOG,strong_4m,25.120551015522295,132.0830060879358
2025-08-08,WS-a2f10ef43bc1,AOG,strong_4m,24.906307760461797,129.80581177939422
2025-08-09,WS-a2f10ef43bc1,AOG,strong_4m,24.70764421745219,127.69421443025745
2025-08-10,WS-a2f10ef43bc1,AOG,strong_4m,24.48882706687119,125.36840412750766
2025-08-11,WS-a2f10ef43bc1,AOG,strong_4m,24.273995431103913,123.08495591287998
2025-08-12,WS-a2f10ef43bc1,AOG,strong_4m,24.05180610861786,120.72330275165878
2025-08-13,WS-a2f10ef43bc1,AOG,strong_4m,23.883624585963602,118.93569918821407
2025-08-14,WS-a2f10ef43bc1,AOG,strong_4m,23.709855156308073,117.08870168951402
2025-08-15,WS-a2f10ef43bc1,AOG,strong_4m,23.525293960544825,115.12699837030794
2025-08-16,WS-a2f10ef43bc1,AOG,strong_4m,23.35572257879074,113.32462197664783
2025-08-17,WS-a2f10ef43bc1,AOG,strong_4m,23.241848622030776,112.11425422830649
2025-08-18,WS-a2f10ef43bc1,AOG,strong_4m,23.02919723827692,109.85397994032003
2025-08-19,WS-a2f10ef43bc1,AOG,strong_4m,22.825862542675186,107.69273285031217
2025-08-20,WS-a2f10ef43bc1,AOG,strong_4m,22.73144751005494,106.68919425646995
2025-08-21,WS-a2f10ef43bc1,AOG,strong_4m,22.692130705393595,106.27129543496643
2025-08-22,WS-a2f10ef43bc1,AOG,strong_4m,22.531766170100006,104.56677873053457
2025-08-23,WS-a2f10ef43bc1,AOG,strong_4m,22.333430371099375,102.45866497667683
2025-08-24,WS-a2f10ef43bc1,AOG,strong_4m,22.10156548329475,99.99417010746737
2025-08-25,WS-a2f10ef43bc1,AOG,strong_4m,21.88443400867774,97.68627687617999
2025-08-26,WS-a2f10ef43bc1,AOG,strong_4m,21.690203809657774,95.62180159722537
2025-08-27,WS-a2f10ef43bc1,AOG,strong_4m,22.821070502909716,107.6417981981237
2025-08-28,WS-a2f10ef43bc1,AOG,strong_4m,23.487858463051303,114.72909598684386
2025-08-29,WS-a2f10ef43bc1,AOG,strong_4m,24.18858863387546,122.17716596866694
2025-08-30,WS-a2f10ef43bc1,AOG,strong_4m,25.284319956947034,133.8237082688422
2025-08-31,WS-a2f10ef43bc1,AOG,strong_4m,25.012110524037126,130.93039071175627
2025-09-01,WS-a2f10ef43bc1,AOG,strong_4m,24.745786358705217,128.09962773931332
2025-09-02,WS-a2f10ef43bc1,AOG,strong_4m,24.508679803009926,125.57941911480026
2025-09-03,WS-a2f10ef43bc1,AOG,strong_4m,24.21874292792593,122.49767634725704
2025-09-04,WS-a2f10ef43bc1,AOG,strong_4m,23.885445406259358,118.95505271051375
2025-09-05,WS-a2f10ef43bc1,AOG,strong_4m,23.627141487336697,116.20953704012042
2025-09-06,WS-a2f10ef43bc1,AOG,strong_4m,23.342876164857756,113.18807727802898
2025-09-07,WS-a2f10ef43bc1,AOG,strong_4m,23.09709489478942,110.57566500307688
2025-09-08,WS-a2f10ef43bc1,AOG,strong_4m,23.142113906787987,111.05417265957396
2025-09-09,WS-a2f10ef43bc1,AOG,strong_4m,22.80328693489436,107.45277642537896
2025-09-10,WS-a2f10ef43bc1,AOG,strong_4m,23.101447067866594,110.62192430658834
2025-09-11,WS-a2f10ef43bc1,AOG,strong_4m,26.351452458594025,145.16627332893748
2025-09-12,WS-a2f10ef43bc1,AOG,strong_4m,26.092990440182668,142.4190772170491
2025-09-13,WS-a2f10ef43bc1,AOG,strong_4m,25.79025626412109,139.20131177312047
2025-09-14,WS-a2f10ef43bc1,AOG,strong_4m,25.500735129143564,136.12398791250627
2025-09-15,WS-a2f10ef43bc1,AOG,strong_4m,25.149059335330925,132.38602138517803
2025-09-16,WS-a2f10ef43bc1,AOG,strong_4m,24.87977428657063,129.52378714476225
2025-09-17,WS-a2f10ef43bc1,AOG,strong_4m,24.99922899219067,130.7934727443843
2025-09-18,WS-a2f10ef43bc1,AOG,strong_4m,24.673301024716416,127.32918019376315
2025-09-19,WS-a2f10ef43bc1,AOG,strong_4m,24.40264280105857,124.4523504597322
2025-09-20,WS-a2f10ef43bc1,AOG,strong_4m,25.16898733405381,132.59783633944375
2025-09-21,WS-a2f10ef43bc1,AOG,strong_4m,24.887129752076973,129.60196848206027
2025-09-22,WS-a2f10ef43bc1,AOG,strong_4m,24.54043621234202,125.91695839728709
2025-09-23,WS-a2f10ef43bc1,AOG,strong_4m,24.74845651995642,128.12800891753253
2025-09-24,WS-a2f10ef43bc1,AOG,strong_4m,24.4761002600507,125.23313073442306
2025-09-25,WS-a2f10ef43bc1,AOG,strong_4m,24.146827296821574,121.73328418097961
2025-09-26,WS-a2f10ef43bc1,AOG,strong_4m,23.7431551083017,117.44264730676664
2025-09-27,WS-a2f10ef43bc1,AOG,strong_4m,23.326825943517115,113.01747926934296
2025-09-28,WS-a2f10ef43bc1,AOG,strong_4m,23.003799463647447,109.58402666772093
2025-09-29,WS-a2f10ef43bc1,AOG,strong_4m,22.690586475592248,106.25488179658272
2025-09-30,WS-a2f10ef43bc1,AOG,strong_4m,22.40634788326504,103.23370614961723
2025-10-01,WS-a2f10ef43bc1,AOG,strong_4m,22.09710606299196,99.94677087181795
2025-10-02,WS-a2f10ef43bc1,AOG,strong_4m,21.86177371560779,97.44542033022148
2025-10-03,WS-a2f10ef43bc1,AOG,strong_4m,21.724545340386577,95.9868181682262
2025-10-04,WS-a2f10ef43bc1,AOG,strong_4m,21.45898517895664,93.16417580306575
2025-10-05,WS-a2f10ef43bc1,AOG,strong_4m,21.17564173332199,90.15251468178754
2025-10-06,WS-a2f10ef43bc1,AOG,strong_4m,20.917967879177237,87.41369597800748
2025-10-07,WS-a2f10ef43bc1,AOG,strong_4m,20.740795733462804,85.53053096663257
2025-10-08,WS-a2f10ef43bc1,AOG,strong_4m,20.48066875716373,82.7656379959805
2025-10-09,WS-a2f10ef43bc1,AOG,strong_4m,21.503179861332562,93.63392164942077
2025-10-10,WS-a2f10ef43bc1,AOG,strong_4m,21.386650498070516,92.39532955127805
2025-10-11,WS-a2f10ef43bc1,AOG,strong_4m,21.02527128255811,88.55422523012822
2025-10-12,WS-a2f10ef43bc1,AOG,strong_4m,20.78027436739627,85.95014987354702
2025-10-13,WS-a2f10ef43bc1,AOG,strong_4m,20.483455019841934,82.7952532177578
2025-10-14,WS-a2f10ef43bc1,AOG,strong_4m,20.22027487900117,79.99790812199491
2025-10-15,WS-a2f10ef43bc1,AOG,strong_4m,19.944010940783304,77.06149517593802
2025-10-16,WS-a2f10ef43bc1,AOG,strong_4m,19.649662196216852,73.93285859102518
2025-10-17,WS-a2f10ef43bc1,AOG,strong_4m,19.387573372665916,71.14711312074644
2025-10-18,WS-a2f10ef43bc1,AOG,strong_4m,19.135359897734414,68.46633285772563
2025-10-19,WS-a2f10ef43bc1,AOG,strong_4m,18.911457593848674,66.08647239521545
2025-10-20,WS-a2f10ef43bc1,AOG,strong_4m,18.601541522503908,62.79237049411904
2025-10-21,WS-a2f10ef43bc1,AOG,strong_4m,18.568026677151945,62.43614077260184
2025-10-22,WS-a2f10ef43bc1,AOG,strong_4m,18.67464470843488,63.56938519589464
2025-10-23,WS-a2f10ef43bc1,AOG,strong_4m,18.59091872231456,62.67946061452853
2025-10-24,WS-a2f10ef43bc1,AOG,strong_4m,18.54032112321891,62.14165808415744
2025-10-25,WS-a2f10ef43bc1,AOG,strong_4m,18.357017709293213,60.19332374425036
2025-10-26,WS-a2f10ef43bc1,AOG,strong_4m,18.242846735449938,58.97979899751727
2025-10-27,WS-a2f10ef43bc1,AOG,strong_4m,19.15659015200485,68.69198950292491
2025-10-28,WS-a2f10ef43bc1,AOG,strong_4m,19.20044193942094,69.15809071434977
2025-10-29,WS-a2f10ef43bc1,AOG,strong_4m,19.043936553098415,67.49459295387595
2025-10-30,WS-a2f10ef43bc1,AOG,strong_4m,18.870847250915325,65.65482453881214
2025-10-31,WS-a2f10ef43bc1,AOG,strong_4m,18.68920454063584,63.72414183928109
2025-11-01,WS-a2f10ef43bc1,AOG,strong_4m,18.803749099249874,64.94163742333873
2025-11-02,WS-a2f10ef43bc1,AOG,strong_4m,18.540827700426497,62.14704249980043
2025-11-03,WS-a2f10ef43bc1,AOG,strong_4m,18.354663071992317,60.16829627414975
2025-11-04,WS-a2f10ef43bc1,AOG,strong_4m,18.462395418647628,61.31338476984139
2025-11-05,WS-a2f10ef43bc1,AOG,strong_4m,19.506007556533984,72.40595158156506
2025-11-06,WS-a2f10ef43bc1,AOG,strong_4m,19.24270150459788,69.60726817515334
2025-11-07,WS-a2f10ef43bc1,AOG,strong_4m,18.967264706935012,66.67964691667454
2025-11-08,WS-a2f10ef43bc1,AOG,strong_4m,18.727835356860904,64.1347492808885
2025-11-09,WS-a2f10ef43bc1,AOG,strong_4m,18.503416748641783,61.749401012990404
2025-11-10,WS-a2f10ef43bc1,AOG,strong_4m,18.290172013786613,59.482819988530466
2025-11-11,WS-a2f10ef43bc1,AOG,strong_4m,18.092924726114607,57.38627603555924
2025-11-12,WS-a2f10ef43bc1,AOG,strong_4m,17.947550012029293,55.84108633319285
2025-11-13,WS-a2f10ef43bc1,AOG,strong_4m,17.713803058056847,53.35658695852325
2025-11-14,WS-a2f10ef43bc1,AOG,strong_4m,17.468470211460772,50.748940982414766
2025-11-15,WS-a2f10ef43bc1,AOG,strong_4m,17.674629246364294,52.940208011120795
2025-11-16,WS-a2f10ef43bc1,AOG,strong_4m,17.54786053507204,51.592781751309936
2025-11-17,WS-a2f10ef43bc1,AOG,strong_4m,17.420637700812243,50.240528612646926
2025-11-18,WS-a2f10ef43bc1,AOG,strong_4m,17.219323915274856,48.10076180165791
2025-11-19,WS-a2f10ef43bc1,AOG,strong_4m,17.015775189695436,45.93723978426951
2025-11-20,WS-a2f10ef43bc1,AOG,strong_4m,16.810865951480004,43.75925686060636
2025-11-21,WS-a2f10ef43bc1,AOG,strong_4m,16.711838356452215,42.70669128171723
2025-11-22,WS-a2f10ef43bc1,AOG,strong_4m,16.624969113583077,41.783356984014084
2025-11-23,WS-a2f10ef43bc1,AOG,strong_4m,18.14626629303323,57.95324423514843
2025-11-24,WS-a2f10ef43bc1,AOG,strong_4m,18.04205872842633,56.845620693101324
2025-11-25,WS-a2f10ef43bc1,AOG,strong_4m,17.811914699069874,54.39941685043022
2025-11-26,WS-a2f10ef43bc1,AOG,strong_4m,17.798852074754887,54.26057404888529
2025-11-27,WS-a2f10ef43bc1,AOG,strong_4m,17.527004379413036,51.37110140505431
2025-11-28,WS-a2f10ef43bc1,AOG,strong_4m,17.302560605426745,48.98548564989389
2025-11-29,WS-a2f10ef43bc1,AOG,strong_4m,17.12890915261236,47.139742128553
2025-11-30,WS-a2f10ef43bc1,AOG,strong_4m,17.21087066610759,48.01091210773433
2025-12-01,WS-a2f10ef43bc1,AOG,strong_4m,17.128875467752028,47.139384091740084
2025-12-02,WS-a2f10ef43bc1,AOG,strong_4m,17.307852937602632,49.04173791653557
2025-12-03,WS-a2f10ef43bc1,AOG,strong_4m,17.100322269080735,46.835891776490456
2025-12-04,WS-a2f10ef43bc1,AOG,strong_4m,16.878538504180362,44.47854929205406
2025-12-05,WS-a2f10ef43bc1,AOG,strong_4m,16.6170075558592,41.69873348475472
2025-12-06,WS-a2f10ef43bc1,AOG,strong_4m,16.379458258454157,39.17381895292468
2025-12-07,WS-a2f10ef43bc1,AOG,strong_4m,16.216608076956813,37.442882283081794
2025-12-08,WS-a2f10ef43bc1,AOG,strong_4m,16.065017581606767,35.83162496185297
2025-12-09,WS-a2f10ef43bc1,AOG,strong_4m,15.874016103280042,33.80146779659785
2025-12-10,WS-a2f10ef43bc1,AOG,strong_4m,15.709312052482666,32.05082632616451
2025-12-11,WS-a2f10ef43bc1,AOG,strong_4m,15.604497707149136,30.93675330398406
2025-12-12,WS-a2f10ef43bc1,AOG,strong_4m,15.511825088274076,29.951734848208933
2025-12-13,WS-a2f10ef43bc1,AOG,strong_4m,15.442672734596638,29.216713593177808
2025-12-14,WS-a2f10ef43bc1,AOG,strong_4m,15.829586268298083,33.329222510174276
2025-12-15,WS-a2f10ef43bc1,AOG,strong_4m,15.685494609114702,31.79767041483269
2025-12-16,WS-a2f10ef43bc1,AOG,strong_4m,15.542201002120674,30.274600826457302
2025-12-17,WS-a2f10ef43bc1,AOG,strong_4m,15.38220748446685,28.574027673281673
2025-12-18,WS-a2f10ef43bc1,AOG,strong_4m,15.228584601936753,26.94116808262384
2025-12-19,WS-a2f10ef43bc1,AOG,strong_4m,15.089907835579726,25.46717095265117
2025-12-20,WS-a2f10ef43bc1,AOG,strong_4m,15.398910217542397,28.751561237575153
2025-12-21,WS-a2f10ef43bc1,AOG,strong_4m,16.444856346257772,39.8689360677848
2025-12-22,WS-a2f10ef43bc1,AOG,strong_4m,18.76981977000925,64.58100214724767
2025-12-23,WS-a2f10ef43bc1,AOG,strong_4m,18.455136611212325,61.23623081242134
2025-12-24,WS-a2f10ef43bc1,AOG,strong_4m,18.165162377718513,58.15409096186054
2025-12-25,WS-a2f10ef43bc1,AOG,strong_4m,17.88712059832528,55.19878131912634
2025-12-26,WS-a2f10ef43bc1,AOG,strong_4m,17.638371794601515,52.55482709085281
2025-12-27,WS-a2f10ef43bc1,AOG,strong_4m,17.39672542875382,49.98636476594677
2025-12-28,WS-a2f10ef43bc1,AOG,strong_4m,17.155445972431448,47.421802327095804
2025-12-29,WS-a2f10ef43bc1,AOG,strong_4m,16.93305887654576,45.05804702987081
2025-12-30,WS-a2f10ef43bc1,AOG,strong_4m,16.70112742348841,42.592844637735524
2025-12-31,WS-a2f10ef43bc1,AOG,strong_4m,16.509186244758837,40.55269938483448
2026-01-01,WS-a2f10ef43bc1,AOG,strong_4m,17.585205536519073,51.98972225113404
2026-01-02,WS-a2f10ef43bc1,AOG,strong_4m,17.358058966728073,49.575378444666285
2026-01-03,WS-a2f10ef43bc1,AOG,strong_4m,17.118763302518186,47.031901757647304
2026-01-04,WS-a2f10ef43bc1,AOG,strong_4m,16.949883918908753,45.236880621150746
2026-01-05,WS-a2f10ef43bc1,AOG,strong_4m,16.79821475540257,43.62478713508035
2026-01-06,WS-a2f10ef43bc1,AOG,strong_4m,16.57765547620438,41.2804597248927
2026-01-07,WS-a2f10ef43bc1,AOG,strong_4m,16.350048916080144,38.861226675267496
2026-01-08,WS-a2f10ef43bc1,AOG,strong_4m,16.10909293598237,36.30010246936065
2026-01-09,WS-a2f10ef43bc1,AOG,strong_4m,15.880693087222653,33.8724375446445
2026-01-10,WS-a2f10ef43bc1,AOG,strong_4m,15.63345023612208,31.244490106136617
2026-01-11,WS-a2f10ef43bc1,AOG,strong_4m,15.496940971498667,29.793531379917443
2026-01-12,WS-a2f10ef43bc1,AOG,strong_4m,15.349038223661598,28.221471174348153
2026-01-13,WS-a2f10ef43bc1,AOG,strong_4m,15.20377123478071,26.67742648456259
2026-01-14,WS-a2f10ef43bc1,AOG,strong_4m,15.075001819592902,25.3087347173604
2026-01-15,WS-a2f10ef43bc1,AOG,strong_4m,15.28897373431386,27.583044945949496
2026-01-16,WS-a2f10ef43bc1,AOG,strong_4m,15.24920331088624,27.1603246047556
2026-01-17,WS-a2f10ef43bc1,AOG,strong_4m,15.17570374970192,26.37909682532341
2026-01-18,WS-a2f10ef43bc1,AOG,strong_4m,15.106909181807964,25.64787847997824
2026-01-19,WS-a2f10ef43bc1,AOG,strong_4m,15.014814289900173,24.669000691555187
2026-01-20,WS-a2f10ef43bc1,AOG,strong_4m,14.908163219988264,23.535405100250863
2026-01-21,WS-a2f10ef43bc1,AOG,strong_4m,14.791327419579183,22.293555877738207
2026-01-22,WS-a2f10ef43bc1,AOG,strong_4m,14.689842644070144,21.21487289596804
2026-01-23,WS-a2f10ef43bc1,AOG,strong_4m,14.590354355110225,20.157410595359806
2026-01-24,WS-a2f10ef43bc1,AOG,strong_4m,14.486596251121469,19.054564375993237
2026-01-25,WS-a2f10ef43bc1,AOG,strong_4m,14.388514929483868,18.012056749116873
2026-01-26,WS-a2f10ef43bc1,AOG,strong_4m,14.294975142224256,17.01782114944945
2026-01-27,WS-a2f10ef43bc1,AOG,strong_4m,14.201144604520724,16.02049515958086
2026-01-28,WS-a2f10ef43bc1,AOG,strong_4m,14.103277744416452,14.98026704709555
2026-01-29,WS-a2f10ef43bc1,AOG,strong_4m,14.02754013928217,14.175251069786707
2026-01-30,WS-a2f10ef43bc1,AOG,strong_4m,13.94224360077692,13.26863306695804
2026-01-31,WS-a2f10ef43bc1,AOG,strong_4m,13.85875750625971,12.381258296521192
2026-02-01,WS-a2f10ef43bc1,AOG,strong_4m,13.805229823452855,11.812311868766574
2026-02-02,WS-a2f10ef43bc1,AOG,strong_4m,13.91779780765141,13.008798417986375
2026-02-03,WS-a2f10ef43bc1,AOG,strong_4m,13.86870420801954,12.48698191722445
2026-02-04,WS-a2f10ef43bc1,AOG,strong_4m,13.809574131558925,11.858487575399236
2026-02-05,WS-a2f10ef43bc1,AOG,strong_4m,13.744190422576512,11.163523293214263
2026-02-06,WS-a2f10ef43bc1,AOG,strong_4m,13.685705168112388,10.541882772668117
2026-02-07,WS-a2f10ef43bc1,AOG,strong_4m,13.639646978007363,10.052329678736264
2026-02-08,WS-a2f10ef43bc1,AOG,strong_4m,16.18318683484242,37.087647471578435
2026-02-09,WS-a2f10ef43bc1,AOG,strong_4m,16.764346780862784,43.264803998892226
2026-02-10,WS-a2f10ef43bc1,AOG,strong_4m,17.505079997382186,51.138066866978214
2026-02-11,WS-a2f10ef43bc1,AOG,strong_4m,17.31753958583036,49.14469742490746
2026-02-12,WS-a2f10ef43bc1,AOG,strong_4m,17.285298610782974,48.802007687211834
2026-02-13,WS-a2f10ef43bc1,AOG,strong_4m,17.069845034404388,46.511948857841894
2026-02-14,WS-a2f10ef43bc1,AOG,strong_4m,16.91348015073846,44.84994450190887
2026-02-15,WS-a2f10ef43bc1,AOG,strong_4m,16.744221995746685,43.05089739952666
2026-02-16,WS-a2f10ef43bc1,AOG,strong_4m,16.575840113189386,41.2611642081003
2026-02-17,WS-a2f10ef43bc1,AOG,strong_4m,16.39745642575809,39.365121704262755
2026-02-18,WS-a2f10ef43bc1,AOG,strong_4m,16.225467579167677,37.537050045821395
2026-02-19,WS-a2f10ef43bc1,AOG,strong_4m,16.05630992620729,35.739071180821064
2026-02-20,WS-a2f10ef43bc1,AOG,strong_4m,15.908344900456882,34.16634902251135
2026-02-21,WS-a2f10ef43bc1,AOG,strong_4m,15.749684234181792,32.47994276375178
2026-02-22,WS-a2f10ef43bc1,AOG,strong_4m,15.679155943780561,31.73029665961889
2026-02-23,WS-a2f10ef43bc1,AOG,strong_4m,16.19170920271996,37.17823182916087
2026-02-24,WS-a2f10ef43bc1,AOG,strong_4m,16.025870697879736,35.41553223214176
2026-02-25,WS-a2f10ef43bc1,AOG,strong_4m,15.890595390453068,33.977689252808595
2026-02-26,WS-a2f10ef43bc1,AOG,strong_4m,16.309792424619058,38.43333991070561
2026-02-27,WS-a2f10ef43bc1,AOG,strong_4m,16.211111928157685,37.38446364693504
2026-02-28,WS-a2f10ef43bc1,AOG,strong_4m,16.21019528667208,37.374720652816485
2026-03-01,WS-a2f10ef43bc1,AOG,strong_4m,16.125615954969216,36.47572585029811
2026-03-02,WS-a2f10ef43bc1,AOG,strong_4m,16.514038956887685,40.60427892435221
2026-03-03,WS-a2f10ef43bc1,AOG,strong_4m,19.790769209293256,75.43268684457814
2026-03-04,WS-a2f10ef43bc1,AOG,strong_4m,21.42360297208046,92.78809787193401
2026-03-05,WS-a2f10ef43bc1,AOG,strong_4m,21.125552625870785,89.62011691563335
2026-03-06,WS-a2f10ef43bc1,AOG,strong_4m,20.80785314208852,86.24328502381353
2026-03-07,WS-a2f10ef43bc1,AOG,strong_4m,20.553455543755653,83.53928968511933
2026-03-08,WS-a2f10ef43bc1,AOG,strong_4m,21.178211304742852,90.1798266894086
2026-03-09,WS-a2f10ef43bc1,AOG,strong_4m,20.895686701956876,87.17686905928147
2026-03-10,WS-a2f10ef43bc1,AOG,strong_4m,20.554718076113218,83.5527091577566
2026-03-11,WS-a2f10ef43bc1,AOG,strong_4m,20.26235265935609,80.44515338959147
2026-03-12,WS-a2f10ef43bc1,AOG,strong_4m,19.947713309457225,77.10084770010496
2026-03-13,WS-a2f10ef43bc1,AOG,strong_4m,20.020071948546512,77.86994860394167
2026-03-14,WS-a2f10ef43bc1,AOG,strong_4m,19.765417431966554,75.16322247790075
2026-03-15,WS-a2f10ef43bc1,AOG,strong_4m,19.50584954652604,72.40427209116208
2026-03-16,WS-a2f10ef43bc1,AOG,strong_4m,19.288958864866622,70.09893825131232
2026-03-17,WS-a2f10ef43bc1,AOG,strong_4m,19.13674313253707,68.48103527820135
2026-03-18,WS-a2f10ef43bc1,AOG,strong_4m,19.025872380006945,67.30258862617472
2026-03-19,WS-a2f10ef43bc1,AOG,strong_4m,19.51760848701388,72.5292580205713
2026-03-20,WS-a2f10ef43bc1,AOG,strong_4m,20.881606943363153,87.02721512442963
2026-03-21,WS-a2f10ef43bc1,AOG,strong_4m,20.66872579778859,84.76449869510112
2026-03-22,WS-a2f10ef43bc1,AOG,strong_4m,20.545043056564978,83.44987325076823
2026-03-23,WS-a2f10ef43bc1,AOG,strong_4m,20.298885372168844,80.83346006309348
2026-03-24,WS-a2f10ef43bc1,AOG,strong_4m,20.03824028830507,78.06306012048462
2026-03-25,WS-a2f10ef43bc1,AOG,strong_4m,19.779380219479965,75.31163312563822
2026-03-26,WS-a2f10ef43bc1,AOG,strong_4m,19.622741541138453,73.6467186025834
2026-03-27,WS-a2f10ef43bc1,AOG,strong_4m,21.13146297940827,89.68293813926171
2026-03-28,WS-a2f10ef43bc1,AOG,strong_4m,21.013476467975757,88.42885799450794
2026-03-29,WS-a2f10ef43bc1,AOG,strong_4m,20.772875012566722,85.87150203606919
2026-03-30,WS-a2f10ef43bc1,AOG,strong_4m,20.535300204086635,83.34631634669496
2026-03-31,WS-a2f10ef43bc1,AOG,strong_4m,20.300895737648652,80.85482826358786
2026-04-01,WS-a2f10ef43bc1,AOG,strong_4m,20.054989138476557,78.24108386398291
2026-04-02,WS-a2f10ef43bc1,AOG,strong_4m,19.809867452710307,75.6356823190456
2026-04-03,WS-a2f10ef43bc1,AOG,strong_4m,19.607537173775636,73.4851111866869
2026-04-04,WS-a2f10ef43bc1,AOG,strong_4m,19.46479072720681,71.96785737349553
2026-04-05,WS-a2f10ef43bc1,AOG,strong_4m,19.321696612990415,70.44690819641474
2026-04-06,WS-a2f10ef43bc1,AOG,strong_4m,19.457858579423082,71.89417548570582
2026-04-07,WS-a2f10ef43bc1,AOG,strong_4m,19.57179203742113,73.10517567347064
2026-04-08,WS-a2f10ef43bc1,AOG,strong_4m,19.40883304096303,71.37308240801295
2026-04-09,WS-a2f10ef43bc1,AOG,strong_4m,19.185228133998816,68.9963829811997
2026-04-10,WS-a2f10ef43bc1,AOG,strong_4m,19.76548955511082,75.16398907572706
2026-04-11,WS-a2f10ef43bc1,AOG,strong_4m,19.58389941945616,73.23386519255828
2026-04-12,WS-a2f10ef43bc1,AOG,strong_4m,19.455052741036077,71.86435219346833
2026-04-13,WS-a2f10ef43bc1,AOG,strong_4m,19.279262149563678,69.99587173986866
2026-04-14,WS-a2f10ef43bc1,AOG,strong_4m,19.127270220117722,68.38034757048072
2026-04-15,WS-a2f10ef43bc1,AOG,strong_4m,18.981917023165007,66.83538657399293
2026-04-16,WS-a2f10ef43bc1,AOG,strong_4m,18.839847884102976,65.32533187098674
2026-04-17,WS-a2f10ef43bc1,AOG,strong_4m,18.695006911898304,63.785815317922
2026-04-18,WS-a2f10ef43bc1,AOG,strong_4m,18.55649975568366,62.31362097633022
2026-04-19,WS-a2f10ef43bc1,AOG,strong_4m,18.424042341464265,60.90572942007388
2026-04-20,WS-a2f10ef43bc1,AOG,strong_4m,18.28900062320005,59.470369262947294
2026-04-21,WS-a2f10ef43bc1,AOG,strong_4m,18.14897307177068,57.98201462109903
2026-04-22,WS-a2f10ef43bc1,AOG,strong_4m,18.031032450313113,56.72842224147807
2026-04-23,WS-a2f10ef43bc1,AOG,strong_4m,17.923433487354686,55.58475148281303
2026-04-24,WS-a2f10ef43bc1,AOG,strong_4m,17.81545888366353,54.437088033977275
2026-04-25,WS-a2f10ef43bc1,AOG,strong_4m,17.697251940339036,53.180664915813615
2026-04-26,WS-a2f10ef43bc1,AOG,strong_4m,17.57933842978681,51.927360698353574
2026-04-27,WS-a2f10ef43bc1,AOG,strong_4m,17.454694036068787,50.60251383731168
2026-04-28,WS-a2f10ef43bc1,AOG,strong_4m,17.342496867064405,49.409968687551356
2026-04-29,WS-a2f10ef43bc1,AOG,strong_4m,17.22163294280841,48.12530448495589
2026-04-30,WS-a2f10ef43bc1,AOG,strong_4m,17.121538391987418,47.06139821924298
2026-05-01,WS-a2f10ef43bc1,AOG,strong_4m,17.032275242340685,46.112619055667274
2026-05-02,WS-a2f10ef43bc1,AOG,strong_4m,16.965923817092357,45.40736890486814
2026-05-03,WS-a2f10ef43bc1,AOG,strong_4m,17.410047920596014,50.127969702774614
2026-05-04,WS-a2f10ef43bc1,AOG,strong_4m,18.689264632231495,63.72478055362278
2026-05-05,WS-a2f10ef43bc1,AOG,strong_4m,18.937136913813152,66.35941821679486
2026-05-06,WS-a2f10ef43bc1,AOG,strong_4m,18.823423235607763,65.15075407126774
2026-05-07,WS-a2f10ef43bc1,AOG,strong_4m,18.7210175786982,64.06228302926893
2026-05-08,WS-a2f10ef43bc1,AOG,strong_4m,18.643977906584187,63.243427365316286
2026-05-09,WS-a2f10ef43bc1,AOG,strong_4m,18.55354097044305,62.28217201002219
2026-05-10,WS-a2f10ef43bc1,AOG,strong_4m,18.446814072344836,61.14777043995215
2026-05-11,WS-a2f10ef43bc1,AOG,strong_4m,18.3504298314419,60.123301105992084
2026-05-12,WS-a2f10ef43bc1,AOG,strong_4m,18.269423796642588,59.26228692213629
2026-05-13,WS-a2f10ef43bc1,AOG,strong_4m,18.17872480770354,58.29824620428893
2026-05-14,WS-a2f10ef43bc1,AOG,strong_4m,18.453300350791288,61.216713176831796
2026-05-15,WS-a2f10ef43bc1,AOG,strong_4m,18.39019214340928,60.545935230370915
2026-05-16,WS-a2f10ef43bc1,AOG,strong_4m,18.289212492203383,59.47262122130376
2026-05-17,WS-a2f10ef43bc1,AOG,strong_4m,18.223811546907484,58.777473734121465
2026-05-18,WS-a2f10ef43bc1,AOG,strong_4m,18.88623913513925,65.81842507383271
2026-05-19,WS-a2f10ef43bc1,AOG,strong_4m,20.205177346888256,79.83743625934119
2026-05-20,WS-a2f10ef43bc1,AOG,strong_4m,20.787841288097376,86.03057877082495
2026-05-21,WS-a2f10ef43bc1,AOG,strong_4m,20.660113117617293,84.67295440698888
2026-05-22,WS-a2f10ef43bc1,AOG,strong_4m,20.542153899510943,83.41916436334924
2026-05-23,WS-a2f10ef43bc1,AOG,strong_4m,20.425941355939017,82.1839397457602
2026-05-24,WS-a2f10ef43bc1,AOG,strong_4m,20.328253076373734,81.14560976811649
2026-05-25,WS-a2f10ef43bc1,AOG,strong_4m,20.1966320595185,79.74660829018171
2026-05-26,WS-a2f10ef43bc1,AOG,strong_4m,21.77034503267025,96.47362368549621
2026-05-27,WS-a2f10ef43bc1,AOG,strong_4m,22.758792253519104,106.97984188580855
2026-05-28,WS-a2f10ef43bc1,AOG,strong_4m,22.63424671392788,105.65604574654952
2026-05-29,WS-a2f10ef43bc1,AOG,strong_4m,22.48705562284386,104.09154974974486
2026-05-30,WS-a2f10ef43bc1,AOG,strong_4m,22.37540404906276,102.90480373861722
2026-05-31,WS-a2f10ef43bc1,AOG,strong_4m,22.390199475457344,103.06206451571235
2026-06-01,WS-a2f10ef43bc1,AOG,strong_4m,22.251340679764624,101.58613259359363
2026-06-02,WS-a2f10ef43bc1,AOG,strong_4m,23.288611225855448,112.61129454470785
2026-06-03,WS-a2f10ef43bc1,AOG,strong_4m,24.753093867296332,128.17729934194375
2026-06-04,WS-a2f10ef43bc1,AOG,strong_4m,25.0628172878497,131.4693535553051
2026-06-05,WS-a2f10ef43bc1,AOG,strong_4m,24.95987227456719,130.3751496874938
2026-06-06,WS-a2f10ef43bc1,AOG,strong_4m,24.814059081543647,128.82529938686372
2026-06-07,WS-a2f10ef43bc1,AOG,strong_4m,24.688572000773288,127.49149559432394
2026-06-08,WS-a2f10ef43bc1,AOG,strong_4m,24.50512454944739,125.54163027904093
2026-06-09,WS-a2f10ef43bc1,AOG,strong_4m,24.387708348465498,124.29361197138854
2026-06-10,WS-a2f10ef43bc1,AOG,strong_4m,24.392550278700874,124.34507691002212
2026-06-11,WS-a2f10ef43bc1,AOG,strong_4m,24.663403410798878,127.22397832836585
2026-06-12,WS-a2f10ef43bc1,AOG,strong_4m,24.603272239489733,126.58484333654332
2026-06-13,WS-a2f10ef43bc1,AOG,strong_4m,24.486095612715992,125.33937146622509
2026-06-14,WS-a2f10ef43bc1,AOG,strong_4m,24.54584757046492,125.97447579224767
2026-06-15,WS-a2f10ef43bc1,AOG,strong_4m,24.381885752968998,124.23172352910441
2026-06-16,WS-a2f10ef43bc1,AOG,strong_4m,24.215960463936113,122.46810150178737
2026-06-17,WS-a2f10ef43bc1,AOG,strong_4m,24.453120288989613,124.98887632699271
2026-06-18,WS-a2f10ef43bc1,AOG,strong_4m,24.307608697547348,123.44223175344202
2026-06-19,WS-a2f10ef43bc1,AOG,strong_4m,25.073818316249792,131.5862836274034
2026-06-20,WS-a2f10ef43bc1,AOG,strong_4m,26.121939261356943,142.726774608962
2026-06-21,WS-a2f10ef43bc1,AOG,strong_4m,26.241202962296413,143.9944300173821
2026-06-22,WS-a2f10ef43bc1,AOG,strong_4m,26.32029371264489,144.8350866182211
2026-06-23,WS-a2f10ef43bc1,AOG,strong_4m,26.158308345860924,143.11334207506937
2026-06-24,WS-a2f10ef43bc1,AOG,strong_4m,25.97203947252786,141.13348782905018
2026-06-25,WS-a2f10ef43bc1,AOG,strong_4m,25.788347474379343,139.18102322244997
2026-06-26,WS-a2f10ef43bc1,AOG,strong_4m,25.607196702487023,137.25556934235175
2026-06-27,WS-a2f10ef43bc1,AOG,strong_4m,25.45368836233137,135.62392722406238
2026-06-28,WS-a2f10ef43bc1,AOG,strong_4m,25.348563349355764,134.50655211152588
2026-06-29,WS-a2f10ef43bc1,AOG,strong_4m,25.244402762910703,133.39942790096404
2026-06-30,WS-a2f10ef43bc1,AOG,strong_4m,25.687274480117885,138.10671706884688
2026-07-01,WS-a2f10ef43bc1,AOG,strong_4m,26.938989078116382,151.4112076007692
2026-07-02,WS-a2f10ef43bc1,AOG,strong_4m,29.206153653134876,175.50892897501444
2026-07-03,WS-a2f10ef43bc1,AOG,strong_4m,29.26575778786537,176.14246208827623
2026-07-04,WS-a2f10ef43bc1,AOG,strong_4m,29.087579689640833,174.2486047947568
2026-07-05,WS-a2f10ef43bc1,AOG,strong_4m,28.862082483573246,171.8517920964801
2026-07-06,WS-a2f10ef43bc1,AOG,strong_4m,28.62267306213699,169.30710628244157
2026-07-07,WS-a2f10ef43bc1,AOG,strong_4m,28.371305615309268,166.63531846299736
2026-07-08,WS-a2f10ef43bc1,AOG,strong_4m,28.169680179919652,164.49223912172803
2026-07-09,WS-a2f10ef43bc1,AOG,strong_4m,27.97817891838431,162.45676975433216
2026-07-10,WS-a2f10ef43bc1,AOG,strong_4m,27.76673364690435,160.20931524918922
2026-07-11,WS-a2f10ef43bc1,AOG,strong_4m,27.565548546658647,158.07091623581772
2026-07-12,WS-a2f10ef43bc1,AOG,strong_4m,28.197544268320797,164.78840687506928
2026-07-13,WS-a2f10ef43bc1,AOG,strong_4m,28.30911691480329,165.97431396692664
2026-07-14,WS-a2f10ef43bc1,AOG,strong_4m,28.292434271173725,165.79699393361244
2026-07-15,WS-a2f10ef43bc1,AOG,strong_4m,28.2222133484277,165.05061484423277
2026-07-16,WS-a2f10ef43bc1,AOG,strong_4m,27.97716544369576,162.44599751885633
2026-07-17,WS-a2f10ef43bc1,AOG,strong_4m,27.737802330272345,159.90180391328082
2026-07-18,WS-a2f10ef43bc1,AOG,strong_4m,27.47111508983383,157.0671818108685
2026-07-19,WS-a2f10ef43bc1,AOG,strong_4m,27.20196434305184,154.20637506790433
2026-07-20,WS-a2f10ef43bc1,AOG,strong_4m,26.9469527335809,151.49585339694076
2026-07-21,WS-a2f10ef43bc1,AOG,strong_4m,26.70122116128219,148.88396936022008
2026-07-22,WS-a2f10ef43bc1,AOG,strong_4m,26.480175606412082,146.53447331967263
2026-07-23,WS-a2f10ef43bc1,AOG,strong_4m,26.370423961330104,145.36792167507974
2026-07-24,WS-a2f10ef43bc1,AOG,strong_4m,26.161254129165837,143.14465284363595
2026-07-25,WS-a2f10ef43bc1,AOG,strong_4m,25.948729642140943,140.88572734261072
2026-07-26,WS-a2f10ef43bc1,AOG,strong_4m,25.739558944264267,138.66244930949864
2026-07-27,WS-a2f10ef43bc1,AOG,strong_4m,25.52099210491299,136.3392995680232
2026-07-28,WS-a2f10ef43bc1,AOG,strong_4m,25.318571412792004,134.1877674327464
2026-07-29,WS-a2f10ef43bc1,AOG,strong_4m,25.32305941254416,134.23547043973
2026-07-30,WS-a2f10ef43bc1,AOG,strong_4m,25.136053877587866,132.24778620786003
2026-07-31,WS-a2f10ef43bc1,AOG,strong_4m,24.927598158057492,130.03210768876983
2026-08-01,WS-a2f10ef43bc1,AOG,strong_4m,24.704774787277138,127.66371522008842
2026-08-02,WS-a2f10ef43bc1,AOG,strong_4m,24.50938965288504,125.5869641182361
2026-08-03,WS-a2f10ef43bc1,AOG,strong_4m,24.345932200404107,123.84957275731236
2026-08-04,WS-a2f10ef43bc1,AOG,strong_4m,24.190406358028397,122.19648658202482
2026-08-05,WS-a2f10ef43bc1,AOG,strong_4m,24.141063574384077,121.67202150119546
2026-08-06,WS-a2f10ef43bc1,AOG,strong_4m,24.030991691504244,120.50206604493792
2026-08-07,WS-a2f10ef43bc1,AOG,strong_4m,23.86311837716897,118.71773843167254
2026-08-08,WS-a2f10ef43bc1,AOG,strong_4m,23.681424767217155,116.78651471887089
2026-08-09,WS-a2f10ef43bc1,AOG,strong_4m,23.63739981061734,116.31857288996906
2026-08-10,WS-a2f10ef43bc1,AOG,strong_4m,25.63667812060656,137.56892771403344
2026-08-11,WS-a2f10ef43bc1,AOG,strong_4m,26.06209434979407,142.09068227565766
2026-08-12,WS-a2f10ef43bc1,AOG,strong_4m,25.943732106204635,140.83260846898418
2026-08-13,WS-a2f10ef43bc1,AOG,strong_4m,25.84522688842275,139.78559524454818
2026-08-14,WS-a2f10ef43bc1,AOG,strong_4m,25.63128961371748,137.51165320513056
2026-08-15,WS-a2f10ef43bc1,AOG,strong_4m,25.401945088365515,135.07394730078744
2026-08-16,WS-a2f10ef43bc1,AOG,strong_4m,25.19521883650345,132.87665131574695
2026-08-17,WS-a2f10ef43bc1,AOG,strong_4m,25.075260379540232,131.60161133663098
2026-08-18,WS-a2f10ef43bc1,AOG,strong_4m,24.849747503071747,129.20463207746195
2026-08-19,WS-a2f10ef43bc1,AOG,strong_4m,24.616511122147422,126.72555959027565
2026-08-20,WS-a2f10ef43bc1,AOG,strong_4m,24.41884036776481,124.62451460420081
2026-08-21,WS-a2f10ef43bc1,AOG,strong_4m,24.495890574476952,125.44348224053228
2026-08-22,WS-a2f10ef43bc1,AOG,strong_4m,24.252213848050502,122.85343918696836
2026-08-23,WS-a2f10ef43bc1,AOG,strong_4m,24.04169186299493,120.61579830508366
2026-08-24,WS-a2f10ef43bc1,AOG,strong_4m,23.801870761619117,118.06673673968237
2026-08-25,WS-a2f10ef43bc1,AOG,strong_4m,24.390046935867964,124.31846884691268
2026-08-26,WS-a2f10ef43bc1,AOG,strong_4m,26.128564518703016,142.79719455434997
2026-08-27,WS-a2f10ef43bc1,AOG,strong_4m,26.956091012786196,151.59298428393316
2026-08-28,WS-a2f10ef43bc1,AOG,strong_4m,26.684722443968305,148.70860428207646
2026-08-29,WS-a2f10ef43bc1,AOG,strong_4m,26.38904425119308,145.56583697508484
2026-08-30,WS-a2f10ef43bc1,AOG,strong_4m,26.079621141729966,142.27697477215722
2026-08-31,WS-a2f10ef43bc1,AOG,strong_4m,25.757647057837328,138.854708100886
2026-09-01,WS-a2f10ef43bc1,AOG,strong_4m,25.471685155306517,135.8152153676421
2026-09-02,WS-a2f10ef43bc1,AOG,strong_4m,25.188588815830418,132.80618074089557
2026-09-03,WS-a2f10ef43bc1,AOG,strong_4m,25.368952416658285,134.72326776964385
2026-09-04,WS-a2f10ef43bc1,AOG,strong_4m,25.15042656481525,132.40055368491971
2026-09-05,WS-a2f10ef43bc1,AOG,strong_4m,25.036953437752622,131.1944463605773
2026-09-06,WS-a2f10ef43bc1,AOG,strong_4m,25.29275411313807,133.91335502327638
2026-09-07,WS-a2f10ef43bc1,AOG,strong_4m,25.026493401507402,131.08326650103854
2026-09-08,WS-a2f10ef43bc1,AOG,strong_4m,24.709002307329154,127.70864958499514
2026-09-09,WS-a2f10ef43bc1,AOG,strong_4m,24.501854411495728,125.50687194076993
2026-09-10,WS-a2f10ef43bc1,AOG,strong_4m,24.200592653722648,122.304756849733
2026-09-11,WS-a2f10ef43bc1,AOG,strong_4m,23.935015048759112,119.48192907702997
2026-09-12,WS-a2f10ef43bc1,AOG,strong_4m,23.65915601556887,116.54981987170994
2026-09-13,WS-a2f10ef43bc1,AOG,strong_4m,23.39006661538368,113.68966518251075
2026-09-14,WS-a2f10ef43bc1,AOG,strong_4m,23.148401328764166,111.12100174847814
2026-09-15,WS-a2f10ef43bc1,AOG,strong_4m,22.936668168076253,108.87048726524789
2026-09-16,WS-a2f10ef43bc1,AOG,strong_4m,22.64543266413495,105.77494135490825
2026-09-17,WS-a2f10ef43bc1,AOG,strong_4m,22.381849085213624,102.9733081106076
2026-09-18,WS-a2f10ef43bc1,AOG,strong_4m,22.10167439607273,99.99532774278279
2026-09-19,WS-a2f10ef43bc1,AOG,strong_4m,21.81128964807226,96.90882452826044
2026-09-20,WS-a2f10ef43bc1,AOG,strong_4m,21.516557472130685,93.77611244633881
2026-09-21,WS-a2f10ef43bc1,AOG,strong_4m,21.205592325689544,90.47085991257477
2026-09-22,WS-a2f10ef43bc1,AOG,strong_4m,21.00499805497372,88.33874083386145
2026-09-23,WS-a2f10ef43bc1,AOG,strong_4m,20.77677526130178,85.91295782994636
2026-09-24,WS-a2f10ef43bc1,AOG,strong_4m,20.52728547840315,83.26112772451035
2026-09-25,WS-a2f10ef43bc1,AOG,strong_4m,20.304556646185375,80.89374010742429
2026-09-26,WS-a2f10ef43bc1,AOG,strong_4m,20.036309935136536,78.04254237187396
2026-09-27,WS-a2f10ef43bc1,AOG,strong_4m,19.888283667278994,76.46916927042133
2026-09-28,WS-a2f10ef43bc1,AOG,strong_4m,19.6872248115778,74.3321121119341
2025-03-01,WS-a84d3fd5d4ca,AOR,strong_4m,15.594828788173649,49.35120734221171
2025-03-02,WS-a84d3fd5d4ca,AOR,strong_4m,15.375189661050127,47.016660240238785
2025-03-03,WS-a84d3fd5d4ca,AOR,strong_4m,15.196359943198951,45.115876873342124
2025-03-04,WS-a84d3fd5d4ca,AOR,strong_4m,15.024759929700691,43.29193812682917
2025-03-05,WS-a84d3fd5d4ca,AOR,strong_4m,14.854095289385254,41.477941473885
2025-03-06,WS-a84d3fd5d4ca,AOR,strong_4m,14.707833416006773,39.923322144001965
2025-03-07,WS-a84d3fd5d4ca,AOR,strong_4m,14.587348604443653,38.642687535086175
2025-03-08,WS-a84d3fd5d4ca,AOR,strong_4m,14.456442036148372,37.251279940067406
2025-03-09,WS-a84d3fd5d4ca,AOR,strong_4m,14.325084456765824,35.85507854241187
2025-03-10,WS-a84d3fd5d4ca,AOR,strong_4m,14.210249227862684,34.634493420119625
2025-03-11,WS-a84d3fd5d4ca,AOR,strong_4m,14.702938177363817,39.871290589619804
2025-03-12,WS-a84d3fd5d4ca,AOR,strong_4m,14.578925187655406,38.55315492990219
2025-03-13,WS-a84d3fd5d4ca,AOR,strong_4m,14.428723372936384,36.95665791292867
2025-03-14,WS-a84d3fd5d4ca,AOR,strong_4m,14.279617739433176,35.37181222017111
2025-03-15,WS-a84d3fd5d4ca,AOR,strong_4m,14.130367679619413,33.785431418304455
2025-03-16,WS-a84d3fd5d4ca,AOR,strong_4m,14.01279292396899,32.535727831044696
2025-03-17,WS-a84d3fd5d4ca,AOR,strong_4m,13.905610958370252,31.396489342669284
2025-03-18,WS-a84d3fd5d4ca,AOR,strong_4m,13.797800773779587,30.250573506563477
2025-03-19,WS-a84d3fd5d4ca,AOR,strong_4m,13.688333497649042,29.087044423206155
2025-03-20,WS-a84d3fd5d4ca,AOR,strong_4m,13.643348994986722,28.608903566887086
2025-03-21,WS-a84d3fd5d4ca,AOR,strong_4m,13.868995623231251,31.007304475400854
2025-03-22,WS-a84d3fd5d4ca,AOR,strong_4m,14.243183283329193,34.98454991848805
2025-03-23,WS-a84d3fd5d4ca,AOR,strong_4m,14.139219986963047,33.87952270670785
2025-03-24,WS-a84d3fd5d4ca,AOR,strong_4m,14.016620689250503,32.576413197363635
2025-03-25,WS-a84d3fd5d4ca,AOR,strong_4m,13.912286240172739,31.4674409986467
2025-03-26,WS-a84d3fd5d4ca,AOR,strong_4m,13.804232419707871,30.31893555370613
2025-03-27,WS-a84d3fd5d4ca,AOR,strong_4m,13.715535042782525,29.376169995649576
2025-03-28,WS-a84d3fd5d4ca,AOR,strong_4m,13.65642002947268,28.747835760247266
2025-03-29,WS-a84d3fd5d4ca,AOR,strong_4m,14.77057429988715,40.59019580424821
2025-03-30,WS-a84d3fd5d4ca,AOR,strong_4m,15.643445052182821,49.86795023651183
2025-03-31,WS-a84d3fd5d4ca,AOR,strong_4m,15.710928335825242,50.585230924712846
2025-04-01,WS-a84d3fd5d4ca,AOR,strong_4m,15.551253690556775,48.888047070214974
2025-04-02,WS-a84d3fd5d4ca,AOR,strong_4m,15.412751388533023,47.41590432388048
2025-04-03,WS-a84d3fd5d4ca,AOR,strong_4m,15.28280227551121,46.03467353325543
2025-04-04,WS-a84d3fd5d4ca,AOR,strong_4m,15.158766030543402,44.716290693087124
2025-04-05,WS-a84d3fd5d4ca,AOR,strong_4m,15.01968347726975,43.23798044876807
2025-04-06,WS-a84d3fd5d4ca,AOR,strong_4m,14.911175426194783,42.08464698084122
2025-04-07,WS-a84d3fd5d4ca,AOR,strong_4m,14.795837279111462,40.85871633475529
2025-04-08,WS-a84d3fd5d4ca,AOR,strong_4m,14.687635415394114,39.708637336183486
2025-04-09,WS-a84d3fd5d4ca,AOR,strong_4m,14.565963416872828,38.41538410184799
2025-04-10,WS-a84d3fd5d4ca,AOR,strong_4m,14.467782612912506,37.371819076086275
2025-04-11,WS-a84d3fd5d4ca,AOR,strong_4m,14.35499799636902,36.17302993889104
2025-04-12,WS-a84d3fd5d4ca,AOR,strong_4m,14.250846287200732,35.066000085018025
2025-04-13,WS-a84d3fd5d4ca,AOR,strong_4m,14.154743604498636,34.04452343678938
2025-04-14,WS-a84d3fd5d4ca,AOR,strong_4m,14.066160380326702,33.10297120981435
2025-04-15,WS-a84d3fd5d4ca,AOR,strong_4m,13.989205934214121,32.28502141412505
2025-04-16,WS-a84d3fd5d4ca,AOR,strong_4m,13.908184926382562,31.423848081717328
2025-04-17,WS-a84d3fd5d4ca,AOR,strong_4m,13.824968437157706,30.53933894939413
2025-04-18,WS-a84d3fd5d4ca,AOR,strong_4m,13.744094300928188,29.67972671713004
2025-04-19,WS-a84d3fd5d4ca,AOR,strong_4m,13.662753362341926,28.815152836623234
2025-04-20,WS-a84d3fd5d4ca,AOR,strong_4m,13.590440177422613,28.046535065742777
2025-04-21,WS-a84d3fd5d4ca,AOR,strong_4m,13.916301948216612,31.510124010999586
2025-04-22,WS-a84d3fd5d4ca,AOR,strong_4m,14.015920409749947,32.568969917561844
2025-04-23,WS-a84d3fd5d4ca,AOR,strong_4m,13.96146114477036,31.990121690933393
2025-04-24,WS-a84d3fd5d4ca,AOR,strong_4m,13.931281051404019,31.66933709108368
2025-04-25,WS-a84d3fd5d4ca,AOR,strong_4m,13.870831405291385,31.0268170264862
2025-04-26,WS-a84d3fd5d4ca,AOR,strong_4m,13.830894930082296,30.602331718775254
2025-04-27,WS-a84d3fd5d4ca,AOR,strong_4m,13.89378162477629,31.270755204031403
2025-04-28,WS-a84d3fd5d4ca,AOR,strong_4m,13.842346776342376,30.724053539695046
2025-04-29,WS-a84d3fd5d4ca,AOR,strong_4m,13.795060456189118,30.221446635713544
2025-04-30,WS-a84d3fd5d4ca,AOR,strong_4m,14.720249696120488,40.055294944733674
2025-05-01,WS-a84d3fd5d4ca,AOR,strong_4m,14.645644247158922,39.26231266991947
2025-05-02,WS-a84d3fd5d4ca,AOR,strong_4m,14.558000103871906,38.330741945726366
2025-05-03,WS-a84d3fd5d4ca,AOR,strong_4m,14.477749702455332,37.47775939879674
2025-05-04,WS-a84d3fd5d4ca,AOR,strong_4m,14.401017119268518,36.662167786993756
2025-05-05,WS-a84d3fd5d4ca,AOR,strong_4m,14.33273157820767,35.93635989439271
2025-05-06,WS-a84d3fd5d4ca,AOR,strong_4m,14.257494127519683,35.13666006511465
2025-05-07,WS-a84d3fd5d4ca,AOR,strong_4m,14.182307155444397,34.337496773659
2025-05-08,WS-a84d3fd5d4ca,AOR,strong_4m,14.113590862601017,33.60711041483132
2025-05-09,WS-a84d3fd5d4ca,AOR,strong_4m,14.046336220944754,32.89225996523657
2025-05-10,WS-a84d3fd5d4ca,AOR,strong_4m,13.988112514904719,32.27339944624785
2025-05-11,WS-a84d3fd5d4ca,AOR,strong_4m,13.935458700226041,31.713741374046574
2025-05-12,WS-a84d3fd5d4ca,AOR,strong_4m,13.95016554973976,31.87006066633774
2025-05-13,WS-a84d3fd5d4ca,AOR,strong_4m,13.902588285267369,31.36436131145297
2025-05-14,WS-a84d3fd5d4ca,AOR,strong_4m,14.235381932412428,34.901629259438245
2025-05-15,WS-a84d3fd5d4ca,AOR,strong_4m,14.17037550257629,34.21067508214263
2025-05-16,WS-a84d3fd5d4ca,AOR,strong_4m,14.123806099050986,33.7156882942036
2025-05-17,WS-a84d3fd5d4ca,AOR,strong_4m,14.07503171550801,33.19726474534867
2025-05-18,WS-a84d3fd5d4ca,AOR,strong_4m,14.011665598939414,32.52374547883247
2025-05-19,WS-a84d3fd5d4ca,AOR,strong_4m,13.986338533010874,32.254543769923416
2025-05-20,WS-a84d3fd5d4ca,AOR,strong_4m,13.935206084953817,31.711056323074946
2025-05-21,WS-a84d3fd5d4ca,AOR,strong_4m,13.892262651714207,31.254610019853597
2025-05-22,WS-a84d3fd5d4ca,AOR,strong_4m,14.128318742178484,33.763653235940104
2025-05-23,WS-a84d3fd5d4ca,AOR,strong_4m,18.50772425817705,80.31241068929137
2025-05-24,WS-a84d3fd5d4ca,AOR,strong_4m,18.8440583189887,83.88730973959152
2025-05-25,WS-a84d3fd5d4ca,AOR,strong_4m,18.69944329203218,82.35019476147004
2025-05-26,WS-a84d3fd5d4ca,AOR,strong_4m,18.606952385706713,81.36710773071745
2025-05-27,WS-a84d3fd5d4ca,AOR,strong_4m,18.989475239112075,85.43294805047832
2025-05-28,WS-a84d3fd5d4ca,AOR,strong_4m,18.873865155106742,84.20412698335706
2025-05-29,WS-a84d3fd5d4ca,AOR,strong_4m,18.752052296073572,82.90937654083238
2025-05-30,WS-a84d3fd5d4ca,AOR,strong_4m,18.620617809830108,81.51235769916478
2025-05-31,WS-a84d3fd5d4ca,AOR,strong_4m,18.498931973062383,80.2189573779303
2025-06-01,WS-a84d3fd5d4ca,AOR,strong_4m,18.397713088726135,79.14310055684923
2025-06-02,WS-a84d3fd5d4ca,AOR,strong_4m,18.301509202006862,78.12054820982274
2025-06-03,WS-a84d3fd5d4ca,AOR,strong_4m,18.184886832761336,76.88096754988761
2025-06-04,WS-a84d3fd5d4ca,AOR,strong_4m,18.05945609763127,75.5477626558819
2025-06-05,WS-a84d3fd5d4ca,AOR,strong_4m,17.946674514884776,74.34900576495386
2025-06-06,WS-a84d3fd5d4ca,AOR,strong_4m,17.870041968640024,73.53447744709229
2025-06-07,WS-a84d3fd5d4ca,AOR,strong_4m,17.981504961153846,74.71921902550892
2025-06-08,WS-a84d3fd5d4ca,AOR,strong_4m,18.955971655855492,85.0768380339175
2025-06-09,WS-a84d3fd5d4ca,AOR,strong_4m,19.75664084017071,93.58716107317674
2025-06-10,WS-a84d3fd5d4ca,AOR,strong_4m,19.642879203604615,92.377987177618
2025-06-11,WS-a84d3fd5d4ca,AOR,strong_4m,19.513510864868387,91.00292944433046
2025-06-12,WS-a84d3fd5d4ca,AOR,strong_4m,19.407096127220427,89.87184583169379
2025-06-13,WS-a84d3fd5d4ca,AOR,strong_4m,19.306157343794446,88.798966206784
2025-06-14,WS-a84d3fd5d4ca,AOR,strong_4m,19.19517767594038,87.61936189238091
2025-06-15,WS-a84d3fd5d4ca,AOR,strong_4m,19.211323786220547,87.79097910583624
2025-06-16,WS-a84d3fd5d4ca,AOR,strong_4m,19.46004497482138,90.43463981261363
2025-06-17,WS-a84d3fd5d4ca,AOR,strong_4m,19.39565768338627,89.75026646533112
2025-06-18,WS-a84d3fd5d4ca,AOR,strong_4m,19.278264661904345,88.50249453288149
2025-06-19,WS-a84d3fd5d4ca,AOR,strong_4m,19.166593754547748,87.31554302493174
2025-06-20,WS-a84d3fd5d4ca,AOR,strong_4m,19.056420521946876,86.14451032118815
2025-06-21,WS-a84d3fd5d4ca,AOR,strong_4m,18.9318006313528,84.81992390416522
2025-06-22,WS-a84d3fd5d4ca,AOR,strong_4m,18.81693663242266,83.59903298488669
2025-06-23,WS-a84d3fd5d4ca,AOR,strong_4m,18.743943142485236,82.82318424323478
2025-06-24,WS-a84d3fd5d4ca,AOR,strong_4m,20.19821824547089,98.28069298318339
2025-06-25,WS-a84d3fd5d4ca,AOR,strong_4m,20.790383244255892,104.5748223576179
2025-06-26,WS-a84d3fd5d4ca,AOR,strong_4m,21.460734583194046,111.69999534531424
2025-06-27,WS-a84d3fd5d4ca,AOR,strong_4m,21.304307242913467,110.03732713722225
2025-06-28,WS-a84d3fd5d4ca,AOR,strong_4m,21.145123104330786,108.34535688458477
2025-06-29,WS-a84d3fd5d4ca,AOR,strong_4m,21.003407772341973,106.83906280150207
2025-06-30,WS-a84d3fd5d4ca,AOR,strong_4m,20.873537537000793,105.45867040275708
2025-07-01,WS-a84d3fd5d4ca,AOR,strong_4m,20.764839830106105,104.30332108068767
2025-07-02,WS-a84d3fd5d4ca,AOR,strong_4m,21.19703108019732,108.89708742647655
2025-07-03,WS-a84d3fd5d4ca,AOR,strong_4m,21.028611342276854,107.10695186990914
2025-07-04,WS-a84d3fd5d4ca,AOR,strong_4m,21.263432139342463,109.60286513660216
2025-07-05,WS-a84d3fd5d4ca,AOR,strong_4m,21.155528114180477,108.45595186785901
2025-07-06,WS-a84d3fd5d4ca,AOR,strong_4m,21.04374106791777,107.26776591798524
2025-07-07,WS-a84d3fd5d4ca,AOR,strong_4m,21.91407643330224,116.51857169021986
2025-07-08,WS-a84d3fd5d4ca,AOR,strong_4m,21.787116125743836,115.16910895123634
2025-07-09,WS-a84d3fd5d4ca,AOR,strong_4m,21.645752762705378,113.66655595064562
2025-07-10,WS-a84d3fd5d4ca,AOR,strong_4m,22.02726538897796,117.72165855324259
2025-07-11,WS-a84d3fd5d4ca,AOR,strong_4m,22.544432187858753,123.21863109805133
2025-07-12,WS-a84d3fd5d4ca,AOR,strong_4m,22.38962720501805,121.57320694801602
2025-07-13,WS-a84d3fd5d4ca,AOR,strong_4m,22.241846603208998,120.00244503414669
2025-07-14,WS-a84d3fd5d4ca,AOR,strong_4m,22.171855143612447,119.25850491152868
2025-07-15,WS-a84d3fd5d4ca,AOR,strong_4m,22.037910989160395,117.83481077425236
2025-07-16,WS-a84d3fd5d4ca,AOR,strong_4m,21.865809843028096,116.00554548253851
2025-07-17,WS-a84d3fd5d4ca,AOR,strong_4m,21.697991855179076,114.2218059352059
2025-07-18,WS-a84d3fd5d4ca,AOR,strong_4m,21.516918434930872,112.29717422672601
2025-07-19,WS-a84d3fd5d4ca,AOR,strong_4m,21.33889609274363,110.40497246612657
2025-07-20,WS-a84d3fd5d4ca,AOR,strong_4m,21.163873418104856,108.54465421041022
2025-07-21,WS-a84d3fd5d4ca,AOR,strong_4m,21.00183237982445,106.82231793420813
2025-07-22,WS-a84d3fd5d4ca,AOR,strong_4m,20.867045838127417,105.38967005209011
2025-07-23,WS-a84d3fd5d4ca,AOR,strong_4m,22.37551740902505,121.42323374526167
2025-07-24,WS-a84d3fd5d4ca,AOR,strong_4m,22.214741582585766,119.7143454219619
2025-07-25,WS-a84d3fd5d4ca,AOR,strong_4m,22.06368810496989,118.10879606912393
2025-07-26,WS-a84d3fd5d4ca,AOR,strong_4m,23.22571106065348,130.45995298339938
2025-07-27,WS-a84d3fd5d4ca,AOR,strong_4m,24.13617375129939,140.13727261100155
2025-07-28,WS-a84d3fd5d4ca,AOR,strong_4m,24.68089964930354,145.92717117420244
2025-07-29,WS-a84d3fd5d4ca,AOR,strong_4m,25.071926509533192,150.08340069167505
2025-07-30,WS-a84d3fd5d4ca,AOR,strong_4m,24.938246085483186,148.66250974822793
2025-07-31,WS-a84d3fd5d4ca,AOR,strong_4m,24.66135302305978,145.71940983291353
2025-08-01,WS-a84d3fd5d4ca,AOR,strong_4m,24.45054984078962,143.47878010222482
2025-08-02,WS-a84d3fd5d4ca,AOR,strong_4m,24.388641267161162,142.82075307833165
2025-08-03,WS-a84d3fd5d4ca,AOR,strong_4m,24.122628835617725,139.99330352832843
2025-08-04,WS-a84d3fd5d4ca,AOR,strong_4m,23.868352319499934,137.29059517405275
2025-08-05,WS-a84d3fd5d4ca,AOR,strong_4m,23.771641601981152,136.26265571595147
2025-08-06,WS-a84d3fd5d4ca,AOR,strong_4m,23.533367816122023,133.7300405870418
2025-08-07,WS-a84d3fd5d4ca,AOR,strong_4m,23.333728738696806,131.6080742700774
2025-08-08,WS-a84d3fd5d4ca,AOR,strong_4m,23.119011130024198,129.32583805090286
2025-08-09,WS-a84d3fd5d4ca,AOR,strong_4m,22.919970239333708,127.21022986842141
2025-08-10,WS-a84d3fd5d4ca,AOR,strong_4m,22.70066995567131,124.87928433794694
2025-08-11,WS-a84d3fd5d4ca,AOR,strong_4m,22.485388036071008,122.5910500506772
2025-08-12,WS-a84d3fd5d4ca,AOR,strong_4m,22.262720063186144,120.22430930822199
2025-08-13,WS-a84d3fd5d4ca,AOR,strong_4m,22.094355070116848,118.43475563538037
2025-08-14,WS-a84d3fd5d4ca,AOR,strong_4m,21.919987268465682,116.58139803305674
2025-08-15,WS-a84d3fd5d4ca,AOR,strong_4m,21.73517323662366,114.61700731592332
2025-08-16,WS-a84d3fd5d4ca,AOR,strong_4m,21.565290121790433,112.81131750736297
2025-08-17,WS-a84d3fd5d4ca,AOR,strong_4m,21.451200503825277,111.59865749330291
2025-08-18,WS-a84d3fd5d4ca,AOR,strong_4m,21.238183750973363,109.33449969248248
2025-08-19,WS-a84d3fd5d4ca,AOR,strong_4m,21.03454152470089,107.16998385502721
2025-08-20,WS-a84d3fd5d4ca,AOR,strong_4m,20.940067134877083,106.16581435270629
2025-08-21,WS-a84d3fd5d4ca,AOR,strong_4m,20.900558677107163,105.74587844785128
2025-08-22,WS-a84d3fd5d4ca,AOR,strong_4m,20.739890211951867,104.0381312690174
2025-08-23,WS-a84d3fd5d4ca,AOR,strong_4m,20.541304804264172,101.9273644212203
2025-08-24,WS-a84d3fd5d4ca,AOR,strong_4m,20.309064802518556,99.45888246111627
2025-08-25,WS-a84d3fd5d4ca,AOR,strong_4m,20.091641938357753,97.14789204662696
2025-08-26,WS-a84d3fd5d4ca,AOR,strong_4m,19.897229309999986,95.08147772389881
2025-08-27,WS-a84d3fd5d4ca,AOR,strong_4m,21.02798679823475,107.10031358326755
2025-08-28,WS-a84d3fd5d4ca,AOR,strong_4m,21.694554077700346,114.18526575424946
2025-08-29,WS-a84d3fd5d4ca,AOR,strong_4m,22.394850573813407,121.62872620200065
2025-08-30,WS-a84d3fd5d4ca,AOR,strong_4m,23.489984755917213,133.26892148316335
2025-08-31,WS-a84d3fd5d4ca,AOR,strong_4m,23.217127766386177,130.368721038438
2025-09-01,WS-a84d3fd5d4ca,AOR,strong_4m,22.950208695115293,127.53163480313205
2025-09-02,WS-a84d3fd5d4ca,AOR,strong_4m,22.712673186154035,125.00686682884808
2025-09-03,WS-a84d3fd5d4ca,AOR,strong_4m,22.422069840124742,121.91804013307093
2025-09-04,WS-a84d3fd5d4ca,AOR,strong_4m,22.087938467907698,118.36655348812158
2025-09-05,WS-a84d3fd5d4ca,AOR,strong_4m,21.829182342326938,115.61623130735377
2025-09-06,WS-a84d3fd5d4ca,AOR,strong_4m,21.5443802158103,112.58906584825402
2025-09-07,WS-a84d3fd5d4ca,AOR,strong_4m,21.29825401205482,109.97298726871294
2025-09-08,WS-a84d3fd5d4ca,AOR,strong_4m,21.342774811515326,110.44619941774677
2025-09-09,WS-a84d3fd5d4ca,AOR,strong_4m,21.003238778637538,106.83726656524804
2025-09-10,WS-a84d3fd5d4ca,AOR,strong_4m,21.301560808301858,110.00813524847611
2025-09-11,WS-a84d3fd5d4ca,AOR,strong_4m,24.550772598263812,144.54404907810056
2025-09-12,WS-a84d3fd5d4ca,AOR,strong_4m,24.29164460548173,141.7897743160758
2025-09-13,WS-a84d3fd5d4ca,AOR,strong_4m,23.988236604200225,138.5648467752339
2025-09-14,WS-a84d3fd5d4ca,AOR,strong_4m,23.698133047329783,135.4813323448426
2025-09-15,WS-a84d3fd5d4ca,AOR,strong_4m,23.34561311100292,131.73439341589335
2025-09-16,WS-a84d3fd5d4ca,AOR,strong_4m,23.07589793956516,128.86758739601675
2025-09-17,WS-a84d3fd5d4ca,AOR,strong_4m,23.194429605880025,130.12746199901392
2025-09-18,WS-a84d3fd5d4ca,AOR,strong_4m,22.86786770020602,126.656431311129
2025-09-19,WS-a84d3fd5d4ca,AOR,strong_4m,22.596842692521804,123.77570302497287
2025-09-20,WS-a84d3fd5d4ca,AOR,strong_4m,23.362254800880407,131.911278151251
2025-09-21,WS-a84d3fd5d4ca,AOR,strong_4m,23.079985240586588,128.91103137104722
2025-09-22,WS-a84d3fd5d4ca,AOR,strong_4m,22.732646179853568,125.21916003529826
2025-09-23,WS-a84d3fd5d4ca,AOR,strong_4m,22.94017407562781,127.42497670377287
2025-09-24,WS-a84d3fd5d4ca,AOR,strong_4m,22.667504500677715,124.52676829103443
2025-09-25,WS-a84d3fd5d4ca,AOR,strong_4m,22.33773328854771,121.02162584362685
2025-09-26,WS-a84d3fd5d4ca,AOR,strong_4m,21.933351414041738,116.72344570795657
2025-09-27,WS-a84d3fd5d4ca,AOR,strong_4m,21.51636034008338,112.29124222942708
2025-09-28,WS-a84d3fd5d4ca,AOR,strong_4m,21.193044189277586,108.85471071170615
2025-09-29,WS-a84d3fd5d4ca,AOR,strong_4m,20.879622720553613,105.523349896863
2025-09-30,WS-a84d3fd5d4ca,AOR,strong_4m,20.595299642468227,102.5012762496892
2025-10-01,WS-a84d3fd5d4ca,AOR,strong_4m,20.285960482030177,99.2133063420268
2025-10-02,WS-a84d3fd5d4ca,AOR,strong_4m,20.05073438199971,96.71308510491684
2025-10-03,WS-a84d3fd5d4ca,AOR,strong_4m,19.913558374491927,95.2550395600199
2025-10-04,WS-a84d3fd5d4ca,AOR,strong_4m,19.64809813864435,92.43345930515723
2025-10-05,WS-a84d3fd5d4ca,AOR,strong_4m,19.364871000209,89.42303441459354
2025-10-06,WS-a84d3fd5d4ca,AOR,strong_4m,19.107398460888177,86.68635548866158
2025-10-07,WS-a84d3fd5d4ca,AOR,strong_4m,18.93050797405766,84.80618423317982
2025-10-08,WS-a84d3fd5d4ca,AOR,strong_4m,18.670651715701176,82.04416872701506
2025-10-09,WS-a84d3fd5d4ca,AOR,strong_4m,19.69340621263025,92.91503940522867
2025-10-10,WS-a84d3fd5d4ca,AOR,strong_4m,19.576912984430507,91.6768313871271
2025-10-11,WS-a84d3fd5d4ca,AOR,strong_4m,19.21550635467635,87.83543567964975
2025-10-12,WS-a84d3fd5d4ca,AOR,strong_4m,18.970723342890366,85.23363390479668
2025-10-13,WS-a84d3fd5d4ca,AOR,strong_4m,18.67410662796736,82.08089103384727
2025-10-14,WS-a84d3fd5d4ca,AOR,strong_4m,18.411221193222147,79.28667837295748
2025-10-15,WS-a84d3fd5d4ca,AOR,strong_4m,18.135300139540306,76.35390995103604
2025-10-16,WS-a84d3fd5d4ca,AOR,strong_4m,17.841356436447455,73.22957855714611
2025-10-17,WS-a84d3fd5d4ca,AOR,strong_4m,17.579745922614066,70.44891704699582
2025-10-18,WS-a84d3fd5d4ca,AOR,strong_4m,17.32806924017504,67.77384235826902
2025-10-19,WS-a84d3fd5d4ca,AOR,strong_4m,17.10474168756658,65.4000909344639
2025-10-20,WS-a84d3fd5d4ca,AOR,strong_4m,16.795542186193508,62.11360546479607
2025-10-21,WS-a84d3fd5d4ca,AOR,strong_4m,16.762625267350252,61.76373111181621
2025-10-22,WS-a84d3fd5d4ca,AOR,strong_4m,16.869767311895885,62.90254527880564
2025-10-23,WS-a84d3fd5d4ca,AOR,strong_4m,16.786621633365392,62.018788794261965
2025-10-24,WS-a84d3fd5d4ca,AOR,strong_4m,16.73659583882494,61.48706398184896
2025-10-25,WS-a84d3fd5d4ca,AOR,strong_4m,16.553875241580634,59.54492440793075
2025-10-26,WS-a84d3fd5d4ca,AOR,strong_4m,16.440217364943983,58.336853377994125
2025-10-27,WS-a84d3fd5d4ca,AOR,strong_4m,17.35431815961698,68.05284246000704
2025-10-28,WS-a84d3fd5d4ca,AOR,strong_4m,17.398532432192958,68.52279653084996
2025-10-29,WS-a84d3fd5d4ca,AOR,strong_4m,17.242404247418413,66.86330805047218
2025-10-30,WS-a84d3fd5d4ca,AOR,strong_4m,17.069690810836555,65.0275347157093
2025-10-31,WS-a84d3fd5d4ca,AOR,strong_4m,16.888469693487252,63.10133313284573
2025-11-01,WS-a84d3fd5d4ca,AOR,strong_4m,17.00337357893136,64.3226480063933
2025-11-02,WS-a84d3fd5d4ca,AOR,strong_4m,16.740884307172777,61.53264616697447
2025-11-03,WS-a84d3fd5d4ca,AOR,strong_4m,16.555184598825186,59.55884158289288
2025-11-04,WS-a84d3fd5d4ca,AOR,strong_4m,16.663329587824023,60.70831605935149
2025-11-05,WS-a84d3fd5d4ca,AOR,strong_4m,17.707065161988353,71.80219487685848
2025-11-06,WS-a84d3fd5d4ca,AOR,strong_4m,17.44391743562644,69.00519431500742
2025-11-07,WS-a84d3fd5d4ca,AOR,strong_4m,17.168697505151826,66.0798781406568
2025-11-08,WS-a84d3fd5d4ca,AOR,strong_4m,16.929575286013517,63.538245003530335
2025-11-09,WS-a84d3fd5d4ca,AOR,strong_4m,16.7055231171939,61.15679162471394
2025-11-10,WS-a84d3fd5d4ca,AOR,strong_4m,16.492694849808096,58.89463723833263
2025-11-11,WS-a84d3fd5d4ca,AOR,strong_4m,16.295904204840568,56.8029469465298
2025-11-12,WS-a84d3fd5d4ca,AOR,strong_4m,16.151019244768477,55.26296284585752
2025-11-13,WS-a84d3fd5d4ca,AOR,strong_4m,15.917839206977638,52.784489230560396
2025-11-14,WS-a84d3fd5d4ca,AOR,strong_4m,15.6731626702404,50.183819180367365
2025-11-15,WS-a84d3fd5d4ca,AOR,strong_4m,15.879845619442383,52.380654900877914
2025-11-16,WS-a84d3fd5d4ca,AOR,strong_4m,15.753623866457323,51.03904226793618
2025-11-17,WS-a84d3fd5d4ca,AOR,strong_4m,15.626912125161928,49.69222154295331
2025-11-18,WS-a84d3fd5d4ca,AOR,strong_4m,15.42622389037267,47.55910371889713
2025-11-19,WS-a84d3fd5d4ca,AOR,strong_4m,15.223352117655358,45.402777042170925
2025-11-20,WS-a84d3fd5d4ca,AOR,strong_4m,15.019187372888341,43.232707348928955
2025-11-21,WS-a84d3fd5d4ca,AOR,strong_4m,14.92068228461106,42.18569550099904
2025-11-22,WS-a84d3fd5d4ca,AOR,strong_4m,14.834310595341181,41.267649706890154
2025-11-23,WS-a84d3fd5d4ca,AOR,strong_4m,16.35578736376099,57.43944581148852
2025-11-24,WS-a84d3fd5d4ca,AOR,strong_4m,16.251747108374957,56.333600601298016
2025-11-25,WS-a84d3fd5d4ca,AOR,strong_4m,16.02185971636486,53.89012456027612
2025-11-26,WS-a84d3fd5d4ca,AOR,strong_4m,16.009059027793025,53.75406587710793
2025-11-27,WS-a84d3fd5d4ca,AOR,strong_4m,15.737530530861273,50.867985997275845
2025-11-28,WS-a84d3fd5d4ca,AOR,strong_4m,15.513491732672241,48.486674735063644
2025-11-29,WS-a84d3fd5d4ca,AOR,strong_4m,15.340274514419184,46.645546698449934
2025-11-30,WS-a84d3fd5d4ca,AOR,strong_4m,15.422620785731452,47.520806273408134
2025-12-01,WS-a84d3fd5d4ca,AOR,strong_4m,15.341025905892563,46.653533248067
2025-12-02,WS-a84d3fd5d4ca,AOR,strong_4m,15.520336335478666,48.559426106165716
2025-12-03,WS-a84d3fd5d4ca,AOR,strong_4m,15.313197510606768,46.35774487730701
2025-12-04,WS-a84d3fd5d4ca,AOR,strong_4m,15.091884324288449,44.005404178660676
2025-12-05,WS-a84d3fd5d4ca,AOR,strong_4m,14.830959900079025,41.232035123931695
2025-12-06,WS-a84d3fd5d4ca,AOR,strong_4m,14.59410176289226,38.714466942935005
2025-12-07,WS-a84d3fd5d4ca,AOR,strong_4m,14.431975875002871,36.99122879914975
2025-12-08,WS-a84d3fd5d4ca,AOR,strong_4m,14.281021257774137,35.38673023463586
2025-12-09,WS-a84d3fd5d4ca,AOR,strong_4m,14.090824406062092,33.36512545599815
2025-12-10,WS-a84d3fd5d4ca,AOR,strong_4m,13.926912569014304,31.622904435679846
2025-12-11,WS-a84d3fd5d4ca,AOR,strong_4m,13.822709153533468,30.515324994746916
2025-12-12,WS-a84d3fd5d4ca,AOR,strong_4m,13.730616787860141,29.536474057702407
2025-12-13,WS-a84d3fd5d4ca,AOR,strong_4m,13.661953374330805,28.806649753782597
2025-12-14,WS-a84d3fd5d4ca,AOR,strong_4m,14.04937535970417,32.92456301012753
2025-12-15,WS-a84d3fd5d4ca,AOR,strong_4m,13.905886674366469,31.399419931532766
2025-12-16,WS-a84d3fd5d4ca,AOR,strong_4m,13.763240380955727,29.883230647544504
2025-12-17,WS-a84d3fd5d4ca,AOR,strong_4m,13.604004794764757,28.190713557618075
2025-12-18,WS-a84d3fd5d4ca,AOR,strong_4m,13.4511823462973,26.566361790888156
2025-12-19,WS-a84d3fd5d4ca,AOR,strong_4m,13.31330420002246,25.100853204021924
2025-12-20,WS-a84d3fd5d4ca,AOR,strong_4m,13.622860486328927,28.391130945327284
2025-12-21,WS-a84d3fd5d4ca,AOR,strong_4m,14.668995621777674,39.510514730532456
2025-12-22,WS-a84d3fd5d4ca,AOR,strong_4m,16.993053056491583,64.21295104088375
2025-12-23,WS-a84d3fd5d4ca,AOR,strong_4m,16.677596044910693,60.85995441488168
2025-12-24,WS-a84d3fd5d4ca,AOR,strong_4m,16.387048899738012,57.77172507873104
2025-12-25,WS-a84d3fd5d4ca,AOR,strong_4m,16.108575200236025,54.81182455161578
2025-12-26,WS-a84d3fd5d4ca,AOR,strong_4m,15.85956730058639,52.16511638941987
2025-12-27,WS-a84d3fd5d4ca,AOR,strong_4m,15.617761796683387,49.59496258408091
2025-12-28,WS-a84d3fd5d4ca,AOR,strong_4m,15.37641010206311,47.02963232343412
2025-12-29,WS-a84d3fd5d4ca,AOR,strong_4m,15.154062722168232,44.666299167985294
2025-12-30,WS-a84d3fd5d4ca,AOR,strong_4m,14.92224676713778,42.20232440586074
2025-12-31,WS-a84d3fd5d4ca,AOR,strong_4m,14.73052331610141,40.16449338340596
2026-01-01,WS-a84d3fd5d4ca,AOR,strong_4m,15.806436997263889,51.600393713306104
2026-01-02,WS-a84d3fd5d4ca,AOR,strong_4m,15.579172442417365,49.184795842168455
2026-01-03,WS-a84d3fd5d4ca,AOR,strong_4m,15.339816806128004,46.640681711146826
2026-01-04,WS-a84d3fd5d4ca,AOR,strong_4m,15.171038902374105,44.846739205337585
2026-01-05,WS-a84d3fd5d4ca,AOR,strong_4m,15.019454960052473,43.23555153633185
2026-01-06,WS-a84d3fd5d4ca,AOR,strong_4m,14.79906067150574,40.89297781389672
2026-01-07,WS-a84d3fd5d4ca,AOR,strong_4m,14.571709527830512,38.47645958898711
2026-01-08,WS-a84d3fd5d4ca,AOR,strong_4m,14.331121281562007,35.91924403067262
2026-01-09,WS-a84d3fd5d4ca,AOR,strong_4m,14.103203041579482,33.49669813183225
2026-01-10,WS-a84d3fd5d4ca,AOR,strong_4m,13.856600389076883,30.875555372441244
2026-01-11,WS-a84d3fd5d4ca,AOR,strong_4m,13.720614617604996,29.430160861650347
2026-01-12,WS-a84d3fd5d4ca,AOR,strong_4m,13.573313804696658,27.864498630166363
2026-01-13,WS-a84d3fd5d4ca,AOR,strong_4m,13.428698390352539,26.32737953449715
2026-01-14,WS-a84d3fd5d4ca,AOR,strong_4m,13.300577360826816,24.96557946682138
2026-01-15,WS-a84d3fd5d4ca,AOR,strong_4m,13.515017301496998,27.24486434923339
2026-01-16,WS-a84d3fd5d4ca,AOR,strong_4m,13.475732265093674,26.82730319295224
2026-01-17,WS-a84d3fd5d4ca,AOR,strong_4m,13.402632009491315,26.050319637677084
2026-01-18,WS-a84d3fd5d4ca,AOR,strong_4m,13.334285407832878,25.323862731200375
2026-01-19,WS-a84d3fd5d4ca,AOR,strong_4m,13.242646342752446,24.349829931977343
2026-01-20,WS-a84d3fd5d4ca,AOR,strong_4m,13.13652724000046,23.221888626445313
2026-01-21,WS-a84d3fd5d4ca,AOR,strong_4m,13.020299432479382,21.9865017681448
2026-01-22,WS-a84d3fd5d4ca,AOR,strong_4m,12.919399566261378,20.914035794738236
2026-01-23,WS-a84d3fd5d4ca,AOR,strong_4m,12.820521883569592,19.86306363599312
2026-01-24,WS-a84d3fd5d4ca,AOR,strong_4m,12.717433533910468,18.767336243994627
2026-01-25,WS-a84d3fd5d4ca,AOR,strong_4m,12.620031956976208,17.732053632296804
2026-01-26,WS-a84d3fd5d4ca,AOR,strong_4m,12.527183982390403,16.745171318420937
2026-01-27,WS-a84d3fd5d4ca,AOR,strong_4m,12.434086486101277,15.755636835157002
2026-01-28,WS-a84d3fd5d4ca,AOR,strong_4m,12.33702481357142,14.723967071737336
2026-01-29,WS-a84d3fd5d4ca,AOR,strong_4m,12.261969028874555,13.926198172611171
2026-01-30,WS-a84d3fd5d4ca,AOR,strong_4m,12.177464669391911,13.028000250783988
2026-01-31,WS-a84d3fd5d4ca,AOR,strong_4m,12.094798149876217,12.149336753560126
2026-02-01,WS-a84d3fd5d4ca,AOR,strong_4m,12.041850071022226,11.586550943661615
2026-02-02,WS-a84d3fd5d4ca,AOR,strong_4m,12.15497438364366,12.788950714830413
2026-02-03,WS-a84d3fd5d4ca,AOR,strong_4m,12.106331106212645,12.271920694522715
2026-02-04,WS-a84d3fd5d4ca,AOR,strong_4m,12.047744609429015,11.6492040680628
2026-02-05,WS-a84d3fd5d4ca,AOR,strong_4m,11.982978969718618,10.960809252104974
2026-02-06,WS-a84d3fd5d4ca,AOR,strong_4m,11.92507981386324,10.34539838119567
2026-02-07,WS-a84d3fd5d4ca,AOR,strong_4m,11.879515387148293,9.861093504676036
2026-02-08,WS-a84d3fd5d4ca,AOR,strong_4m,14.423085144072951,36.89672910595438
2026-02-09,WS-a84d3fd5d4ca,AOR,strong_4m,15.00382229085409,43.06939169472651
2026-02-10,WS-a84d3fd5d4ca,AOR,strong_4m,15.743615176007852,50.932659768654894
2026-02-11,WS-a84d3fd5d4ca,AOR,strong_4m,15.55516265234734,48.92959547527101
2026-02-12,WS-a84d3fd5d4ca,AOR,strong_4m,15.522180823528993,48.579031193332604
2026-02-13,WS-a84d3fd5d4ca,AOR,strong_4m,15.305978291059565,46.28101170005784
2026-02-14,WS-a84d3fd5d4ca,AOR,strong_4m,15.14919601722348,44.614570898647635
2026-02-15,WS-a84d3fd5d4ca,AOR,strong_4m,14.979502740731922,42.810898884258066
2026-02-16,WS-a84d3fd5d4ca,AOR,strong_4m,14.810734444005229,41.017058491664315
2026-02-17,WS-a84d3fd5d4ca,AOR,strong_4m,14.631977817908835,39.11705201796757
2026-02-18,WS-a84d3fd5d4ca,AOR,strong_4m,14.459693872496237,37.285843750356676
2026-02-19,WS-a84d3fd5d4ca,AOR,strong_4m,14.290305794013326,35.485415689519186
2026-02-20,WS-a84d3fd5d4ca,AOR,strong_4m,14.142216303003066,33.911370588364626
2026-02-21,WS-a84d3fd5d4ca,AOR,strong_4m,13.983456803706003,32.22391383214565
2026-02-22,WS-a84d3fd5d4ca,AOR,strong_4m,13.913013466052425,31.47517069185818
2026-02-23,WS-a84d3fd5d4ca,AOR,strong_4m,14.425360778721918,36.92091685585339
2026-02-24,WS-a84d3fd5d4ca,AOR,strong_4m,14.259336802711859,35.15624588338894
2026-02-25,WS-a84d3fd5d4ca,AOR,strong_4m,14.12399393541884,33.71768480936898
2026-02-26,WS-a84d3fd5d4ca,AOR,strong_4m,14.543038043024529,38.171710008893264
2026-02-27,WS-a84d3fd5d4ca,AOR,strong_4m,14.444278972057104,37.12199857568914
2026-02-28,WS-a84d3fd5d4ca,AOR,strong_4m,14.443296344317693,37.11155421283171
2026-03-01,WS-a84d3fd5d4ca,AOR,strong_4m,14.358738213494716,36.21278475473783
2026-03-02,WS-a84d3fd5d4ca,AOR,strong_4m,14.747211013967485,40.34186713826491
2026-03-03,WS-a84d3fd5d4ca,AOR,strong_4m,18.023728108200636,75.16800939753963
2026-03-04,WS-a84d3fd5d4ca,AOR,strong_4m,19.655097664686693,92.50785735732275
2026-03-05,WS-a84d3fd5d4ca,AOR,strong_4m,19.355571131872566,89.32418599465178
2026-03-06,WS-a84d3fd5d4ca,AOR,strong_4m,19.036463106724312,85.93238269856965
2026-03-07,WS-a84d3fd5d4ca,AOR,strong_4m,18.78109855892376,83.2181096415695
2026-03-08,WS-a84d3fd5d4ca,AOR,strong_4m,19.40468880695574,89.84625839369467
2026-03-09,WS-a84d3fd5d4ca,AOR,strong_4m,19.121084893808366,86.8318287598798
2026-03-10,WS-a84d3fd5d4ca,AOR,strong_4m,18.778778139608036,83.19344587487264
2026-03-11,WS-a84d3fd5d4ca,AOR,strong_4m,18.485416684962765,80.0753032072071
2026-03-12,WS-a84d3fd5d4ca,AOR,strong_4m,18.169745374984196,76.72002880078487
2026-03-13,WS-a84d3fd5d4ca,AOR,strong_4m,18.24120143147561,77.47953614260125
2026-03-14,WS-a84d3fd5d4ca,AOR,strong_4m,17.985891793097785,74.7658467185602
2026-03-15,WS-a84d3fd5d4ca,AOR,strong_4m,17.72570342817523,72.00030124744107
2026-03-16,WS-a84d3fd5d4ca,AOR,strong_4m,17.508413326489915,69.69072196700816
2026-03-17,WS-a84d3fd5d4ca,AOR,strong_4m,17.35606538128326,68.0714137015291
2026-03-18,WS-a84d3fd5d4ca,AOR,strong_4m,17.244888549212504,66.88971372613562
2026-03-19,WS-a84d3fd5d4ca,AOR,strong_4m,17.736347626882072,72.11343857214872
2026-03-20,WS-a84d3fd5d4ca,AOR,strong_4m,19.09975377271887,86.6050999999658
2026-03-21,WS-a84d3fd5d4ca,AOR,strong_4m,18.886415936255354,84.33752939731546
2026-03-22,WS-a84d3fd5d4ca,AOR,strong_4m,18.762149614410518,83.01670106706742
2026-03-23,WS-a84d3fd5d4ca,AOR,strong_4m,18.515449573492894,80.3945231649629
2026-03-24,WS-a84d3fd5d4ca,AOR,strong_4m,18.25424983798191,77.6182278228751
2026-03-25,WS-a84d3fd5d4ca,AOR,strong_4m,17.994896154340267,74.86155418980657
2026-03-26,WS-a84d3fd5d4ca,AOR,strong_4m,17.83816373880532,73.19564333291926
2026-03-27,WS-a84d3fd5d4ca,AOR,strong_4m,19.346720325941988,89.230110664787
2026-03-28,WS-a84d3fd5d4ca,AOR,strong_4m,19.22803922114835,87.96864767828043
2026-03-29,WS-a84d3fd5d4ca,AOR,strong_4m,18.98695033119622,85.40611077182534
2026-03-30,WS-a84d3fd5d4ca,AOR,strong_4m,18.74893745111099,82.87626881373602
2026-03-31,WS-a84d3fd5d4ca,AOR,strong_4m,18.514144803383502,80.38065474671919
2026-04-01,WS-a84d3fd5d4ca,AOR,strong_4m,18.2678488949472,77.76277237394697
2026-04-02,WS-a84d3fd5d4ca,AOR,strong_4m,18.02238707008408,75.1537554861822
2026-04-03,WS-a84d3fd5d4ca,AOR,strong_4m,17.819892104653277,73.00143389894187
2026-04-04,WS-a84d3fd5d4ca,AOR,strong_4m,17.677175105352035,71.48449308113571
2026-04-05,WS-a84d3fd5d4ca,AOR,strong_4m,17.53412014148256,69.96396003359494
2026-04-06,WS-a84d3fd5d4ca,AOR,strong_4m,17.670406429636714,71.41254874005975
2026-04-07,WS-a84d3fd5d4ca,AOR,strong_4m,17.78422496763323,72.62232744165296
2026-04-08,WS-a84d3fd5d4ca,AOR,strong_4m,17.62121488054428,70.88969113322398
2026-04-09,WS-a84d3fd5d4ca,AOR,strong_4m,17.397448257797507,68.51127282728181
2026-04-10,WS-a84d3fd5d4ca,AOR,strong_4m,17.977745177976033,74.679256241843
2026-04-11,WS-a84d3fd5d4ca,AOR,strong_4m,17.796034969811885,72.74785610642937
2026-04-12,WS-a84d3fd5d4ca,AOR,strong_4m,17.66726151996501,71.37912145478417
2026-04-13,WS-a84d3fd5d4ca,AOR,strong_4m,17.49143045066498,69.5102107618349
2026-04-14,WS-a84d3fd5d4ca,AOR,strong_4m,17.33947711338343,67.89509678905792
2026-04-15,WS-a84d3fd5d4ca,AOR,strong_4m,17.194192196237992,66.35086153951823
2026-04-16,WS-a84d3fd5d4ca,AOR,strong_4m,17.05221170166344,64.84174903990746
2026-04-17,WS-a84d3fd5d4ca,AOR,strong_4m,16.907467310480683,63.30325904776463
2026-04-18,WS-a84d3fd5d4ca,AOR,strong_4m,16.769082728306643,61.832367547224074
2026-04-19,WS-a84d3fd5d4ca,AOR,strong_4m,16.636771106100475,60.42602561614806
2026-04-20,WS-a84d3fd5d4ca,AOR,strong_4m,16.50188380865852,58.992306799923746
2026-04-21,WS-a84d3fd5d4ca,AOR,strong_4m,16.362018192120054,57.505673366109875
2026-04-22,WS-a84d3fd5d4ca,AOR,strong_4m,16.24428012730339,56.254233963625545
2026-04-23,WS-a84d3fd5d4ca,AOR,strong_4m,16.13690343906839,55.11292576584939
2026-04-24,WS-a84d3fd5d4ca,AOR,strong_4m,16.029158276159638,53.96770104603537
2026-04-25,WS-a84d3fd5d4ca,AOR,strong_4m,15.911181763220325,52.71372717539419
2026-04-26,WS-a84d3fd5d4ca,AOR,strong_4m,15.793510410119099,51.46299685258969
2026-04-27,WS-a84d3fd5d4ca,AOR,strong_4m,15.669117832516624,50.14082654827281
2026-04-28,WS-a84d3fd5d4ca,AOR,strong_4m,15.557189892268388,48.951143034418024
2026-04-29,WS-a84d3fd5d4ca,AOR,strong_4m,15.436606566951715,47.669461321550976
2026-04-30,WS-a84d3fd5d4ca,AOR,strong_4m,15.336804340013797,46.60866217014417
2026-05-01,WS-a84d3fd5d4ca,AOR,strong_4m,15.24783888027382,45.663047156409185
2026-05-02,WS-a84d3fd5d4ca,AOR,strong_4m,15.18178099777374,44.96091707524973
2026-05-03,WS-a84d3fd5d4ca,AOR,strong_4m,15.626151071793641,49.684132296931224
2026-05-04,WS-a84d3fd5d4ca,AOR,strong_4m,16.90557597715715,63.28315604158743
2026-05-05,WS-a84d3fd5d4ca,AOR,strong_4m,17.153476012593742,65.9180887008399
2026-05-06,WS-a84d3fd5d4ca,AOR,strong_4m,17.039838488586987,64.7102339992678
2026-05-07,WS-a84d3fd5d4ca,AOR,strong_4m,16.937519029091035,63.62267915068483
2026-05-08,WS-a84d3fd5d4ca,AOR,strong_4m,16.860633343834074,62.80546021501269
2026-05-09,WS-a84d3fd5d4ca,AOR,strong_4m,16.770318855723858,61.84550636141129
2026-05-10,WS-a84d3fd5d4ca,AOR,strong_4m,16.663702138638044,60.71227590673661
2026-05-11,WS-a84d3fd5d4ca,AOR,strong_4m,16.56745624793902,59.68927709887002
2026-05-12,WS-a84d3fd5d4ca,AOR,strong_4m,16.486624425116688,58.830114616354145
2026-05-13,WS-a84d3fd5d4ca,AOR,strong_4m,16.396081045780107,57.86772787496923
2026-05-14,WS-a84d3fd5d4ca,AOR,strong_4m,16.67079125265459,60.78762619063004
2026-05-15,WS-a84d3fd5d4ca,AOR,strong_4m,16.60782113904755,60.11831604467626
2026-05-16,WS-a84d3fd5d4ca,AOR,strong_4m,16.506960253611474,59.04626439850123
2026-05-17,WS-a84d3fd5d4ca,AOR,strong_4m,16.441738737963014,58.35302407134512
2026-05-18,WS-a84d3fd5d4ca,AOR,strong_4m,17.10433721421321,65.3957917819982
2026-05-19,WS-a84d3fd5d4ca,AOR,strong_4m,18.423398735585614,79.41611362707683
2026-05-20,WS-a84d3fd5d4ca,AOR,strong_4m,19.006051220627157,85.60913437080832
2026-05-21,WS-a84d3fd5d4ca,AOR,strong_4m,18.878249505096868,84.25072829568941
2026-05-22,WS-a84d3fd5d4ca,AOR,strong_4m,18.760262773734397,82.99664581329729
2026-05-23,WS-a84d3fd5d4ca,AOR,strong_4m,18.644032289421062,81.76123050333749
2026-05-24,WS-a84d3fd5d4ca,AOR,strong_4m,18.546366309652377,80.72313755051809
2026-05-25,WS-a84d3fd5d4ca,AOR,strong_4m,18.414667102323897,79.32330498503933
2026-05-26,WS-a84d3fd5d4ca,AOR,strong_4m,19.988528885972457,96.05190208903485
2026-05-27,WS-a84d3fd5d4ca,AOR,strong_4m,20.97688307721149,106.55713147643011
2026-05-28,WS-a84d3fd5d4ca,AOR,strong_4m,20.852279954434884,105.23272328475437
2026-05-29,WS-a84d3fd5d4ca,AOR,strong_4m,20.704909536351806,103.66632121897449
2026-05-30,WS-a84d3fd5d4ca,AOR,strong_4m,20.593268418072945,102.47968633951446
2026-05-31,WS-a84d3fd5d4ca,AOR,strong_4m,20.607997122998142,102.63623793325478
2026-06-01,WS-a84d3fd5d4ca,AOR,strong_4m,20.469006091392416,101.15890047391913
2026-06-02,WS-a84d3fd5d4ca,AOR,strong_4m,21.50636452062048,112.18499653602733
2026-06-03,WS-a84d3fd5d4ca,AOR,strong_4m,22.97060318165341,127.74840806237472
2026-06-04,WS-a84d3fd5d4ca,AOR,strong_4m,23.27987581199597,131.03567082079815
2026-06-05,WS-a84d3fd5d4ca,AOR,strong_4m,23.176608304397007,129.938039156757
2026-06-06,WS-a84d3fd5d4ca,AOR,strong_4m,23.0306695237715,128.3868539838933
2026-06-07,WS-a84d3fd5d4ca,AOR,strong_4m,22.905064737888658,127.05179910220178
2026-06-08,WS-a84d3fd5d4ca,AOR,strong_4m,22.721266823838604,125.09820871412444
2026-06-09,WS-a84d3fd5d4ca,AOR,strong_4m,22.60388889081075,123.85059715704683
2026-06-10,WS-a84d3fd5d4ca,AOR,strong_4m,22.608768550924836,123.9024631270456
2026-06-11,WS-a84d3fd5d4ca,AOR,strong_4m,22.879404104790652,126.7790519035661
2026-06-12,WS-a84d3fd5d4ca,AOR,strong_4m,22.818992115232334,126.13693209096783
2026-06-13,WS-a84d3fd5d4ca,AOR,strong_4m,22.701752814168152,124.89079405481192
2026-06-14,WS-a84d3fd5d4ca,AOR,strong_4m,22.761542768572845,125.52630224777641
2026-06-15,WS-a84d3fd5d4ca,AOR,strong_4m,22.59735482265726,123.78114646275745
2026-06-16,WS-a84d3fd5d4ca,AOR,strong_4m,22.43108581825529,122.0138710803697
2026-06-17,WS-a84d3fd5d4ca,AOR,strong_4m,22.66822489924178,124.53442541662048
2026-06-18,WS-a84d3fd5d4ca,AOR,strong_4m,22.522599936509614,122.98657581817396
2026-06-19,WS-a84d3fd5d4ca,AOR,strong_4m,23.288873383736565,131.13130612634177
2026-06-20,WS-a84d3fd5d4ca,AOR,strong_4m,24.336739344531203,142.26908687636913
2026-06-21,WS-a84d3fd5d4ca,AOR,strong_4m,24.455827973445977,143.53488144199113
2026-06-22,WS-a84d3fd5d4ca,AOR,strong_4m,24.534615086612547,144.37231067932544
2026-06-23,WS-a84d3fd5d4ca,AOR,strong_4m,24.37246457923719,142.64881085470773
2026-06-24,WS-a84d3fd5d4ca,AOR,strong_4m,24.18588045445906,140.66560579703165
2026-06-25,WS-a84d3fd5d4ca,AOR,strong_4m,24.00189035466947,138.7099726642614
2026-06-26,WS-a84d3fd5d4ca,AOR,strong_4m,23.820458215891108,136.7815281319192
2026-06-27,WS-a84d3fd5d4ca,AOR,strong_4m,23.66683323003471,135.14864618497907
2026-06-28,WS-a84d3fd5d4ca,AOR,strong_4m,23.561708666653814,134.03127585119051
2026-06-29,WS-a84d3fd5d4ca,AOR,strong_4m,23.457660763086167,132.9253493483794
2026-06-30,WS-a84d3fd5d4ca,AOR,strong_4m,23.900442467087373,137.6316817647403
2026-07-01,WS-a84d3fd5d4ca,AOR,strong_4m,25.1520985222474,150.93555004408088
2026-07-02,WS-a84d3fd5d4ca,AOR,strong_4m,27.369461307658504,174.50392755722248
2026-07-03,WS-a84d3fd5d4ca,AOR,strong_4m,27.369461307658504,174.50392755722248
2026-07-04,WS-a84d3fd5d4ca,AOR,strong_4m,27.192283212810047,172.6206993124256
2026-07-05,WS-a84d3fd5d4ca,AOR,strong_4m,26.967791306102193,170.2345719539498
2026-07-06,WS-a84d3fd5d4ca,AOR,strong_4m,26.72939074724598,167.70060935322658
2026-07-07,WS-a84d3fd5d4ca,AOR,strong_4m,26.47903865890475,165.03961379217063
2026-07-08,WS-a84d3fd5d4ca,AOR,strong_4m,26.278421647469244,162.90725300205594
2026-07-09,WS-a84d3fd5d4ca,AOR,strong_4m,26.087925223947323,160.8824640708051
2026-07-10,WS-a84d3fd5d4ca,AOR,strong_4m,25.877491547206937,158.6457618191362
2026-07-11,WS-a84d3fd5d4ca,AOR,strong_4m,25.67731508592042,156.51808364221097
2026-07-12,WS-a84d3fd5d4ca,AOR,strong_4m,26.31026622341625,163.24572940862453
2026-07-13,WS-a84d3fd5d4ca,AOR,strong_4m,26.42277847717878,164.44162359832433
2026-07-14,WS-a84d3fd5d4ca,AOR,strong_4m,26.407022071998092,164.27414856537456
2026-07-15,WS-a84d3fd5d4ca,AOR,strong_4m,26.33770477980824,163.53737417677746
2026-07-16,WS-a84d3fd5d4ca,AOR,strong_4m,26.093567782901083,160.942438902365
2026-07-17,WS-a84d3fd5d4ca,AOR,strong_4m,25.85512118850037,158.40798698924834
2026-07-18,WS-a84d3fd5d4ca,AOR,strong_4m,25.589359090040908,155.5831982328085
2026-07-19,WS-a84d3fd5d4ca,AOR,strong_4m,25.321146073360964,152.7323586351378
2026-07-20,WS-a84d3fd5d4ca,AOR,strong_4m,25.0670834960263,150.0319242389346
2026-07-21,WS-a84d3fd5d4ca,AOR,strong_4m,24.822307511149987,147.43019715319457
2026-07-22,WS-a84d3fd5d4ca,AOR,strong_4m,24.602216135905664,145.0908431001396
2026-07-23,WS-a84d3fd5d4ca,AOR,strong_4m,24.493399300463864,143.93422755921347
2026-07-24,WS-a84d3fd5d4ca,AOR,strong_4m,24.285178630054403,141.72104738024706
2026-07-25,WS-a84d3fd5d4ca,AOR,strong_4m,24.073610167003558,139.4722834703157
2026-07-26,WS-a84d3fd5d4ca,AOR,strong_4m,23.865398774289012,137.25920190408758
2026-07-27,WS-a84d3fd5d4ca,AOR,strong_4m,23.64780465602221,134.9463912275071
2026-07-28,WS-a84d3fd5d4ca,AOR,strong_4m,23.446349747848558,132.80512442220547
2026-07-29,WS-a84d3fd5d4ca,AOR,strong_4m,23.451787811049734,132.86292566578584
2026-07-30,WS-a84d3fd5d4ca,AOR,strong_4m,23.265723397890675,130.88524462958102
2026-07-31,WS-a84d3fd5d4ca,AOR,strong_4m,23.05823377967762,128.67983481379562
2026-08-01,WS-a84d3fd5d4ca,AOR,strong_4m,22.836400014378363,126.32196087447758
2026-08-02,WS-a84d3fd5d4ca,AOR,strong_4m,22.641982286373157,124.25549234753126
2026-08-03,WS-a84d3fd5d4ca,AOR,strong_4m,22.479456555176185,122.52800426409642
2026-08-04,WS-a84d3fd5d4ca,AOR,strong_4m,22.324852851800557,120.88471951607943
2026-08-05,WS-a84d3fd5d4ca,AOR,strong_4m,22.276408450348256,120.36980335110269
2026-08-06,WS-a84d3fd5d4ca,AOR,strong_4m,22.167237286607403,119.20942165013697
2026-08-07,WS-a84d3fd5d4ca,AOR,strong_4m,22.000293566444583,117.43497470526492
2026-08-08,WS-a84d3fd5d4ca,AOR,strong_4m,21.81955348916511,115.5138861034793
2026-08-09,WS-a84d3fd5d4ca,AOR,strong_4m,21.7763690741209,115.05487840156302
2026-08-10,WS-a84d3fd5d4ca,AOR,strong_4m,23.776413383785204,136.31337504600802
2026-08-11,WS-a84d3fd5d4ca,AOR,strong_4m,24.202524759203655,140.84251832584528
2026-08-12,WS-a84d3fd5d4ca,AOR,strong_4m,24.084857072312587,139.59182697123566
2026-08-13,WS-a84d3fd5d4ca,AOR,strong_4m,23.986998125883034,138.55168297330053
2026-08-14,WS-a84d3fd5d4ca,AOR,strong_4m,23.773758058768074,136.2851515623112
2026-08-15,WS-a84d3fd5d4ca,AOR,strong_4m,23.54511158357156,133.85486524203213
2026-08-16,WS-a84d3fd5d4ca,AOR,strong_4m,23.339100224955473,131.66516786648114
2026-08-17,WS-a84d3fd5d4ca,AOR,strong_4m,23.219849574694898,130.39765117389456
2026-08-18,WS-a84d3fd5d4ca,AOR,strong_4m,22.995054431089514,128.00830070654183
2026-08-19,WS-a84d3fd5d4ca,AOR,strong_4m,22.76254684738762,125.53697461438918
2026-08-20,WS-a84d3fd5d4ca,AOR,strong_4m,22.565614336740857,123.44377643046052
2026-08-21,WS-a84d3fd5d4ca,AOR,strong_4m,22.6433772669031,124.27031961349313
2026-08-22,WS-a84d3fd5d4ca,AOR,strong_4m,22.400430160658644,121.68803170221065
2026-08-23,WS-a84d3fd5d4ca,AOR,strong_4m,22.190649705908925,119.45827255546678
2026-08-24,WS-a84d3fd5d4ca,AOR,strong_4m,21.95158948280661,116.91729837500283
2026-08-25,WS-a84d3fd5d4ca,AOR,strong_4m,22.540466295334873,123.17647757550004
2026-08-26,WS-a84d3fd5d4ca,AOR,strong_4m,24.279441412549723,141.66006642173411
2026-08-27,WS-a84d3fd5d4ca,AOR,strong_4m,25.107200889462625,150.4583325288055
2026-08-28,WS-a84d3fd5d4ca,AOR,strong_4m,24.836184952000586,147.57770065015737
2026-08-29,WS-a84d3fd5d4ca,AOR,strong_4m,24.540852052171722,144.43860346632547
2026-08-30,WS-a84d3fd5d4ca,AOR,strong_4m,24.231775969661584,141.15342981733627
2026-08-31,WS-a84d3fd5d4ca,AOR,strong_4m,23.910159954440125,137.734969062568
2026-09-01,WS-a84d3fd5d4ca,AOR,strong_4m,23.62462283097075,134.6999913114216
2026-09-02,WS-a84d3fd5d4ca,AOR,strong_4m,23.34194537513148,131.69540900422857
2026-09-03,WS-a84d3fd5d4ca,AOR,strong_4m,23.522721489079167,133.61688064022334
2026-09-04,WS-a84d3fd5d4ca,AOR,strong_4m,23.304726527535344,131.29980939530526
2026-09-05,WS-a84d3fd5d4ca,AOR,strong_4m,23.191828530395448,130.09981513429517
2026-09-06,WS-a84d3fd5d4ca,AOR,strong_4m,23.447932064906603,132.82194289052958
2026-09-07,WS-a84d3fd5d4ca,AOR,strong_4m,23.18212842802955,129.99671262171594
2026-09-08,WS-a84d3fd5d4ca,AOR,strong_4m,22.865051901004406,126.6265021452652
2026-09-09,WS-a84d3fd5d4ca,AOR,strong_4m,22.658461690745632,124.43065214817265
2026-09-10,WS-a84d3fd5d4ca,AOR,strong_4m,22.35769705401443,121.23382096307198
2026-09-11,WS-a84d3fd5d4ca,AOR,strong_4m,22.092672916052145,118.41687599823078
2026-09-12,WS-a84d3fd5d4ca,AOR,strong_4m,21.81738931552372,115.4908830740608
2026-09-13,WS-a84d3fd5d4ca,AOR,strong_4m,21.548907768000802,112.63718925861264
2026-09-14,WS-a84d3fd5d4ca,AOR,strong_4m,21.307881751648317,110.0753206364553
2026-09-15,WS-a84d3fd5d4ca,AOR,strong_4m,21.096806808842807,107.83180235954748
2026-09-16,WS-a84d3fd5d4ca,AOR,strong_4m,20.80626381535059,104.74361715166177
2026-09-17,WS-a84d3fd5d4ca,AOR,strong_4m,20.543404041565907,101.94967724145094
2026-09-18,WS-a84d3fd5d4ca,AOR,strong_4m,20.263998421884118,98.97987132278037
2026-09-19,WS-a84d3fd5d4ca,AOR,strong_4m,19.974434992482465,95.90209791418917
2026-09-20,WS-a84d3fd5d4ca,AOR,strong_4m,19.68057953184769,92.778704450519
2026-09-21,WS-a84d3fd5d4ca,AOR,strong_4m,19.3705686048055,89.48359432699685
2026-09-22,WS-a84d3fd5d4ca,AOR,strong_4m,19.17081692362037,87.36043114322271
2026-09-23,WS-a84d3fd5d4ca,AOR,strong_4m,18.943506687655834,84.94434772689519
2026-09-24,WS-a84d3fd5d4ca,AOR,strong_4m,18.695003872817104,82.30300811763878
2026-09-25,WS-a84d3fd5d4ca,AOR,strong_4m,18.473245895776337,79.94593973269319
2026-09-26,WS-a84d3fd5d4ca,AOR,strong_4m,18.20611439144487,77.10659554365914
2026-09-27,WS-a84d3fd5d4ca,AOR,strong_4m,18.058935231989828,75.54222636829196
2026-09-28,WS-a84d3fd5d4ca,AOR,strong_4m,17.858884657335466,73.4158862419961
2025-03-01,WS-f575dcdea0dc,AEG?,strong_4m,14.274805645961724,54.01914254274566
2025-03-02,WS-f575dcdea0dc,AEG?,strong_4m,14.05136097566023,51.644146273477695
2025-03-03,WS-f575dcdea0dc,AEG?,strong_4m,13.868417176348935,49.699634281923885
2025-03-04,WS-f575dcdea0dc,AEG?,strong_4m,13.692361600335154,47.82833730423194
2025-03-05,WS-f575dcdea0dc,AEG?,strong_4m,13.516846964088888,45.96278998227364
2025-03-06,WS-f575dcdea0dc,AEG?,strong_4m,13.365729689167168,44.356562527052766
2025-03-07,WS-f575dcdea0dc,AEG?,strong_4m,13.240595453593546,43.02650913063903
2025-03-08,WS-f575dcdea0dc,AEG?,strong_4m,13.104608851652053,41.581105792775986
2025-03-09,WS-f575dcdea0dc,AEG?,strong_4m,12.967897755609808,40.128001797814875
2025-03-10,WS-f575dcdea0dc,AEG?,strong_4m,12.847882340855723,38.85235641360854
2025-03-11,WS-f575dcdea0dc,AEG?,strong_4m,13.336741719488348,44.048449025182435
2025-03-12,WS-f575dcdea0dc,AEG?,strong_4m,13.208738838148637,42.68790475609259
2025-03-13,WS-f575dcdea0dc,AEG?,strong_4m,13.053899143948794,41.042111658575315
2025-03-14,WS-f575dcdea0dc,AEG?,strong_4m,12.899805023718692,39.404243276354265
2025-03-15,WS-f575dcdea0dc,AEG?,strong_4m,12.745172808254246,37.760655472979145
2025-03-16,WS-f575dcdea0dc,AEG?,strong_4m,12.62262480373246,36.45809115961798
2025-03-17,WS-f575dcdea0dc,AEG?,strong_4m,12.5102855519016,35.264035809670936
2025-03-18,WS-f575dcdea0dc,AEG?,strong_4m,12.397336266811923,34.063496408384204
2025-03-19,WS-f575dcdea0dc,AEG?,strong_4m,12.282451139059752,32.842380910585
2025-03-20,WS-f575dcdea0dc,AEG?,strong_4m,12.232600684175374,32.31251978562751
2025-03-21,WS-f575dcdea0dc,AEG?,strong_4m,12.454573786265598,34.671874737485574
2025-03-22,WS-f575dcdea0dc,AEG?,strong_4m,12.825567152167046,38.61516798654915
2025-03-23,WS-f575dcdea0dc,AEG?,strong_4m,12.718268359999769,37.4746877470769
2025-03-24,WS-f575dcdea0dc,AEG?,strong_4m,12.591878389995514,36.13128713327854
2025-03-25,WS-f575dcdea0dc,AEG?,strong_4m,12.48381640792255,34.98269493850073
2025-03-26,WS-f575dcdea0dc,AEG?,strong_4m,12.37176824630146,33.791733590130434
2025-03-27,WS-f575dcdea0dc,AEG?,strong_4m,12.279305934371195,32.80895048957147
2025-03-28,WS-f575dcdea0dc,AEG?,strong_4m,12.216819166027992,32.14477782663227
2025-03-29,WS-f575dcdea0dc,AEG?,strong_4m,13.329181723929729,43.96809373533294
2025-03-30,WS-f575dcdea0dc,AEG?,strong_4m,14.20238114661376,53.249341609374
2025-03-31,WS-f575dcdea0dc,AEG?,strong_4m,14.270850485823651,53.977103094860865
2025-04-01,WS-f575dcdea0dc,AEG?,strong_4m,14.111705171476256,52.2855455055187
2025-04-02,WS-f575dcdea0dc,AEG?,strong_4m,13.973076189391932,50.81205627519408
2025-04-03,WS-f575dcdea0dc,AEG?,strong_4m,13.84266580158826,49.42592258899068
2025-04-04,WS-f575dcdea0dc,AEG?,strong_4m,13.717910052917354,48.099892134724975
2025-04-05,WS-f575dcdea0dc,AEG?,strong_4m,13.578133853717826,46.61420911895461
2025-04-06,WS-f575dcdea0dc,AEG?,strong_4m,13.468386317676135,45.4477011494037
2025-04-07,WS-f575dcdea0dc,AEG?,strong_4m,13.351743678779972,44.20790504309167
2025-04-08,WS-f575dcdea0dc,AEG?,strong_4m,13.242034402428661,43.04180373628099
2025-04-09,WS-f575dcdea0dc,AEG?,strong_4m,13.118783009813633,41.7317631018465
2025-04-10,WS-f575dcdea0dc,AEG?,strong_4m,13.018759966871851,40.66861689429977
2025-04-11,WS-f575dcdea0dc,AEG?,strong_4m,12.904029789487144,39.449148365945646
2025-04-12,WS-f575dcdea0dc,AEG?,strong_4m,12.79776121818362,38.319618357260424
2025-04-13,WS-f575dcdea0dc,AEG?,strong_4m,12.699412978478573,37.274273654818465
2025-04-14,WS-f575dcdea0dc,AEG?,strong_4m,12.608492173365722,36.30787525001198
2025-04-15,WS-f575dcdea0dc,AEG?,strong_4m,12.529171687065766,35.46477678279535
2025-04-16,WS-f575dcdea0dc,AEG?,strong_4m,12.445674145398847,34.57728034045728
2025-04-17,WS-f575dcdea0dc,AEG?,strong_4m,12.359864867609044,33.665212425190454
2025-04-18,WS-f575dcdea0dc,AEG?,strong_4m,12.276319038197297,32.777202731792684
2025-04-19,WS-f575dcdea0dc,AEG?,strong_4m,12.192195544036338,31.883053032359317
2025-04-20,WS-f575dcdea0dc,AEG?,strong_4m,12.1171307391641,31.0851882576733
2025-04-21,WS-f575dcdea0dc,AEG?,strong_4m,12.440928342078237,34.526837136034814
2025-04-22,WS-f575dcdea0dc,AEG?,strong_4m,12.538632248883452,35.565333215812394
2025-04-23,WS-f575dcdea0dc,AEG?,strong_4m,12.482229670830527,34.96582948957875
2025-04-24,WS-f575dcdea0dc,AEG?,strong_4m,12.450102769106845,34.62435223870526
2025-04-25,WS-f575dcdea0dc,AEG?,strong_4m,12.3876819073718,33.96088009795025
2025-04-26,WS-f575dcdea0dc,AEG?,strong_4m,12.345801272319449,33.51573029030571
2025-04-27,WS-f575dcdea0dc,AEG?,strong_4m,12.406819339324727,34.16429210786861
2025-04-28,WS-f575dcdea0dc,AEG?,strong_4m,12.353477436744313,33.59732034052596
2025-04-29,WS-f575dcdea0dc,AEG?,strong_4m,12.304312119289154,33.07474155009954
2025-04-30,WS-f575dcdea0dc,AEG?,strong_4m,13.228408340359326,42.89697214761157
2025-05-01,WS-f575dcdea0dc,AEG?,strong_4m,13.152893656591758,42.09432560437143
2025-05-02,WS-f575dcdea0dc,AEG?,strong_4m,13.064503765246624,41.1548283144945
2025-05-03,WS-f575dcdea0dc,AEG?,strong_4m,12.983325111455862,40.291979361162475
2025-05-04,WS-f575dcdea0dc,AEG?,strong_4m,12.905557991922183,39.465391649247096
2025-05-05,WS-f575dcdea0dc,AEG?,strong_4m,12.836084170788588,38.72695351249739
2025-05-06,WS-f575dcdea0dc,AEG?,strong_4m,12.759694544581475,37.91500719483464
2025-05-07,WS-f575dcdea0dc,AEG?,strong_4m,12.68329780109175,37.102985227483586
2025-05-08,WS-f575dcdea0dc,AEG?,strong_4m,12.613259968114399,36.35855220160574
2025-05-09,WS-f575dcdea0dc,AEG?,strong_4m,12.544627371821097,35.62905545448336
2025-05-10,WS-f575dcdea0dc,AEG?,strong_4m,12.484930345666402,34.994534997081125
2025-05-11,WS-f575dcdea0dc,AEG?,strong_4m,12.43075081883882,34.418660110861694
2025-05-12,WS-f575dcdea0dc,AEG?,strong_4m,12.444018521837258,34.55968269636587
2025-05-13,WS-f575dcdea0dc,AEG?,strong_4m,12.394911245172647,34.03772082224735
2025-05-14,WS-f575dcdea0dc,AEG?,strong_4m,12.72645645509844,37.56171911500129
2025-05-15,WS-f575dcdea0dc,AEG?,strong_4m,12.660333808237137,36.85890065261497
2025-05-16,WS-f575dcdea0dc,AEG?,strong_4m,12.612521206479087,36.35069989469962
2025-05-17,WS-f575dcdea0dc,AEG?,strong_4m,12.562411323980495,35.81808131030004
2025-05-18,WS-f575dcdea0dc,AEG?,strong_4m,12.497838404733631,35.131734922623316
2025-05-19,WS-f575dcdea0dc,AEG?,strong_4m,12.471206626910103,34.84866541423222
2025-05-20,WS-f575dcdea0dc,AEG?,strong_4m,12.418731533924777,34.290906977204024
2025-05-21,WS-f575dcdea0dc,AEG?,strong_4m,12.374370959642956,33.81939786365142
2025-05-22,WS-f575dcdea0dc,AEG?,strong_4m,12.609054695899722,36.31385430924769
2025-05-23,WS-f575dcdea0dc,AEG?,strong_4m,16.989488972735327,82.87354647474336
2025-05-24,WS-f575dcdea0dc,AEG?,strong_4m,17.327663873379837,86.46801183526006
2025-05-25,WS-f575dcdea0dc,AEG?,strong_4m,17.186454152244043,84.96709189642519
2025-05-26,WS-f575dcdea0dc,AEG?,strong_4m,17.09456146952616,83.99036339207771
2025-05-27,WS-f575dcdea0dc,AEG?,strong_4m,17.479379181800542,88.08059579621927
2025-05-28,WS-f575dcdea0dc,AEG?,strong_4m,17.367020581710253,86.88633479337442
2025-05-29,WS-f575dcdea0dc,AEG?,strong_4m,17.247246711060132,85.61325678455007
2025-05-30,WS-f575dcdea0dc,AEG?,strong_4m,17.11833033629672,84.24300298213207
2025-05-31,WS-f575dcdea0dc,AEG?,strong_4m,16.998625983370577,82.97066387808846
2025-06-01,WS-f575dcdea0dc,AEG?,strong_4m,16.898331365877844,81.90463110115311
2025-06-02,WS-f575dcdea0dc,AEG?,strong_4m,16.802800497242732,80.88923227198354
2025-06-03,WS-f575dcdea0dc,AEG?,strong_4m,16.687861655261237,79.66754584495126
2025-06-04,WS-f575dcdea0dc,AEG?,strong_4m,16.564518112112165,78.35652574130738
2025-06-05,WS-f575dcdea0dc,AEG?,strong_4m,16.453178097162876,77.17309129300298
2025-06-06,WS-f575dcdea0dc,AEG?,strong_4m,16.376263452994703,76.3555645526918
2025-06-07,WS-f575dcdea0dc,AEG?,strong_4m,16.48698689654962,77.5324454557297
2025-06-08,WS-f575dcdea0dc,AEG?,strong_4m,17.46157983535701,87.89140631435896
2025-06-09,WS-f575dcdea0dc,AEG?,strong_4m,18.26242689216479,96.40361996262521
2025-06-10,WS-f575dcdea0dc,AEG?,strong_4m,18.1499848796585,95.20847236813981
2025-06-11,WS-f575dcdea0dc,AEG?,strong_4m,18.02277844241075,93.85639351352833
2025-06-12,WS-f575dcdea0dc,AEG?,strong_4m,17.917289665110008,92.73515194530982
2025-06-13,WS-f575dcdea0dc,AEG?,strong_4m,17.816995754793613,91.66912668496087
2025-06-14,WS-f575dcdea0dc,AEG?,strong_4m,17.707686454201205,90.50727672562653
2025-06-15,WS-f575dcdea0dc,AEG?,strong_4m,17.72376309552818,90.67815555268655
2025-06-16,WS-f575dcdea0dc,AEG?,strong_4m,17.972496410933683,93.32194515542643
2025-06-17,WS-f575dcdea0dc,AEG?,strong_4m,17.90876812047708,92.64457633800492
2025-06-18,WS-f575dcdea0dc,AEG?,strong_4m,17.792848897205328,91.41246942565216
2025-06-19,WS-f575dcdea0dc,AEG?,strong_4m,17.68234985782699,90.23797371748802
2025-06-20,WS-f575dcdea0dc,AEG?,strong_4m,17.5732705443167,89.07856829380216
2025-06-21,WS-f575dcdea0dc,AEG?,strong_4m,17.450474653088317,87.77336918945413
2025-06-22,WS-f575dcdea0dc,AEG?,strong_4m,17.336926269358397,86.56646196102889
2025-06-23,WS-f575dcdea0dc,AEG?,strong_4m,17.263635430898937,85.78745269811887
2025-06-24,WS-f575dcdea0dc,AEG?,strong_4m,18.717085672366107,101.23619397439768
2025-06-25,WS-f575dcdea0dc,AEG?,strong_4m,19.30963026484309,107.53435805505757
2025-06-26,WS-f575dcdea0dc,AEG?,strong_4m,19.982709307372797,114.68852383924744
2025-06-27,WS-f575dcdea0dc,AEG?,strong_4m,19.829475901270207,113.05980399853775
2025-06-28,WS-f575dcdea0dc,AEG?,strong_4m,19.67362158456951,111.40322646543292
2025-06-29,WS-f575dcdea0dc,AEG?,strong_4m,19.534231066610584,109.92164286052035
2025-06-30,WS-f575dcdea0dc,AEG?,strong_4m,19.406022076678195,108.55890786055285
2025-07-01,WS-f575dcdea0dc,AEG?,strong_4m,19.297826724781785,107.40889807620945
2025-07-02,WS-f575dcdea0dc,AEG?,strong_4m,19.73067321768704,112.00962900628099
2025-07-03,WS-f575dcdea0dc,AEG?,strong_4m,19.566510137110242,110.2647375152673
2025-07-04,WS-f575dcdea0dc,AEG?,strong_4m,19.801384672217253,112.76122196429232
2025-07-05,WS-f575dcdea0dc,AEG?,strong_4m,19.693785426684105,111.61754820213693
2025-07-06,WS-f575dcdea0dc,AEG?,strong_4m,19.582541677612337,110.43513696508062
2025-07-07,WS-f575dcdea0dc,AEG?,strong_4m,20.45404688818684,119.69837703685884
2025-07-08,WS-f575dcdea0dc,AEG?,strong_4m,20.328809138443553,118.36722338700675
2025-07-09,WS-f575dcdea0dc,AEG?,strong_4m,20.18998818134967,116.89169365184088
2025-07-10,WS-f575dcdea0dc,AEG?,strong_4m,20.572025377114084,120.95237191030111
2025-07-11,WS-f575dcdea0dc,AEG?,strong_4m,21.089879622359863,126.45665133134892
2025-07-12,WS-f575dcdea0dc,AEG?,strong_4m,20.940362808443926,124.86743519670563
2025-07-13,WS-f575dcdea0dc,AEG?,strong_4m,20.794721537758665,123.31941226081626
2025-07-14,WS-f575dcdea0dc,AEG?,strong_4m,20.729376473242045,122.62485873115429
2025-07-15,WS-f575dcdea0dc,AEG?,strong_4m,20.596756573170108,121.21524011068529
2025-07-16,WS-f575dcdea0dc,AEG?,strong_4m,20.428635677160212,119.4282809486219
2025-07-17,WS-f575dcdea0dc,AEG?,strong_4m,20.264002337425897,117.67839106698565
2025-07-18,WS-f575dcdea0dc,AEG?,strong_4m,20.086802308667213,115.79492968637538
2025-07-19,WS-f575dcdea0dc,AEG?,strong_4m,19.912438394574817,113.94161340496375
2025-07-20,WS-f575dcdea0dc,AEG?,strong_4m,19.740865202682027,112.1179597456397
2025-07-21,WS-f575dcdea0dc,AEG?,strong_4m,19.581552175514684,110.42461953458121
2025-07-22,WS-f575dcdea0dc,AEG?,strong_4m,19.4480713226403,109.00584983572183
2025-07-23,WS-f575dcdea0dc,AEG?,strong_4m,20.9618725802253,125.09606283711716
2025-07-24,WS-f575dcdea0dc,AEG?,strong_4m,20.804008439568392,123.4181228593792
2025-07-25,WS-f575dcdea0dc,AEG?,strong_4m,20.654821090145223,121.83240860705928
2025-07-26,WS-f575dcdea0dc,AEG?,strong_4m,21.816597778248532,134.18094794006228
2025-07-27,WS-f575dcdea0dc,AEG?,strong_4m,22.72855931346673,143.87419880586583
2025-07-28,WS-f575dcdea0dc,AEG?,strong_4m,23.27620043141701,149.69508327930038
2025-07-29,WS-f575dcdea0dc,AEG?,strong_4m,23.67241734940473,153.90647798731462
2025-07-30,WS-f575dcdea0dc,AEG?,strong_4m,23.542099785117966,152.5213309234641
2025-07-31,WS-f575dcdea0dc,AEG?,strong_4m,23.273605308797787,149.6674996876639
2025-08-01,WS-f575dcdea0dc,AEG?,strong_4m,23.06728683776608,147.4745380103045
2025-08-02,WS-f575dcdea0dc,AEG?,strong_4m,23.009367636625353,146.85891407779985
2025-08-03,WS-f575dcdea0dc,AEG?,strong_4m,22.750841127647707,144.11103249485438
2025-08-04,WS-f575dcdea0dc,AEG?,strong_4m,22.503266404699776,141.47955758622035
2025-08-05,WS-f575dcdea0dc,AEG?,strong_4m,22.410209073827968,140.4904500216927
2025-08-06,WS-f575dcdea0dc,AEG?,strong_4m,22.17809072680038,138.02326113114844
2025-08-07,WS-f575dcdea0dc,AEG?,strong_4m,21.981967789848998,135.93866791642142
2025-08-08,WS-f575dcdea0dc,AEG?,strong_4m,21.771503707217303,133.70164248014342
2025-08-09,WS-f575dcdea0dc,AEG?,strong_4m,21.57584870764629,131.6220229778398
2025-08-10,WS-f575dcdea0dc,AEG?,strong_4m,21.36089859181107,129.33731543704883
2025-08-11,WS-f575dcdea0dc,AEG?,strong_4m,21.149679600444472,127.0922660661359
2025-08-12,WS-f575dcdea0dc,AEG?,strong_4m,20.931342169815967,124.77155471291998
2025-08-13,WS-f575dcdea0dc,AEG?,strong_4m,20.764636995894858,122.99964327911368
2025-08-14,WS-f575dcdea0dc,AEG?,strong_4m,20.595705619941555,121.20406951532664
2025-08-15,WS-f575dcdea0dc,AEG?,strong_4m,20.41319662734698,119.26417908994704
2025-08-16,WS-f575dcdea0dc,AEG?,strong_4m,20.2461626448308,117.48877274536231
2025-08-17,WS-f575dcdea0dc,AEG?,strong_4m,20.134051563703157,116.29714262474907
2025-08-18,WS-f575dcdea0dc,AEG?,strong_4m,19.924390807888482,114.06865575952251
2025-08-19,WS-f575dcdea0dc,AEG?,strong_4m,19.723587393656096,111.93431369168665
2025-08-20,WS-f575dcdea0dc,AEG?,strong_4m,19.62968146000706,110.93618631734532
2025-08-21,WS-f575dcdea0dc,AEG?,strong_4m,19.591957197827796,110.53521465032931
2025-08-22,WS-f575dcdea0dc,AEG?,strong_4m,19.43411260053018,108.85748239920815
2025-08-23,WS-f575dcdea0dc,AEG?,strong_4m,19.23786408125621,106.77155436836209
2025-08-24,WS-f575dcdea0dc,AEG?,strong_4m,19.00913438548704,104.34038349554781
2025-08-25,WS-f575dcdea0dc,AEG?,strong_4m,18.794466946302034,102.058680528501
2025-08-26,WS-f575dcdea0dc,AEG?,strong_4m,18.60181482472964,100.01097865499636
2025-08-27,WS-f575dcdea0dc,AEG?,strong_4m,19.733600406275716,112.04074213136994
2025-08-28,WS-f575dcdea0dc,AEG?,strong_4m,20.402194129520716,119.14723339929907
2025-08-29,WS-f575dcdea0dc,AEG?,strong_4m,21.106435758245585,126.63262671222971
2025-08-30,WS-f575dcdea0dc,AEG?,strong_4m,22.206964259824318,138.33015828434486
2025-08-31,WS-f575dcdea0dc,AEG?,strong_4m,21.939974697013707,135.49232279355823
2025-09-01,WS-f575dcdea0dc,AEG?,strong_4m,21.678462410210084,132.7127053397684
2025-09-02,WS-f575dcdea0dc,AEG?,strong_4m,21.4448385091761,130.2295138963615
2025-09-03,WS-f575dcdea0dc,AEG?,strong_4m,21.160330856174216,127.20547840003061
2025-09-04,WS-f575dcdea0dc,AEG?,strong_4m,20.833854878129653,123.73536103802218
2025-09-05,WS-f575dcdea0dc,AEG?,strong_4m,20.579284670499558,121.0295310328918
2025-09-06,WS-f575dcdea0dc,AEG?,strong_4m,20.2994703931591,118.05538148672082
2025-09-07,WS-f575dcdea0dc,AEG?,strong_4m,20.056586041226034,115.47376059181977
2025-09-08,WS-f575dcdea0dc,AEG?,strong_4m,20.105764063969232,115.99647442691587
2025-09-09,WS-f575dcdea0dc,AEG?,strong_4m,19.772875100146937,112.45819335674454
2025-09-10,WS-f575dcdea0dc,AEG?,strong_4m,20.069753264255247,115.61371517444108
2025-09-11,WS-f575dcdea0dc,AEG?,strong_4m,23.326143339119525,150.22592708644882
2025-09-12,WS-f575dcdea0dc,AEG?,strong_4m,23.073054689806227,147.5358445836882
2025-09-13,WS-f575dcdea0dc,AEG?,strong_4m,22.77577772988689,144.37608396019644
2025-09-14,WS-f575dcdea0dc,AEG?,strong_4m,22.49099325585366,141.3491061295695
2025-09-15,WS-f575dcdea0dc,AEG?,strong_4m,22.14620921927401,137.68439217834862
2025-09-16,WS-f575dcdea0dc,AEG?,strong_4m,21.880466042735602,134.85980454325068
2025-09-17,WS-f575dcdea0dc,AEG?,strong_4m,22.00748399055382,136.20987994129575
2025-09-18,WS-f575dcdea0dc,AEG?,strong_4m,21.6867942482921,132.80126455370817
2025-09-19,WS-f575dcdea0dc,AEG?,strong_4m,21.419206691441968,129.95707297659828
2025-09-20,WS-f575dcdea0dc,AEG?,strong_4m,22.19320295094907,138.18388915563904
2025-09-21,WS-f575dcdea0dc,AEG?,strong_4m,21.914769688890384,135.22441843862785
2025-09-22,WS-f575dcdea0dc,AEG?,strong_4m,21.573450343145755,131.59653073077288
2025-09-23,WS-f575dcdea0dc,AEG?,strong_4m,21.785575327720725,133.85120991512898
2025-09-24,WS-f575dcdea0dc,AEG?,strong_4m,21.515872186240937,130.9845317618301
2025-09-25,WS-f575dcdea0dc,AEG?,strong_4m,21.190812263614017,127.52946567103547
2025-09-26,WS-f575dcdea0dc,AEG?,strong_4m,20.79316242461289,123.30284042717358
2025-09-27,WS-f575dcdea0dc,AEG?,strong_4m,20.382533544443458,118.93826078810585
2025-09-28,WS-f575dcdea0dc,AEG?,strong_4m,20.062136284405547,115.5327541978301
2025-09-29,WS-f575dcdea0dc,AEG?,strong_4m,19.750912817336655,112.2247559707973
2025-09-30,WS-f575dcdea0dc,AEG?,strong_4m,19.467646816073074,109.21391800673344
2025-10-01,WS-f575dcdea0dc,AEG?,strong_4m,19.159543587031425,105.93908482975057
2025-10-02,WS-f575dcdea0dc,AEG?,strong_4m,18.923607454772334,103.431316650967
2025-10-03,WS-f575dcdea0dc,AEG?,strong_4m,18.78627027115642,101.97155796314749
2025-10-04,WS-f575dcdea0dc,AEG?,strong_4m,18.52023121594329,99.14382542981735
2025-10-05,WS-f575dcdea0dc,AEG?,strong_4m,18.236330136233057,96.12623720879074
2025-10-06,WS-f575dcdea0dc,AEG?,strong_4m,17.97738416867498,93.37389719520881
2025-10-07,WS-f575dcdea0dc,AEG?,strong_4m,17.798216411628655,91.46952080536708
2025-10-08,WS-f575dcdea0dc,AEG?,strong_4m,17.536290914961153,88.68551133862915
2025-10-09,WS-f575dcdea0dc,AEG?,strong_4m,18.55695910711682,99.53420665662183
2025-10-10,WS-f575dcdea0dc,AEG?,strong_4m,18.440433126192733,98.29565050939266
2025-10-11,WS-f575dcdea0dc,AEG?,strong_4m,18.07971965973862,94.46162244353052
2025-10-12,WS-f575dcdea0dc,AEG?,strong_4m,17.8332736772436,91.84214493166144
2025-10-13,WS-f575dcdea0dc,AEG?,strong_4m,17.535210218031946,88.67402459709437
2025-10-14,WS-f575dcdea0dc,AEG?,strong_4m,17.270002648176973,85.85512993231089
2025-10-15,WS-f575dcdea0dc,AEG?,strong_4m,16.99136937978225,82.89353334538619
2025-10-16,WS-f575dcdea0dc,AEG?,strong_4m,16.694210917830617,79.73503223831446
2025-10-17,WS-f575dcdea0dc,AEG?,strong_4m,16.428673588075174,76.91263255131535
2025-10-18,WS-f575dcdea0dc,AEG?,strong_4m,16.17253554562608,74.19013800976553
2025-10-19,WS-f575dcdea0dc,AEG?,strong_4m,15.944350967156005,71.76476119572169
2025-10-20,WS-f575dcdea0dc,AEG?,strong_4m,15.629233908886956,68.41537793783563
2025-10-21,WS-f575dcdea0dc,AEG?,strong_4m,15.591157058247756,68.0106586035523
2025-10-22,WS-f575dcdea0dc,AEG?,strong_4m,15.693699961984684,69.1005884438412
2025-10-23,WS-f575dcdea0dc,AEG?,strong_4m,15.605586919831747,68.16403378758238
2025-10-24,WS-f575dcdea0dc,AEG?,strong_4m,15.550647615995643,67.58008322178517
2025-10-25,WS-f575dcdea0dc,AEG?,strong_4m,15.362864895309631,65.58413827281633
2025-10-26,WS-f575dcdea0dc,AEG?,strong_4m,15.24462966020931,64.32741444100422
2025-10-27,WS-f575dcdea0dc,AEG?,strong_4m,16.155630276623015,74.01045168849828
2025-10-28,WS-f575dcdea0dc,AEG?,strong_4m,16.196614871878772,74.44607747764127
2025-10-29,WS-f575dcdea0dc,AEG?,strong_4m,16.037133924416658,72.75095243961384
2025-10-30,WS-f575dcdea0dc,AEG?,strong_4m,15.861215409063682,70.88111228144523
2025-10-31,WS-f575dcdea0dc,AEG?,strong_4m,15.6762898815884,68.91553647579454
2025-11-01,WS-f575dcdea0dc,AEG?,strong_4m,15.788135473050136,70.10434470334043
2025-11-02,WS-f575dcdea0dc,AEG?,strong_4m,15.521951670118913,67.27507364465633
2025-11-03,WS-f575dcdea0dc,AEG?,strong_4m,15.332162055368023,65.25779739290697
2025-11-04,WS-f575dcdea0dc,AEG?,strong_4m,15.436588739029638,66.36774995419972
2025-11-05,WS-f575dcdea0dc,AEG?,strong_4m,16.479251515200627,77.4502259880627
2025-11-06,WS-f575dcdea0dc,AEG?,strong_4m,16.21475088086291,74.63884534996787
2025-11-07,WS-f575dcdea0dc,AEG?,strong_4m,15.93768343872291,71.69389195040709
2025-11-08,WS-f575dcdea0dc,AEG?,strong_4m,15.695883189064872,69.12379399250528
2025-11-09,WS-f575dcdea0dc,AEG?,strong_4m,15.46861675496837,66.70817614679544
2025-11-10,WS-f575dcdea0dc,AEG?,strong_4m,15.252122794000783,64.40705905627235
2025-11-11,WS-f575dcdea0dc,AEG?,strong_4m,15.051295036043044,62.27245823866716
2025-11-12,WS-f575dcdea0dc,AEG?,strong_4m,14.902094975016478,60.686608874551546
2025-11-13,WS-f575dcdea0dc,AEG?,strong_4m,14.663945374896446,58.15531371745705
2025-11-14,WS-f575dcdea0dc,AEG?,strong_4m,14.41352196466752,55.493560075141204
2025-11-15,WS-f575dcdea0dc,AEG?,strong_4m,14.615576784211509,57.64120334609992
2025-11-16,WS-f575dcdea0dc,AEG?,strong_4m,14.48451216349314,56.248115809847
2025-11-17,WS-f575dcdea0dc,AEG?,strong_4m,14.353208988530398,54.85249267746804
2025-11-18,WS-f575dcdea0dc,AEG?,strong_4m,14.146969721878133,52.66037286447456
2025-11-19,WS-f575dcdea0dc,AEG?,strong_4m,13.938082774015136,50.4401108139007
2025-11-20,WS-f575dcdea0dc,AEG?,strong_4m,13.727302279150365,48.1997222279352
2025-11-21,WS-f575dcdea0dc,AEG?,strong_4m,13.624047176547673,47.102222416758735
2025-11-22,WS-f575dcdea0dc,AEG?,strong_4m,13.533135679543467,46.13592294795858
2025-11-23,WS-f575dcdea0dc,AEG?,strong_4m,15.05291634559066,62.28969115866352
2025-11-24,WS-f575dcdea0dc,AEG?,strong_4m,14.947306870413097,61.16716669116279
2025-11-25,WS-f575dcdea0dc,AEG?,strong_4m,14.715057227209371,58.69858225187672
2025-11-26,WS-f575dcdea0dc,AEG?,strong_4m,14.699836892774218,58.536805121763344
2025-11-27,WS-f575dcdea0dc,AEG?,strong_4m,14.425417807902146,55.6200011456036
2025-11-28,WS-f575dcdea0dc,AEG?,strong_4m,14.197711251048794,53.19970522946081
2025-11-29,WS-f575dcdea0dc,AEG?,strong_4m,14.020543107086855,51.316582752764496
2025-11-30,WS-f575dcdea0dc,AEG?,strong_4m,14.099359738608356,52.154325741072356
2025-12-01,WS-f575dcdea0dc,AEG?,strong_4m,14.014102774860369,51.248128378846715
2025-12-02,WS-f575dcdea0dc,AEG?,strong_4m,14.19034650481667,53.12142524720929
2025-12-03,WS-f575dcdea0dc,AEG?,strong_4m,13.979630708812355,50.88172434626218
2025-12-04,WS-f575dcdea0dc,AEG?,strong_4m,13.754051619710605,48.484041312164095
2025-12-05,WS-f575dcdea0dc,AEG?,strong_4m,13.487674171991276,45.65271200054118
2025-12-06,WS-f575dcdea0dc,AEG?,strong_4m,13.244600403006483,43.06907778936557
2025-12-07,WS-f575dcdea0dc,AEG?,strong_4m,13.07594892821216,41.27647909859077
2025-12-08,WS-f575dcdea0dc,AEG?,strong_4m,12.919223546574713,39.61064300509031
2025-12-09,WS-f575dcdea0dc,AEG?,strong_4m,12.721765355370934,37.51185735577224
2025-12-10,WS-f575dcdea0dc,AEG?,strong_4m,12.55068547523214,35.69344711341465
2025-12-11,WS-f575dcdea0dc,AEG?,strong_4m,12.440904116116105,34.52657963797228
2025-12-12,WS-f575dcdea0dc,AEG?,strong_4m,12.343501231315589,33.49128312494725
2025-12-13,WS-f575dcdea0dc,AEG?,strong_4m,12.270334050752485,32.71358822340514
2025-12-14,WS-f575dcdea0dc,AEG?,strong_4m,12.65306693722874,36.78166098737298
2025-12-15,WS-f575dcdea0dc,AEG?,strong_4m,12.504044569298507,35.197700325459536
2025-12-16,WS-f575dcdea0dc,AEG?,strong_4m,12.355466066653957,33.61845751336602
2025-12-17,WS-f575dcdea0dc,AEG?,strong_4m,12.189305187327491,31.852331393793932
2025-12-18,WS-f575dcdea0dc,AEG?,strong_4m,12.029170547299422,30.150258249090697
2025-12-19,WS-f575dcdea0dc,AEG?,strong_4m,11.883989150363853,28.60712331719081
2025-12-20,WS-f575dcdea0dc,AEG?,strong_4m,12.188403570742736,31.84274809953939
2025-12-21,WS-f575dcdea0dc,AEG?,strong_4m,13.232661486705343,42.94217889472625
2025-12-22,WS-f575dcdea0dc,AEG?,strong_4m,15.564424676968184,67.72651977973533
2025-12-23,WS-f575dcdea0dc,AEG?,strong_4m,15.255545146524142,64.44343528518006
2025-12-24,WS-f575dcdea0dc,AEG?,strong_4m,14.9698415541834,61.406688134262694
2025-12-25,WS-f575dcdea0dc,AEG?,strong_4m,14.694995654691244,58.48534754002651
2025-12-26,WS-f575dcdea0dc,AEG?,strong_4m,14.448114032204732,55.86123960509504
2025-12-27,WS-f575dcdea0dc,AEG?,strong_4m,14.207569166614508,53.30448514056695
2025-12-28,WS-f575dcdea0dc,AEG?,strong_4m,13.96672569405263,50.74455677870354
2025-12-29,WS-f575dcdea0dc,AEG?,strong_4m,13.743907765185543,48.37622215218812
2025-12-30,WS-f575dcdea0dc,AEG?,strong_4m,13.51096357437644,45.90025535748771
2025-12-31,WS-f575dcdea0dc,AEG?,strong_4m,13.317206847403988,43.84081261900467
2026-01-01,WS-f575dcdea0dc,AEG?,strong_4m,14.393923422222588,55.28524691588347
2026-01-02,WS-f575dcdea0dc,AEG?,strong_4m,14.167587338786557,52.87951777928788
2026-01-03,WS-f575dcdea0dc,AEG?,strong_4m,13.92866397885209,50.339998319192034
2026-01-04,WS-f575dcdea0dc,AEG?,strong_4m,13.758883488070726,48.53539930299647
2026-01-05,WS-f575dcdea0dc,AEG?,strong_4m,13.606460698071874,46.91529551126026
2026-01-06,WS-f575dcdea0dc,AEG?,strong_4m,13.384532391255906,44.556416688947316
2026-01-07,WS-f575dcdea0dc,AEG?,strong_4m,13.154857687217302,42.11520131110499
2026-01-08,WS-f575dcdea0dc,AEG?,strong_4m,12.910963106388,39.52284268029633
2026-01-09,WS-f575dcdea0dc,AEG?,strong_4m,12.678727379542622,37.05440615816179
2026-01-10,WS-f575dcdea0dc,AEG?,strong_4m,12.426408154264525,34.37250187334939
2026-01-11,WS-f575dcdea0dc,AEG?,strong_4m,12.285688199377674,32.876787666262324
2026-01-12,WS-f575dcdea0dc,AEG?,strong_4m,12.132957567027237,31.25341181421898
2026-01-13,WS-f575dcdea0dc,AEG?,strong_4m,11.982464196499382,29.653815846810357
2026-01-14,WS-f575dcdea0dc,AEG?,strong_4m,11.84848057458797,28.229702209401772
2026-01-15,WS-f575dcdea0dc,AEG?,strong_4m,12.058637638513304,30.463464339908274
2026-01-16,WS-f575dcdea0dc,AEG?,strong_4m,12.014910492619688,29.998687944825974
2026-01-17,WS-f575dcdea0dc,AEG?,strong_4m,11.938130280624986,29.18259008581249
2026-01-18,WS-f575dcdea0dc,AEG?,strong_4m,11.86566878157251,28.41239588210655
2026-01-19,WS-f575dcdea0dc,AEG?,strong_4m,11.769842983435776,27.39386224347787
2026-01-20,WS-f575dcdea0dc,AEG?,strong_4m,11.658855656906965,26.214176524922614
2026-01-21,WS-f575dcdea0dc,AEG?,strong_4m,11.537076491684385,24.919784214343238
2026-01-22,WS-f575dcdea0dc,AEG?,strong_4m,11.430826381968533,23.790450434110404
2026-01-23,WS-f575dcdea0dc,AEG?,strong_4m,11.326363179823307,22.6801097173865
2026-01-24,WS-f575dcdea0dc,AEG?,strong_4m,11.21715250626228,21.519308066034913
2026-01-25,WS-f575dcdea0dc,AEG?,strong_4m,11.113531396940338,20.41791796474067
2026-01-26,WS-f575dcdea0dc,AEG?,strong_4m,11.014347457587366,19.363690600011957
2026-01-27,WS-f575dcdea0dc,AEG?,strong_4m,10.914533553370152,18.302767330653623
2026-01-28,WS-f575dcdea0dc,AEG?,strong_4m,10.810092995899854,17.19266730447025
2026-01-29,WS-f575dcdea0dc,AEG?,strong_4m,10.728764731781482,16.328228141045322
2026-01-30,WS-f575dcdea0dc,AEG?,strong_4m,10.63697701195543,15.35261528862266
2026-01-31,WS-f575dcdea0dc,AEG?,strong_4m,10.546765237479296,14.393753179556544
2026-02-01,WS-f575dcdea0dc,AEG?,strong_4m,10.488448371828305,13.773902465867025
2026-02-02,WS-f575dcdea0dc,AEG?,strong_4m,10.596385637150437,14.921169044699099
2026-02-03,WS-f575dcdea0dc,AEG?,strong_4m,10.543529010559144,14.359355282074862
2026-02-04,WS-f575dcdea0dc,AEG?,strong_4m,10.47986823006799,13.682704028942817
2026-02-05,WS-f575dcdea0dc,AEG?,strong_4m,10.409338074552256,12.93303810048394
2026-02-06,WS-f575dcdea0dc,AEG?,strong_4m,10.345964633831464,12.259440985460014
2026-02-07,WS-f575dcdea0dc,AEG?,strong_4m,10.295774863276836,11.725973269887199
2026-02-08,WS-f575dcdea0dc,AEG?,strong_4m,12.838945438445322,38.75736596315443
2026-02-09,WS-f575dcdea0dc,AEG?,strong_4m,13.42319080728786,44.967317489256494
2026-02-10,WS-f575dcdea0dc,AEG?,strong_4m,14.17101925700408,52.91599568208168
2026-02-11,WS-f575dcdea0dc,AEG?,strong_4m,13.990378072636464,50.99595821432573
2026-02-12,WS-f575dcdea0dc,AEG?,strong_4m,13.963741588445838,50.71283868189831
2026-02-13,WS-f575dcdea0dc,AEG?,strong_4m,13.753973106645837,48.48320679579072
2026-02-14,WS-f575dcdea0dc,AEG?,strong_4m,13.600740444349942,46.85449486101193
2026-02-15,WS-f575dcdea0dc,AEG?,strong_4m,13.434763466837445,45.090323436181464
2026-02-16,WS-f575dcdea0dc,AEG?,strong_4m,13.269296462082767,43.33157251834099
2026-02-17,WS-f575dcdea0dc,AEG?,strong_4m,13.093736866091692,41.46554731867793
2026-02-18,WS-f575dcdea0dc,AEG?,strong_4m,12.923978203497306,39.66118031456192
2026-02-19,WS-f575dcdea0dc,AEG?,strong_4m,12.756558209299822,37.881671046860944
2026-02-20,WS-f575dcdea0dc,AEG?,strong_4m,12.609508234172338,36.31867497336994
2026-02-21,WS-f575dcdea0dc,AEG?,strong_4m,12.451574914133243,34.639999687090565
2026-02-22,WS-f575dcdea0dc,AEG?,strong_4m,12.380307397405026,33.88249633683781
2026-02-23,WS-f575dcdea0dc,AEG?,strong_4m,12.894420116130835,39.34700702447024
2026-02-24,WS-f575dcdea0dc,AEG?,strong_4m,12.729995782436074,37.59933867071171
2026-02-25,WS-f575dcdea0dc,AEG?,strong_4m,12.59520889136179,36.166687075058405
2026-02-26,WS-f575dcdea0dc,AEG?,strong_4m,13.015555462464203,40.634556175810715
2026-02-27,WS-f575dcdea0dc,AEG?,strong_4m,12.917441006987335,39.59169636893144
2026-02-28,WS-f575dcdea0dc,AEG?,strong_4m,12.91699289871513,39.58693342035322
2026-03-01,WS-f575dcdea0dc,AEG?,strong_4m,12.832188408500134,38.68554540511872
2026-03-02,WS-f575dcdea0dc,AEG?,strong_4m,13.220147105439054,42.809163375584376
2026-03-03,WS-f575dcdea0dc,AEG?,strong_4m,16.498463826241498,77.6544338887681
2026-03-04,WS-f575dcdea0dc,AEG?,strong_4m,18.14269458127985,95.1309836930786
2026-03-05,WS-f575dcdea0dc,AEG?,strong_4m,17.85616970646092,92.08550712015678
2026-03-06,WS-f575dcdea0dc,AEG?,strong_4m,17.549502248212722,88.8259347693702
2026-03-07,WS-f575dcdea0dc,AEG?,strong_4m,17.302684326374273,86.20250390944477
2026-03-08,WS-f575dcdea0dc,AEG?,strong_4m,17.936592319833235,92.94032011017487
2026-03-09,WS-f575dcdea0dc,AEG?,strong_4m,17.662568416892622,90.02771652783802
2026-03-10,WS-f575dcdea0dc,AEG?,strong_4m,17.332195612629004,86.51617974991895
2026-03-11,WS-f575dcdea0dc,AEG?,strong_4m,17.047746184613697,83.49276312771786
2026-03-12,WS-f575dcdea0dc,AEG?,strong_4m,16.741354560411025,80.23612262054242
2026-03-13,WS-f575dcdea0dc,AEG?,strong_4m,16.820941134251225,81.08204933564042
2026-03-14,WS-f575dcdea0dc,AEG?,strong_4m,16.57155929260123,78.4313665391219
2026-03-15,WS-f575dcdea0dc,AEG?,strong_4m,16.31701902202346,75.72585473530496
2026-03-16,WS-f575dcdea0dc,AEG?,strong_4m,16.103388920735018,73.45517764607837
2026-03-17,WS-f575dcdea0dc,AEG?,strong_4m,15.952263974171668,71.84886864888017
2026-03-18,WS-f575dcdea0dc,AEG?,strong_4m,15.843923153986527,70.69731268022822
2026-03-19,WS-f575dcdea0dc,AEG?,strong_4m,16.337914544235748,75.94795350916087
2026-03-20,WS-f575dcdea0dc,AEG?,strong_4m,17.706644665004497,90.49620353488001
2026-03-21,WS-f575dcdea0dc,AEG?,strong_4m,17.4974219275613,88.2723723725473
2026-03-22,WS-f575dcdea0dc,AEG?,strong_4m,17.378437585261842,87.00768627069831
2026-03-23,WS-f575dcdea0dc,AEG?,strong_4m,17.13667197519465,84.43795649745228
2026-03-24,WS-f575dcdea0dc,AEG?,strong_4m,16.880551080721286,81.71564422195672
2026-03-25,WS-f575dcdea0dc,AEG?,strong_4m,16.625753394572786,79.00739634473376
2026-03-26,WS-f575dcdea0dc,AEG?,strong_4m,16.46990985597831,77.35093337225837
2026-03-27,WS-f575dcdea0dc,AEG?,strong_4m,17.97993690557526,93.4010302684945
2026-03-28,WS-f575dcdea0dc,AEG?,strong_4m,17.867552075550197,92.20649046733612
2026-03-29,WS-f575dcdea0dc,AEG?,strong_4m,17.63090185783934,89.69113226511821
2026-03-30,WS-f575dcdea0dc,AEG?,strong_4m,17.396901862493277,87.2039433104398
2026-03-31,WS-f575dcdea0dc,AEG?,strong_4m,17.165690850386895,84.7463984944216
2026-04-01,WS-f575dcdea0dc,AEG?,strong_4m,16.923017199962224,82.16701714855833
2026-04-02,WS-f575dcdea0dc,AEG?,strong_4m,16.680757148508288,79.5920319514649
2026-04-03,WS-f575dcdea0dc,AEG?,strong_4m,16.47985925901587,77.45668570487727
2026-04-04,WS-f575dcdea0dc,AEG?,strong_4m,16.336933757504845,75.93752871440653
2026-04-05,WS-f575dcdea0dc,AEG?,strong_4m,16.193589497731573,74.41392073699026
2026-04-06,WS-f575dcdea0dc,AEG?,strong_4m,16.328770742533568,75.85076392347815
2026-04-07,WS-f575dcdea0dc,AEG?,strong_4m,16.443718013958087,77.07253994716856
2026-04-08,WS-f575dcdea0dc,AEG?,strong_4m,16.28125584703107,75.3457274891751
2026-04-09,WS-f575dcdea0dc,AEG?,strong_4m,16.05910758789006,72.98451079077552
2026-04-10,WS-f575dcdea0dc,AEG?,strong_4m,16.639111078396294,79.14937533758281
2026-04-11,WS-f575dcdea0dc,AEG?,strong_4m,16.4585737163923,77.23044139906273
2026-04-12,WS-f575dcdea0dc,AEG?,strong_4m,16.329172933202067,75.85503881325708
2026-04-13,WS-f575dcdea0dc,AEG?,strong_4m,16.153799842956882,73.99099598556143
2026-04-14,WS-f575dcdea0dc,AEG?,strong_4m,16.001572516404583,72.37296977730806
2026-04-15,WS-f575dcdea0dc,AEG?,strong_4m,15.85574479232545,70.8229650259015
2026-04-16,WS-f575dcdea0dc,AEG?,strong_4m,15.713040246221528,69.30615657328957
2026-04-17,WS-f575dcdea0dc,AEG?,strong_4m,15.567510805825275,67.75932228297778
2026-04-18,WS-f575dcdea0dc,AEG?,strong_4m,15.428104377478963,66.27756956635346
2026-04-19,WS-f575dcdea0dc,AEG?,strong_4m,15.29455856393701,64.85810939972455
2026-04-20,WS-f575dcdea0dc,AEG?,strong_4m,15.158369156923513,63.410550444147546
2026-04-21,WS-f575dcdea0dc,AEG?,strong_4m,15.01714800100872,61.90950896489997
2026-04-22,WS-f575dcdea0dc,AEG?,strong_4m,14.897657118200783,60.639438837483304
2026-04-23,WS-f575dcdea0dc,AEG?,strong_4m,14.788336198598596,59.47746537954485
2026-04-24,WS-f575dcdea0dc,AEG?,strong_4m,14.678586517333304,58.31093460838474
2026-04-25,WS-f575dcdea0dc,AEG?,strong_4m,14.558618978500167,57.03579809795682
2026-04-26,WS-f575dcdea0dc,AEG?,strong_4m,14.43885490283725,55.76282420017728
2026-04-27,WS-f575dcdea0dc,AEG?,strong_4m,14.312299978503976,54.41767028469804
2026-04-28,WS-f575dcdea0dc,AEG?,strong_4m,14.198033461707226,53.203130010685896
2026-04-29,WS-f575dcdea0dc,AEG?,strong_4m,14.07503046195054,51.89572954713164
2026-04-30,WS-f575dcdea0dc,AEG?,strong_4m,13.972665183448285,50.80768768774247
2026-05-01,WS-f575dcdea0dc,AEG?,strong_4m,13.881068967398683,49.83411033141822
2026-05-02,WS-f575dcdea0dc,AEG?,strong_4m,13.812372039406565,49.10392980184325
2026-05-03,WS-f575dcdea0dc,AEG?,strong_4m,14.25453771091981,53.8037144009808
2026-05-04,WS-f575dcdea0dc,AEG?,strong_4m,15.532036304445008,67.38226335237722
2026-05-05,WS-f575dcdea0dc,AEG?,strong_4m,15.779676653055816,70.01443579702452
2026-05-06,WS-f575dcdea0dc,AEG?,strong_4m,15.665337040700503,68.799118589382
2026-05-07,WS-f575dcdea0dc,AEG?,strong_4m,15.56222704896366,67.70316116346162
2026-05-08,WS-f575dcdea0dc,AEG?,strong_4m,15.483921419241163,66.87084961983574
2026-05-09,WS-f575dcdea0dc,AEG?,strong_4m,15.392484977954123,65.89897051151398
2026-05-10,WS-f575dcdea0dc,AEG?,strong_4m,15.284866275366209,64.7550899400737
2026-05-11,WS-f575dcdea0dc,AEG?,strong_4m,15.187358111840073,63.71867441812244
2026-05-12,WS-f575dcdea0dc,AEG?,strong_4m,15.10492818394276,62.842525656247794
2026-05-13,WS-f575dcdea0dc,AEG?,strong_4m,15.012966304475643,61.86506165876432
2026-05-14,WS-f575dcdea0dc,AEG?,strong_4m,15.28643826498422,64.7717986379051
2026-05-15,WS-f575dcdea0dc,AEG?,strong_4m,15.222199700246197,64.08900610859536
2026-05-16,WS-f575dcdea0dc,AEG?,strong_4m,15.12025605883428,63.005445835252466
2026-05-17,WS-f575dcdea0dc,AEG?,strong_4m,15.053382651478703,62.29464752993407
2026-05-18,WS-f575dcdea0dc,AEG?,strong_4m,15.714389190241867,69.3204945165998
2026-05-19,WS-f575dcdea0dc,AEG?,strong_4m,17.032274246125443,83.32831169489398
2026-05-20,WS-f575dcdea0dc,AEG?,strong_4m,17.614960346658936,89.52168973812094
2026-05-21,WS-f575dcdea0dc,AEG?,strong_4m,17.48775529029088,88.16962556089749
2026-05-22,WS-f575dcdea0dc,AEG?,strong_4m,17.369953337774486,86.91750709523252
2026-05-23,WS-f575dcdea0dc,AEG?,strong_4m,17.253824319662645,85.68317027083104
2026-05-24,WS-f575dcdea0dc,AEG?,strong_4m,17.155898471601123,84.64231517459086
2026-05-25,WS-f575dcdea0dc,AEG?,strong_4m,17.02485285015958,83.24942958189523
2026-05-26,WS-f575dcdea0dc,AEG?,strong_4m,18.597302135064865,99.96301321861453
2026-05-27,WS-f575dcdea0dc,AEG?,strong_4m,19.5864059539194,110.47621040755882
2026-05-28,WS-f575dcdea0dc,AEG?,strong_4m,19.462237531072066,109.15642264701212
2026-05-29,WS-f575dcdea0dc,AEG?,strong_4m,19.316395472248292,107.60626553142073
2026-05-30,WS-f575dcdea0dc,AEG?,strong_4m,19.204583944838188,106.41781937111693
2026-05-31,WS-f575dcdea0dc,AEG?,strong_4m,19.219835320081973,106.57992643438381
2026-06-01,WS-f575dcdea0dc,AEG?,strong_4m,19.081957755435273,105.11442402965052
2026-06-02,WS-f575dcdea0dc,AEG?,strong_4m,20.118449332803436,116.13130631221098
2026-06-03,WS-f575dcdea0dc,AEG?,strong_4m,21.584778662144135,131.71693957884222
2026-06-04,WS-f575dcdea0dc,AEG?,strong_4m,21.897986971660927,135.0460347217356
2026-06-05,WS-f575dcdea0dc,AEG?,strong_4m,21.79751487581854,133.97811552514324
2026-06-06,WS-f575dcdea0dc,AEG?,strong_4m,21.652616325258524,132.43798697100036
2026-06-07,WS-f575dcdea0dc,AEG?,strong_4m,21.527983558765204,131.11326369587908
2026-06-08,WS-f575dcdea0dc,AEG?,strong_4m,21.347242328009276,129.19216283377736
2026-06-09,WS-f575dcdea0dc,AEG?,strong_4m,21.229445812032758,127.94010215316455
2026-06-10,WS-f575dcdea0dc,AEG?,strong_4m,21.233912333817297,127.98757687055465
2026-06-11,WS-f575dcdea0dc,AEG?,strong_4m,21.50641870931966,130.884050634268
2026-06-12,WS-f575dcdea0dc,AEG?,strong_4m,21.44844616551426,130.2678597218957
2026-06-13,WS-f575dcdea0dc,AEG?,strong_4m,21.33169603374203,129.02692107242396
2026-06-14,WS-f575dcdea0dc,AEG?,strong_4m,21.39107379430022,129.65804805170214
2026-06-15,WS-f575dcdea0dc,AEG?,strong_4m,21.228842384592546,127.9336883151556
2026-06-16,WS-f575dcdea0dc,AEG?,strong_4m,21.06558837185524,126.19845931787869
2026-06-17,WS-f575dcdea0dc,AEG?,strong_4m,21.30284584840574,128.7202720820993
2026-06-18,WS-f575dcdea0dc,AEG?,strong_4m,21.15817222940713,127.18253432841028
2026-06-19,WS-f575dcdea0dc,AEG?,strong_4m,21.923804159804067,135.32044594595595
2026-06-20,WS-f575dcdea0dc,AEG?,strong_4m,22.973875553524376,146.48166827086413
2026-06-21,WS-f575dcdea0dc,AEG?,strong_4m,23.094456112345302,147.76332057861234
2026-06-22,WS-f575dcdea0dc,AEG?,strong_4m,23.17588567278496,148.62883642193668
2026-06-23,WS-f575dcdea0dc,AEG?,strong_4m,23.015142234317068,146.92029235080068
2026-06-24,WS-f575dcdea0dc,AEG?,strong_4m,22.831311870518675,144.9663570539316
2026-06-25,WS-f575dcdea0dc,AEG?,strong_4m,22.649926319691417,143.03840770551977
2026-06-26,WS-f575dcdea0dc,AEG?,strong_4m,22.47095306756322,141.1360987109499
2026-06-27,WS-f575dcdea0dc,AEG?,strong_4m,22.318313093081162,139.51368646255347
2026-06-28,WS-f575dcdea0dc,AEG?,strong_4m,22.213124423410118,138.3956347421839
2026-06-29,WS-f575dcdea0dc,AEG?,strong_4m,22.10800574369212,137.27832694592385
2026-06-30,WS-f575dcdea0dc,AEG?,strong_4m,22.551533683341592,141.99259111057046
2026-07-01,WS-f575dcdea0dc,AEG?,strong_4m,23.803646813851845,155.30131764967666
2026-07-02,WS-f575dcdea0dc,AEG?,strong_4m,26.077089582022797,179.46577001954026
2026-07-03,WS-f575dcdea0dc,AEG?,strong_4m,26.276595896119222,181.5863251933786
2026-07-04,WS-f575dcdea0dc,AEG?,strong_4m,26.101967462805053,179.7301973337628
2026-07-05,WS-f575dcdea0dc,AEG?,strong_4m,25.87873759229451,177.35748417423042
2026-07-06,WS-f575dcdea0dc,AEG?,strong_4m,25.6417732432207,174.83878706572276
2026-07-07,WS-f575dcdea0dc,AEG?,strong_4m,25.39333760902883,172.1981615204243
2026-07-08,WS-f575dcdea0dc,AEG?,strong_4m,25.192491335426805,170.0633638997983
2026-07-09,WS-f575dcdea0dc,AEG?,strong_4m,25.001350640053122,168.0317269947638
2026-07-10,WS-f575dcdea0dc,AEG?,strong_4m,24.79110511842453,165.7970246461937
2026-07-11,WS-f575dcdea0dc,AEG?,strong_4m,24.590690316480124,163.66681314335585
2026-07-12,WS-f575dcdea0dc,AEG?,strong_4m,25.222788434077874,170.38539215032154
2026-07-13,WS-f575dcdea0dc,AEG?,strong_4m,25.33417777237081,171.56935085707877
2026-07-14,WS-f575dcdea0dc,AEG?,strong_4m,25.317964975499567,171.3970248309908
2026-07-15,WS-f575dcdea0dc,AEG?,strong_4m,25.250476111809892,170.67968483239588
2026-07-16,WS-f575dcdea0dc,AEG?,strong_4m,25.00795031729574,168.10187504890376
2026-07-17,WS-f575dcdea0dc,AEG?,strong_4m,24.77121691684272,165.5856326962514
2026-07-18,WS-f575dcdea0dc,AEG?,strong_4m,24.507826931765575,162.78605716340596
2026-07-19,WS-f575dcdea0dc,AEG?,strong_4m,24.241983260227993,159.96040136567157
2026-07-20,WS-f575dcdea0dc,AEG?,strong_4m,23.989999031117133,157.28205775942152
2026-07-21,WS-f575dcdea0dc,AEG?,strong_4m,23.746490509898475,154.69380256117068
2026-07-22,WS-f575dcdea0dc,AEG?,strong_4m,23.52667971396571,152.3574307892204
2026-07-23,WS-f575dcdea0dc,AEG?,strong_4m,23.41680929555874,151.18961670143133
2026-07-24,WS-f575dcdea0dc,AEG?,strong_4m,23.208392567686584,148.97435262517695
2026-07-25,WS-f575dcdea0dc,AEG?,strong_4m,22.996708773753344,146.72436286181588
2026-07-26,WS-f575dcdea0dc,AEG?,strong_4m,22.78822208295246,144.5083551486938
2026-07-27,WS-f575dcdea0dc,AEG?,strong_4m,22.570621515371254,142.19547592226766
2026-07-28,WS-f575dcdea0dc,AEG?,strong_4m,22.368570106568672,140.0478689041232
2026-07-29,WS-f575dcdea0dc,AEG?,strong_4m,22.37342490172647,140.09947058418234
2026-07-30,WS-f575dcdea0dc,AEG?,strong_4m,22.186240357430872,138.10988365974677
2026-07-31,WS-f575dcdea0dc,AEG?,strong_4m,21.978274603187725,135.89941298798476
2026-08-01,WS-f575dcdea0dc,AEG?,strong_4m,21.756339140543876,133.54045810628543
2026-08-02,WS-f575dcdea0dc,AEG?,strong_4m,21.560920013382603,131.4633456948531
2026-08-03,WS-f575dcdea0dc,AEG?,strong_4m,21.396429769873315,129.7149767848298
2026-08-04,WS-f575dcdea0dc,AEG?,strong_4m,21.2396308077868,128.04835860379154
2026-08-05,WS-f575dcdea0dc,AEG?,strong_4m,21.18867055407407,127.50670141283965
2026-08-06,WS-f575dcdea0dc,AEG?,strong_4m,21.077117228899564,126.32099968741291
2026-08-07,WS-f575dcdea0dc,AEG?,strong_4m,20.908341867630487,124.52708420570744
2026-08-08,WS-f575dcdea0dc,AEG?,strong_4m,20.726112643255284,122.59016744032324
2026-08-09,WS-f575dcdea0dc,AEG?,strong_4m,20.67955500561119,122.0953057120866
2026-08-10,WS-f575dcdea0dc,AEG?,strong_4m,22.677052123712485,143.32672822470693
2026-08-11,WS-f575dcdea0dc,AEG?,strong_4m,23.103489248588392,147.85933389970958
2026-08-12,WS-f575dcdea0dc,AEG?,strong_4m,22.986051003729976,146.61108128741066
2026-08-13,WS-f575dcdea0dc,AEG?,strong_4m,22.89076972392474,145.5983353411181
2026-08-14,WS-f575dcdea0dc,AEG?,strong_4m,22.677705458518,143.3336725287424
2026-08-15,WS-f575dcdea0dc,AEG?,strong_4m,22.44971071493024,140.91031347209983
2026-08-16,WS-f575dcdea0dc,AEG?,strong_4m,22.243506761033196,138.71856899883494
2026-08-17,WS-f575dcdea0dc,AEG?,strong_4m,22.12459366796909,137.4546402060233
2026-08-18,WS-f575dcdea0dc,AEG?,strong_4m,21.900118385140868,135.06868954297747
2026-08-19,WS-f575dcdea0dc,AEG?,strong_4m,21.66807790348145,132.6023282844311
2026-08-20,WS-f575dcdea0dc,AEG?,strong_4m,21.471577003645084,130.5137176973472
2026-08-21,WS-f575dcdea0dc,AEG?,strong_4m,21.55003623421346,131.34766186633587
2026-08-22,WS-f575dcdea0dc,AEG?,strong_4m,21.307669416246643,128.77154184660634
2026-08-23,WS-f575dcdea0dc,AEG?,strong_4m,21.09737438195084,126.53631322726082
2026-08-24,WS-f575dcdea0dc,AEG?,strong_4m,20.858516804398946,123.99749296895392
2026-08-25,WS-f575dcdea0dc,AEG?,strong_4m,21.444234161157222,130.22309027351008
2026-08-26,WS-f575dcdea0dc,AEG?,strong_4m,23.18506328419154,148.72638537140142
2026-08-27,WS-f575dcdea0dc,AEG?,strong_4m,24.017813599815685,157.5776991672082
2026-08-28,WS-f575dcdea0dc,AEG?,strong_4m,23.74965020201564,154.7273869692489
2026-08-29,WS-f575dcdea0dc,AEG?,strong_4m,23.457577453175293,151.6229419721286
2026-08-30,WS-f575dcdea0dc,AEG?,strong_4m,23.152065207180506,148.3756483872144
2026-08-31,WS-f575dcdea0dc,AEG?,strong_4m,22.834209790389675,144.9971590814446
2026-09-01,WS-f575dcdea0dc,AEG?,strong_4m,22.55125486479756,141.9896275446864
2026-09-02,WS-f575dcdea0dc,AEG?,strong_4m,22.271772851033415,139.01900963233373
2026-09-03,WS-f575dcdea0dc,AEG?,strong_4m,22.45508458907476,140.96743244937298
2026-09-04,WS-f575dcdea0dc,AEG?,strong_4m,22.236834831252775,138.6476529715431
2026-09-05,WS-f575dcdea0dc,AEG?,strong_4m,22.12242464099009,137.43158559041703
2026-09-06,WS-f575dcdea0dc,AEG?,strong_4m,22.38287506622994,140.1999165040131
2026-09-07,WS-f575dcdea0dc,AEG?,strong_4m,22.11822524694066,137.38695017715287
2026-09-08,WS-f575dcdea0dc,AEG?,strong_4m,21.803937008182057,134.0463764524839
2026-09-09,WS-f575dcdea0dc,AEG?,strong_4m,21.596402624606075,131.84049082508122
2026-09-10,WS-f575dcdea0dc,AEG?,strong_4m,21.297187805777423,128.6601326743637
2026-09-11,WS-f575dcdea0dc,AEG?,strong_4m,21.032485489367136,125.84660835493028
2026-09-12,WS-f575dcdea0dc,AEG?,strong_4m,20.75755300970049,122.9243474989079
2026-09-13,WS-f575dcdea0dc,AEG?,strong_4m,20.48900468638006,120.06994392265071
2026-09-14,WS-f575dcdea0dc,AEG?,strong_4m,20.247070070370434,117.49841778307284
2026-09-15,WS-f575dcdea0dc,AEG?,strong_4m,20.034492414818242,115.23892715308835
2026-09-16,WS-f575dcdea0dc,AEG?,strong_4m,19.743618357644483,112.14722306508129
2026-09-17,WS-f575dcdea0dc,AEG?,strong_4m,19.479581240251758,109.34076915454554
2026-09-18,WS-f575dcdea0dc,AEG?,strong_4m,19.198955476339165,106.3579943071813
2026-09-19,WS-f575dcdea0dc,AEG?,strong_4m,18.907934418787374,103.26472775026889
2026-09-20,WS-f575dcdea0dc,AEG?,strong_4m,18.612233021577946,100.12171380304817
2026-09-21,WS-f575dcdea0dc,AEG?,strong_4m,18.300043339257797,96.80344566170528
2026-09-22,WS-f575dcdea0dc,AEG?,strong_4m,18.096774943315513,94.64290327162894
2026-09-23,WS-f575dcdea0dc,AEG?,strong_4m,17.865918427012556,92.18912639605641
2026-09-24,WS-f575dcdea0dc,AEG?,strong_4m,17.613666800481607,89.50794061919527
2026-09-25,WS-f575dcdea0dc,AEG?,strong_4m,17.387740210566495,87.1065639944907
2026-09-26,WS-f575dcdea0dc,AEG?,strong_4m,17.116133088509702,84.21964840719514
2026-09-27,WS-f575dcdea0dc,AEG?,strong_4m,16.96430171294037,82.60583076702301
2026-09-28,WS-f575dcdea0dc,AEG?,strong_4m,16.759301591197097,80.42688184117563
